--
-- PostgreSQL database dump
--

-- Dumped from database version 11.8 (Ubuntu 11.8-1.pgdg18.04+1)
-- Dumped by pg_dump version 11.8 (Ubuntu 11.8-1.pgdg18.04+1)

-- Started on 2020-10-15 23:37:35 -03

SET statement_timeout = 0;
SET lock_timeout = 0;
SET idle_in_transaction_session_timeout = 0;
SET client_encoding = 'UTF8';
SET standard_conforming_strings = on;
SELECT pg_catalog.set_config('search_path', '', false);
SET check_function_bodies = false;
SET xmloption = content;
SET client_min_messages = warning;
SET row_security = off;

SET default_tablespace = '';

SET default_with_oids = false;

--
-- TOC entry 213 (class 1259 OID 71501)
-- Name: account_emailaddress; Type: TABLE; Schema: public; Owner: admin4
--

CREATE TABLE public.account_emailaddress (
    id integer NOT NULL,
    email character varying(254) NOT NULL,
    verified boolean NOT NULL,
    "primary" boolean NOT NULL,
    user_id integer NOT NULL
);


ALTER TABLE public.account_emailaddress OWNER TO admin4;

--
-- TOC entry 212 (class 1259 OID 71499)
-- Name: account_emailaddress_id_seq; Type: SEQUENCE; Schema: public; Owner: admin4
--

CREATE SEQUENCE public.account_emailaddress_id_seq
    AS integer
    START WITH 1
    INCREMENT BY 1
    NO MINVALUE
    NO MAXVALUE
    CACHE 1;


ALTER TABLE public.account_emailaddress_id_seq OWNER TO admin4;

--
-- TOC entry 3726 (class 0 OID 0)
-- Dependencies: 212
-- Name: account_emailaddress_id_seq; Type: SEQUENCE OWNED BY; Schema: public; Owner: admin4
--

ALTER SEQUENCE public.account_emailaddress_id_seq OWNED BY public.account_emailaddress.id;


--
-- TOC entry 215 (class 1259 OID 71511)
-- Name: account_emailconfirmation; Type: TABLE; Schema: public; Owner: admin4
--

CREATE TABLE public.account_emailconfirmation (
    id integer NOT NULL,
    created timestamp with time zone NOT NULL,
    sent timestamp with time zone,
    key character varying(64) NOT NULL,
    email_address_id integer NOT NULL
);


ALTER TABLE public.account_emailconfirmation OWNER TO admin4;

--
-- TOC entry 214 (class 1259 OID 71509)
-- Name: account_emailconfirmation_id_seq; Type: SEQUENCE; Schema: public; Owner: admin4
--

CREATE SEQUENCE public.account_emailconfirmation_id_seq
    AS integer
    START WITH 1
    INCREMENT BY 1
    NO MINVALUE
    NO MAXVALUE
    CACHE 1;


ALTER TABLE public.account_emailconfirmation_id_seq OWNER TO admin4;

--
-- TOC entry 3727 (class 0 OID 0)
-- Dependencies: 214
-- Name: account_emailconfirmation_id_seq; Type: SEQUENCE OWNED BY; Schema: public; Owner: admin4
--

ALTER SEQUENCE public.account_emailconfirmation_id_seq OWNED BY public.account_emailconfirmation.id;


--
-- TOC entry 203 (class 1259 OID 71405)
-- Name: auth_group; Type: TABLE; Schema: public; Owner: admin4
--

CREATE TABLE public.auth_group (
    id integer NOT NULL,
    name character varying(150) NOT NULL
);


ALTER TABLE public.auth_group OWNER TO admin4;

--
-- TOC entry 202 (class 1259 OID 71403)
-- Name: auth_group_id_seq; Type: SEQUENCE; Schema: public; Owner: admin4
--

CREATE SEQUENCE public.auth_group_id_seq
    AS integer
    START WITH 1
    INCREMENT BY 1
    NO MINVALUE
    NO MAXVALUE
    CACHE 1;


ALTER TABLE public.auth_group_id_seq OWNER TO admin4;

--
-- TOC entry 3728 (class 0 OID 0)
-- Dependencies: 202
-- Name: auth_group_id_seq; Type: SEQUENCE OWNED BY; Schema: public; Owner: admin4
--

ALTER SEQUENCE public.auth_group_id_seq OWNED BY public.auth_group.id;


--
-- TOC entry 205 (class 1259 OID 71415)
-- Name: auth_group_permissions; Type: TABLE; Schema: public; Owner: admin4
--

CREATE TABLE public.auth_group_permissions (
    id integer NOT NULL,
    group_id integer NOT NULL,
    permission_id integer NOT NULL
);


ALTER TABLE public.auth_group_permissions OWNER TO admin4;

--
-- TOC entry 204 (class 1259 OID 71413)
-- Name: auth_group_permissions_id_seq; Type: SEQUENCE; Schema: public; Owner: admin4
--

CREATE SEQUENCE public.auth_group_permissions_id_seq
    AS integer
    START WITH 1
    INCREMENT BY 1
    NO MINVALUE
    NO MAXVALUE
    CACHE 1;


ALTER TABLE public.auth_group_permissions_id_seq OWNER TO admin4;

--
-- TOC entry 3729 (class 0 OID 0)
-- Dependencies: 204
-- Name: auth_group_permissions_id_seq; Type: SEQUENCE OWNED BY; Schema: public; Owner: admin4
--

ALTER SEQUENCE public.auth_group_permissions_id_seq OWNED BY public.auth_group_permissions.id;


--
-- TOC entry 201 (class 1259 OID 71397)
-- Name: auth_permission; Type: TABLE; Schema: public; Owner: admin4
--

CREATE TABLE public.auth_permission (
    id integer NOT NULL,
    name character varying(255) NOT NULL,
    content_type_id integer NOT NULL,
    codename character varying(100) NOT NULL
);


ALTER TABLE public.auth_permission OWNER TO admin4;

--
-- TOC entry 200 (class 1259 OID 71395)
-- Name: auth_permission_id_seq; Type: SEQUENCE; Schema: public; Owner: admin4
--

CREATE SEQUENCE public.auth_permission_id_seq
    AS integer
    START WITH 1
    INCREMENT BY 1
    NO MINVALUE
    NO MAXVALUE
    CACHE 1;


ALTER TABLE public.auth_permission_id_seq OWNER TO admin4;

--
-- TOC entry 3730 (class 0 OID 0)
-- Dependencies: 200
-- Name: auth_permission_id_seq; Type: SEQUENCE OWNED BY; Schema: public; Owner: admin4
--

ALTER SEQUENCE public.auth_permission_id_seq OWNED BY public.auth_permission.id;


--
-- TOC entry 207 (class 1259 OID 71423)
-- Name: auth_user; Type: TABLE; Schema: public; Owner: admin4
--

CREATE TABLE public.auth_user (
    id integer NOT NULL,
    password character varying(128) NOT NULL,
    last_login timestamp with time zone,
    is_superuser boolean NOT NULL,
    username character varying(150) NOT NULL,
    first_name character varying(30) NOT NULL,
    last_name character varying(150) NOT NULL,
    email character varying(254) NOT NULL,
    is_staff boolean NOT NULL,
    is_active boolean NOT NULL,
    date_joined timestamp with time zone NOT NULL
);


ALTER TABLE public.auth_user OWNER TO admin4;

--
-- TOC entry 209 (class 1259 OID 71433)
-- Name: auth_user_groups; Type: TABLE; Schema: public; Owner: admin4
--

CREATE TABLE public.auth_user_groups (
    id integer NOT NULL,
    user_id integer NOT NULL,
    group_id integer NOT NULL
);


ALTER TABLE public.auth_user_groups OWNER TO admin4;

--
-- TOC entry 208 (class 1259 OID 71431)
-- Name: auth_user_groups_id_seq; Type: SEQUENCE; Schema: public; Owner: admin4
--

CREATE SEQUENCE public.auth_user_groups_id_seq
    AS integer
    START WITH 1
    INCREMENT BY 1
    NO MINVALUE
    NO MAXVALUE
    CACHE 1;


ALTER TABLE public.auth_user_groups_id_seq OWNER TO admin4;

--
-- TOC entry 3731 (class 0 OID 0)
-- Dependencies: 208
-- Name: auth_user_groups_id_seq; Type: SEQUENCE OWNED BY; Schema: public; Owner: admin4
--

ALTER SEQUENCE public.auth_user_groups_id_seq OWNED BY public.auth_user_groups.id;


--
-- TOC entry 206 (class 1259 OID 71421)
-- Name: auth_user_id_seq; Type: SEQUENCE; Schema: public; Owner: admin4
--

CREATE SEQUENCE public.auth_user_id_seq
    AS integer
    START WITH 1
    INCREMENT BY 1
    NO MINVALUE
    NO MAXVALUE
    CACHE 1;


ALTER TABLE public.auth_user_id_seq OWNER TO admin4;

--
-- TOC entry 3732 (class 0 OID 0)
-- Dependencies: 206
-- Name: auth_user_id_seq; Type: SEQUENCE OWNED BY; Schema: public; Owner: admin4
--

ALTER SEQUENCE public.auth_user_id_seq OWNED BY public.auth_user.id;


--
-- TOC entry 211 (class 1259 OID 71441)
-- Name: auth_user_user_permissions; Type: TABLE; Schema: public; Owner: admin4
--

CREATE TABLE public.auth_user_user_permissions (
    id integer NOT NULL,
    user_id integer NOT NULL,
    permission_id integer NOT NULL
);


ALTER TABLE public.auth_user_user_permissions OWNER TO admin4;

--
-- TOC entry 210 (class 1259 OID 71439)
-- Name: auth_user_user_permissions_id_seq; Type: SEQUENCE; Schema: public; Owner: admin4
--

CREATE SEQUENCE public.auth_user_user_permissions_id_seq
    AS integer
    START WITH 1
    INCREMENT BY 1
    NO MINVALUE
    NO MAXVALUE
    CACHE 1;


ALTER TABLE public.auth_user_user_permissions_id_seq OWNER TO admin4;

--
-- TOC entry 3733 (class 0 OID 0)
-- Dependencies: 210
-- Name: auth_user_user_permissions_id_seq; Type: SEQUENCE OWNED BY; Schema: public; Owner: admin4
--

ALTER SEQUENCE public.auth_user_user_permissions_id_seq OWNED BY public.auth_user_user_permissions.id;


--
-- TOC entry 217 (class 1259 OID 71538)
-- Name: django_admin_log; Type: TABLE; Schema: public; Owner: admin4
--

CREATE TABLE public.django_admin_log (
    id integer NOT NULL,
    action_time timestamp with time zone NOT NULL,
    object_id text,
    object_repr character varying(200) NOT NULL,
    action_flag smallint NOT NULL,
    change_message text NOT NULL,
    content_type_id integer,
    user_id integer NOT NULL,
    CONSTRAINT django_admin_log_action_flag_check CHECK ((action_flag >= 0))
);


ALTER TABLE public.django_admin_log OWNER TO admin4;

--
-- TOC entry 216 (class 1259 OID 71536)
-- Name: django_admin_log_id_seq; Type: SEQUENCE; Schema: public; Owner: admin4
--

CREATE SEQUENCE public.django_admin_log_id_seq
    AS integer
    START WITH 1
    INCREMENT BY 1
    NO MINVALUE
    NO MAXVALUE
    CACHE 1;


ALTER TABLE public.django_admin_log_id_seq OWNER TO admin4;

--
-- TOC entry 3734 (class 0 OID 0)
-- Dependencies: 216
-- Name: django_admin_log_id_seq; Type: SEQUENCE OWNED BY; Schema: public; Owner: admin4
--

ALTER SEQUENCE public.django_admin_log_id_seq OWNED BY public.django_admin_log.id;


--
-- TOC entry 199 (class 1259 OID 71387)
-- Name: django_content_type; Type: TABLE; Schema: public; Owner: admin4
--

CREATE TABLE public.django_content_type (
    id integer NOT NULL,
    app_label character varying(100) NOT NULL,
    model character varying(100) NOT NULL
);


ALTER TABLE public.django_content_type OWNER TO admin4;

--
-- TOC entry 198 (class 1259 OID 71385)
-- Name: django_content_type_id_seq; Type: SEQUENCE; Schema: public; Owner: admin4
--

CREATE SEQUENCE public.django_content_type_id_seq
    AS integer
    START WITH 1
    INCREMENT BY 1
    NO MINVALUE
    NO MAXVALUE
    CACHE 1;


ALTER TABLE public.django_content_type_id_seq OWNER TO admin4;

--
-- TOC entry 3735 (class 0 OID 0)
-- Dependencies: 198
-- Name: django_content_type_id_seq; Type: SEQUENCE OWNED BY; Schema: public; Owner: admin4
--

ALTER SEQUENCE public.django_content_type_id_seq OWNED BY public.django_content_type.id;


--
-- TOC entry 197 (class 1259 OID 71376)
-- Name: django_migrations; Type: TABLE; Schema: public; Owner: admin4
--

CREATE TABLE public.django_migrations (
    id integer NOT NULL,
    app character varying(255) NOT NULL,
    name character varying(255) NOT NULL,
    applied timestamp with time zone NOT NULL
);


ALTER TABLE public.django_migrations OWNER TO admin4;

--
-- TOC entry 196 (class 1259 OID 71374)
-- Name: django_migrations_id_seq; Type: SEQUENCE; Schema: public; Owner: admin4
--

CREATE SEQUENCE public.django_migrations_id_seq
    AS integer
    START WITH 1
    INCREMENT BY 1
    NO MINVALUE
    NO MAXVALUE
    CACHE 1;


ALTER TABLE public.django_migrations_id_seq OWNER TO admin4;

--
-- TOC entry 3736 (class 0 OID 0)
-- Dependencies: 196
-- Name: django_migrations_id_seq; Type: SEQUENCE OWNED BY; Schema: public; Owner: admin4
--

ALTER SEQUENCE public.django_migrations_id_seq OWNED BY public.django_migrations.id;


--
-- TOC entry 284 (class 1259 OID 72198)
-- Name: django_session; Type: TABLE; Schema: public; Owner: admin4
--

CREATE TABLE public.django_session (
    session_key character varying(40) NOT NULL,
    session_data text NOT NULL,
    expire_date timestamp with time zone NOT NULL
);


ALTER TABLE public.django_session OWNER TO admin4;

--
-- TOC entry 286 (class 1259 OID 72210)
-- Name: django_site; Type: TABLE; Schema: public; Owner: admin4
--

CREATE TABLE public.django_site (
    id integer NOT NULL,
    domain character varying(100) NOT NULL,
    name character varying(50) NOT NULL
);


ALTER TABLE public.django_site OWNER TO admin4;

--
-- TOC entry 285 (class 1259 OID 72208)
-- Name: django_site_id_seq; Type: SEQUENCE; Schema: public; Owner: admin4
--

CREATE SEQUENCE public.django_site_id_seq
    AS integer
    START WITH 1
    INCREMENT BY 1
    NO MINVALUE
    NO MAXVALUE
    CACHE 1;


ALTER TABLE public.django_site_id_seq OWNER TO admin4;

--
-- TOC entry 3737 (class 0 OID 0)
-- Dependencies: 285
-- Name: django_site_id_seq; Type: SEQUENCE OWNED BY; Schema: public; Owner: admin4
--

ALTER SEQUENCE public.django_site_id_seq OWNED BY public.django_site.id;


--
-- TOC entry 219 (class 1259 OID 71571)
-- Name: guardian_groupobjectpermission; Type: TABLE; Schema: public; Owner: admin4
--

CREATE TABLE public.guardian_groupobjectpermission (
    id integer NOT NULL,
    object_pk character varying(255) NOT NULL,
    content_type_id integer NOT NULL,
    group_id integer NOT NULL,
    permission_id integer NOT NULL
);


ALTER TABLE public.guardian_groupobjectpermission OWNER TO admin4;

--
-- TOC entry 218 (class 1259 OID 71569)
-- Name: guardian_groupobjectpermission_id_seq; Type: SEQUENCE; Schema: public; Owner: admin4
--

CREATE SEQUENCE public.guardian_groupobjectpermission_id_seq
    AS integer
    START WITH 1
    INCREMENT BY 1
    NO MINVALUE
    NO MAXVALUE
    CACHE 1;


ALTER TABLE public.guardian_groupobjectpermission_id_seq OWNER TO admin4;

--
-- TOC entry 3738 (class 0 OID 0)
-- Dependencies: 218
-- Name: guardian_groupobjectpermission_id_seq; Type: SEQUENCE OWNED BY; Schema: public; Owner: admin4
--

ALTER SEQUENCE public.guardian_groupobjectpermission_id_seq OWNED BY public.guardian_groupobjectpermission.id;


--
-- TOC entry 221 (class 1259 OID 71579)
-- Name: guardian_userobjectpermission; Type: TABLE; Schema: public; Owner: admin4
--

CREATE TABLE public.guardian_userobjectpermission (
    id integer NOT NULL,
    object_pk character varying(255) NOT NULL,
    content_type_id integer NOT NULL,
    permission_id integer NOT NULL,
    user_id integer NOT NULL
);


ALTER TABLE public.guardian_userobjectpermission OWNER TO admin4;

--
-- TOC entry 220 (class 1259 OID 71577)
-- Name: guardian_userobjectpermission_id_seq; Type: SEQUENCE; Schema: public; Owner: admin4
--

CREATE SEQUENCE public.guardian_userobjectpermission_id_seq
    AS integer
    START WITH 1
    INCREMENT BY 1
    NO MINVALUE
    NO MAXVALUE
    CACHE 1;


ALTER TABLE public.guardian_userobjectpermission_id_seq OWNER TO admin4;

--
-- TOC entry 3739 (class 0 OID 0)
-- Dependencies: 220
-- Name: guardian_userobjectpermission_id_seq; Type: SEQUENCE OWNED BY; Schema: public; Owner: admin4
--

ALTER SEQUENCE public.guardian_userobjectpermission_id_seq OWNED BY public.guardian_userobjectpermission.id;


--
-- TOC entry 223 (class 1259 OID 71629)
-- Name: perms_permisos; Type: TABLE; Schema: public; Owner: admin4
--

CREATE TABLE public.perms_permisos (
    id integer NOT NULL
);


ALTER TABLE public.perms_permisos OWNER TO admin4;

--
-- TOC entry 222 (class 1259 OID 71627)
-- Name: perms_permisos_id_seq; Type: SEQUENCE; Schema: public; Owner: admin4
--

CREATE SEQUENCE public.perms_permisos_id_seq
    AS integer
    START WITH 1
    INCREMENT BY 1
    NO MINVALUE
    NO MAXVALUE
    CACHE 1;


ALTER TABLE public.perms_permisos_id_seq OWNER TO admin4;

--
-- TOC entry 3740 (class 0 OID 0)
-- Dependencies: 222
-- Name: perms_permisos_id_seq; Type: SEQUENCE OWNED BY; Schema: public; Owner: admin4
--

ALTER SEQUENCE public.perms_permisos_id_seq OWNED BY public.perms_permisos.id;


--
-- TOC entry 225 (class 1259 OID 71637)
-- Name: proyecto_campoextra; Type: TABLE; Schema: public; Owner: admin4
--

CREATE TABLE public.proyecto_campoextra (
    id integer NOT NULL,
    titulo character varying(40) NOT NULL
);


ALTER TABLE public.proyecto_campoextra OWNER TO admin4;

--
-- TOC entry 224 (class 1259 OID 71635)
-- Name: proyecto_campoextra_id_seq; Type: SEQUENCE; Schema: public; Owner: admin4
--

CREATE SEQUENCE public.proyecto_campoextra_id_seq
    AS integer
    START WITH 1
    INCREMENT BY 1
    NO MINVALUE
    NO MAXVALUE
    CACHE 1;


ALTER TABLE public.proyecto_campoextra_id_seq OWNER TO admin4;

--
-- TOC entry 3741 (class 0 OID 0)
-- Dependencies: 224
-- Name: proyecto_campoextra_id_seq; Type: SEQUENCE OWNED BY; Schema: public; Owner: admin4
--

ALTER SEQUENCE public.proyecto_campoextra_id_seq OWNED BY public.proyecto_campoextra.id;


--
-- TOC entry 279 (class 1259 OID 71872)
-- Name: proyecto_campoextravalores; Type: TABLE; Schema: public; Owner: admin4
--

CREATE TABLE public.proyecto_campoextravalores (
    id integer NOT NULL,
    valor character varying(40) NOT NULL,
    "campoExtra_id" integer NOT NULL
);


ALTER TABLE public.proyecto_campoextravalores OWNER TO admin4;

--
-- TOC entry 278 (class 1259 OID 71870)
-- Name: proyecto_campoextravalores_id_seq; Type: SEQUENCE; Schema: public; Owner: admin4
--

CREATE SEQUENCE public.proyecto_campoextravalores_id_seq
    AS integer
    START WITH 1
    INCREMENT BY 1
    NO MINVALUE
    NO MAXVALUE
    CACHE 1;


ALTER TABLE public.proyecto_campoextravalores_id_seq OWNER TO admin4;

--
-- TOC entry 3742 (class 0 OID 0)
-- Dependencies: 278
-- Name: proyecto_campoextravalores_id_seq; Type: SEQUENCE OWNED BY; Schema: public; Owner: admin4
--

ALTER SEQUENCE public.proyecto_campoextravalores_id_seq OWNED BY public.proyecto_campoextravalores.id;


--
-- TOC entry 227 (class 1259 OID 71645)
-- Name: proyecto_fase; Type: TABLE; Schema: public; Owner: admin4
--

CREATE TABLE public.proyecto_fase (
    id integer NOT NULL,
    nombre character varying(40) NOT NULL,
    descripcion character varying(200) NOT NULL,
    estado character varying(40) NOT NULL
);


ALTER TABLE public.proyecto_fase OWNER TO admin4;

--
-- TOC entry 226 (class 1259 OID 71643)
-- Name: proyecto_fase_id_seq; Type: SEQUENCE; Schema: public; Owner: admin4
--

CREATE SEQUENCE public.proyecto_fase_id_seq
    AS integer
    START WITH 1
    INCREMENT BY 1
    NO MINVALUE
    NO MAXVALUE
    CACHE 1;


ALTER TABLE public.proyecto_fase_id_seq OWNER TO admin4;

--
-- TOC entry 3743 (class 0 OID 0)
-- Dependencies: 226
-- Name: proyecto_fase_id_seq; Type: SEQUENCE OWNED BY; Schema: public; Owner: admin4
--

ALTER SEQUENCE public.proyecto_fase_id_seq OWNED BY public.proyecto_fase.id;


--
-- TOC entry 273 (class 1259 OID 71848)
-- Name: proyecto_fase_items; Type: TABLE; Schema: public; Owner: admin4
--

CREATE TABLE public.proyecto_fase_items (
    id integer NOT NULL,
    fase_id integer NOT NULL,
    item_id integer NOT NULL
);


ALTER TABLE public.proyecto_fase_items OWNER TO admin4;

--
-- TOC entry 272 (class 1259 OID 71846)
-- Name: proyecto_fase_items_id_seq; Type: SEQUENCE; Schema: public; Owner: admin4
--

CREATE SEQUENCE public.proyecto_fase_items_id_seq
    AS integer
    START WITH 1
    INCREMENT BY 1
    NO MINVALUE
    NO MAXVALUE
    CACHE 1;


ALTER TABLE public.proyecto_fase_items_id_seq OWNER TO admin4;

--
-- TOC entry 3744 (class 0 OID 0)
-- Dependencies: 272
-- Name: proyecto_fase_items_id_seq; Type: SEQUENCE OWNED BY; Schema: public; Owner: admin4
--

ALTER SEQUENCE public.proyecto_fase_items_id_seq OWNED BY public.proyecto_fase_items.id;


--
-- TOC entry 275 (class 1259 OID 71856)
-- Name: proyecto_fase_lineasBase; Type: TABLE; Schema: public; Owner: admin4
--

CREATE TABLE public."proyecto_fase_lineasBase" (
    id integer NOT NULL,
    fase_id integer NOT NULL,
    lineabase_id integer NOT NULL
);


ALTER TABLE public."proyecto_fase_lineasBase" OWNER TO admin4;

--
-- TOC entry 274 (class 1259 OID 71854)
-- Name: proyecto_fase_lineasBase_id_seq; Type: SEQUENCE; Schema: public; Owner: admin4
--

CREATE SEQUENCE public."proyecto_fase_lineasBase_id_seq"
    AS integer
    START WITH 1
    INCREMENT BY 1
    NO MINVALUE
    NO MAXVALUE
    CACHE 1;


ALTER TABLE public."proyecto_fase_lineasBase_id_seq" OWNER TO admin4;

--
-- TOC entry 3745 (class 0 OID 0)
-- Dependencies: 274
-- Name: proyecto_fase_lineasBase_id_seq; Type: SEQUENCE OWNED BY; Schema: public; Owner: admin4
--

ALTER SEQUENCE public."proyecto_fase_lineasBase_id_seq" OWNED BY public."proyecto_fase_lineasBase".id;


--
-- TOC entry 277 (class 1259 OID 71864)
-- Name: proyecto_fase_tipoItem; Type: TABLE; Schema: public; Owner: admin4
--

CREATE TABLE public."proyecto_fase_tipoItem" (
    id integer NOT NULL,
    fase_id integer NOT NULL,
    tipodeitem_id integer NOT NULL
);


ALTER TABLE public."proyecto_fase_tipoItem" OWNER TO admin4;

--
-- TOC entry 276 (class 1259 OID 71862)
-- Name: proyecto_fase_tipoItem_id_seq; Type: SEQUENCE; Schema: public; Owner: admin4
--

CREATE SEQUENCE public."proyecto_fase_tipoItem_id_seq"
    AS integer
    START WITH 1
    INCREMENT BY 1
    NO MINVALUE
    NO MAXVALUE
    CACHE 1;


ALTER TABLE public."proyecto_fase_tipoItem_id_seq" OWNER TO admin4;

--
-- TOC entry 3746 (class 0 OID 0)
-- Dependencies: 276
-- Name: proyecto_fase_tipoItem_id_seq; Type: SEQUENCE OWNED BY; Schema: public; Owner: admin4
--

ALTER SEQUENCE public."proyecto_fase_tipoItem_id_seq" OWNED BY public."proyecto_fase_tipoItem".id;


--
-- TOC entry 229 (class 1259 OID 71653)
-- Name: proyecto_faseuser; Type: TABLE; Schema: public; Owner: admin4
--

CREATE TABLE public.proyecto_faseuser (
    id integer NOT NULL,
    fase_id integer NOT NULL,
    user_id integer NOT NULL
);


ALTER TABLE public.proyecto_faseuser OWNER TO admin4;

--
-- TOC entry 228 (class 1259 OID 71651)
-- Name: proyecto_faseuser_id_seq; Type: SEQUENCE; Schema: public; Owner: admin4
--

CREATE SEQUENCE public.proyecto_faseuser_id_seq
    AS integer
    START WITH 1
    INCREMENT BY 1
    NO MINVALUE
    NO MAXVALUE
    CACHE 1;


ALTER TABLE public.proyecto_faseuser_id_seq OWNER TO admin4;

--
-- TOC entry 3747 (class 0 OID 0)
-- Dependencies: 228
-- Name: proyecto_faseuser_id_seq; Type: SEQUENCE OWNED BY; Schema: public; Owner: admin4
--

ALTER SEQUENCE public.proyecto_faseuser_id_seq OWNED BY public.proyecto_faseuser.id;


--
-- TOC entry 271 (class 1259 OID 71840)
-- Name: proyecto_files; Type: TABLE; Schema: public; Owner: admin4
--

CREATE TABLE public.proyecto_files (
    id integer NOT NULL,
    file character varying(100),
    item_id integer NOT NULL
);


ALTER TABLE public.proyecto_files OWNER TO admin4;

--
-- TOC entry 270 (class 1259 OID 71838)
-- Name: proyecto_files_id_seq; Type: SEQUENCE; Schema: public; Owner: admin4
--

CREATE SEQUENCE public.proyecto_files_id_seq
    AS integer
    START WITH 1
    INCREMENT BY 1
    NO MINVALUE
    NO MAXVALUE
    CACHE 1;


ALTER TABLE public.proyecto_files_id_seq OWNER TO admin4;

--
-- TOC entry 3748 (class 0 OID 0)
-- Dependencies: 270
-- Name: proyecto_files_id_seq; Type: SEQUENCE OWNED BY; Schema: public; Owner: admin4
--

ALTER SEQUENCE public.proyecto_files_id_seq OWNED BY public.proyecto_files.id;


--
-- TOC entry 231 (class 1259 OID 71661)
-- Name: proyecto_item; Type: TABLE; Schema: public; Owner: admin4
--

CREATE TABLE public.proyecto_item (
    id integer NOT NULL,
    nombre character varying(100) NOT NULL,
    campo_extra_valores character varying(40)[] NOT NULL,
    fecha character varying(40) NOT NULL,
    estado character varying(40),
    observacion character varying(200) NOT NULL,
    costo integer NOT NULL,
    version integer NOT NULL,
    archivos character varying(40)[] NOT NULL,
    "tipoItem_id" integer NOT NULL,
    faseid integer NOT NULL
);


ALTER TABLE public.proyecto_item OWNER TO admin4;

--
-- TOC entry 230 (class 1259 OID 71659)
-- Name: proyecto_item_id_seq; Type: SEQUENCE; Schema: public; Owner: admin4
--

CREATE SEQUENCE public.proyecto_item_id_seq
    AS integer
    START WITH 1
    INCREMENT BY 1
    NO MINVALUE
    NO MAXVALUE
    CACHE 1;


ALTER TABLE public.proyecto_item_id_seq OWNER TO admin4;

--
-- TOC entry 3749 (class 0 OID 0)
-- Dependencies: 230
-- Name: proyecto_item_id_seq; Type: SEQUENCE OWNED BY; Schema: public; Owner: admin4
--

ALTER SEQUENCE public.proyecto_item_id_seq OWNED BY public.proyecto_item.id;


--
-- TOC entry 263 (class 1259 OID 71803)
-- Name: proyecto_lineabase; Type: TABLE; Schema: public; Owner: admin4
--

CREATE TABLE public.proyecto_lineabase (
    id integer NOT NULL,
    nombre character varying(40) NOT NULL,
    estado character varying(40) NOT NULL,
    creador_id integer
);


ALTER TABLE public.proyecto_lineabase OWNER TO admin4;

--
-- TOC entry 262 (class 1259 OID 71801)
-- Name: proyecto_lineabase_id_seq; Type: SEQUENCE; Schema: public; Owner: admin4
--

CREATE SEQUENCE public.proyecto_lineabase_id_seq
    AS integer
    START WITH 1
    INCREMENT BY 1
    NO MINVALUE
    NO MAXVALUE
    CACHE 1;


ALTER TABLE public.proyecto_lineabase_id_seq OWNER TO admin4;

--
-- TOC entry 3750 (class 0 OID 0)
-- Dependencies: 262
-- Name: proyecto_lineabase_id_seq; Type: SEQUENCE OWNED BY; Schema: public; Owner: admin4
--

ALTER SEQUENCE public.proyecto_lineabase_id_seq OWNED BY public.proyecto_lineabase.id;


--
-- TOC entry 265 (class 1259 OID 71811)
-- Name: proyecto_lineabase_items; Type: TABLE; Schema: public; Owner: admin4
--

CREATE TABLE public.proyecto_lineabase_items (
    id integer NOT NULL,
    lineabase_id integer NOT NULL,
    item_id integer NOT NULL
);


ALTER TABLE public.proyecto_lineabase_items OWNER TO admin4;

--
-- TOC entry 264 (class 1259 OID 71809)
-- Name: proyecto_lineabase_items_id_seq; Type: SEQUENCE; Schema: public; Owner: admin4
--

CREATE SEQUENCE public.proyecto_lineabase_items_id_seq
    AS integer
    START WITH 1
    INCREMENT BY 1
    NO MINVALUE
    NO MAXVALUE
    CACHE 1;


ALTER TABLE public.proyecto_lineabase_items_id_seq OWNER TO admin4;

--
-- TOC entry 3751 (class 0 OID 0)
-- Dependencies: 264
-- Name: proyecto_lineabase_items_id_seq; Type: SEQUENCE OWNED BY; Schema: public; Owner: admin4
--

ALTER SEQUENCE public.proyecto_lineabase_items_id_seq OWNED BY public.proyecto_lineabase_items.id;


--
-- TOC entry 267 (class 1259 OID 71819)
-- Name: proyecto_lineabase_roturaLineaBaseComprometida; Type: TABLE; Schema: public; Owner: admin4
--

CREATE TABLE public."proyecto_lineabase_roturaLineaBaseComprometida" (
    id integer NOT NULL,
    lineabase_id integer NOT NULL,
    roturalineabasecomprometida_id integer NOT NULL
);


ALTER TABLE public."proyecto_lineabase_roturaLineaBaseComprometida" OWNER TO admin4;

--
-- TOC entry 266 (class 1259 OID 71817)
-- Name: proyecto_lineabase_roturaLineaBaseComprometida_id_seq; Type: SEQUENCE; Schema: public; Owner: admin4
--

CREATE SEQUENCE public."proyecto_lineabase_roturaLineaBaseComprometida_id_seq"
    AS integer
    START WITH 1
    INCREMENT BY 1
    NO MINVALUE
    NO MAXVALUE
    CACHE 1;


ALTER TABLE public."proyecto_lineabase_roturaLineaBaseComprometida_id_seq" OWNER TO admin4;

--
-- TOC entry 3752 (class 0 OID 0)
-- Dependencies: 266
-- Name: proyecto_lineabase_roturaLineaBaseComprometida_id_seq; Type: SEQUENCE OWNED BY; Schema: public; Owner: admin4
--

ALTER SEQUENCE public."proyecto_lineabase_roturaLineaBaseComprometida_id_seq" OWNED BY public."proyecto_lineabase_roturaLineaBaseComprometida".id;


--
-- TOC entry 269 (class 1259 OID 71827)
-- Name: proyecto_lineabase_roturaslineasBase; Type: TABLE; Schema: public; Owner: admin4
--

CREATE TABLE public."proyecto_lineabase_roturaslineasBase" (
    id integer NOT NULL,
    lineabase_id integer NOT NULL,
    roturalineabase_id integer NOT NULL
);


ALTER TABLE public."proyecto_lineabase_roturaslineasBase" OWNER TO admin4;

--
-- TOC entry 268 (class 1259 OID 71825)
-- Name: proyecto_lineabase_roturaslineasBase_id_seq; Type: SEQUENCE; Schema: public; Owner: admin4
--

CREATE SEQUENCE public."proyecto_lineabase_roturaslineasBase_id_seq"
    AS integer
    START WITH 1
    INCREMENT BY 1
    NO MINVALUE
    NO MAXVALUE
    CACHE 1;


ALTER TABLE public."proyecto_lineabase_roturaslineasBase_id_seq" OWNER TO admin4;

--
-- TOC entry 3753 (class 0 OID 0)
-- Dependencies: 268
-- Name: proyecto_lineabase_roturaslineasBase_id_seq; Type: SEQUENCE OWNED BY; Schema: public; Owner: admin4
--

ALTER SEQUENCE public."proyecto_lineabase_roturaslineasBase_id_seq" OWNED BY public."proyecto_lineabase_roturaslineasBase".id;


--
-- TOC entry 233 (class 1259 OID 71672)
-- Name: proyecto_proyecto; Type: TABLE; Schema: public; Owner: admin4
--

CREATE TABLE public.proyecto_proyecto (
    id integer NOT NULL,
    nombre character varying(200) NOT NULL,
    descripcion character varying(400) NOT NULL,
    fecha_inicio character varying(200) NOT NULL,
    fecha_fin character varying(200) NOT NULL,
    estado character varying(100),
    creador_id integer,
    gerente_id integer NOT NULL
);


ALTER TABLE public.proyecto_proyecto OWNER TO admin4;

--
-- TOC entry 235 (class 1259 OID 71683)
-- Name: proyecto_proyecto_comite; Type: TABLE; Schema: public; Owner: admin4
--

CREATE TABLE public.proyecto_proyecto_comite (
    id integer NOT NULL,
    proyecto_id integer NOT NULL,
    user_id integer NOT NULL
);


ALTER TABLE public.proyecto_proyecto_comite OWNER TO admin4;

--
-- TOC entry 234 (class 1259 OID 71681)
-- Name: proyecto_proyecto_comite_id_seq; Type: SEQUENCE; Schema: public; Owner: admin4
--

CREATE SEQUENCE public.proyecto_proyecto_comite_id_seq
    AS integer
    START WITH 1
    INCREMENT BY 1
    NO MINVALUE
    NO MAXVALUE
    CACHE 1;


ALTER TABLE public.proyecto_proyecto_comite_id_seq OWNER TO admin4;

--
-- TOC entry 3754 (class 0 OID 0)
-- Dependencies: 234
-- Name: proyecto_proyecto_comite_id_seq; Type: SEQUENCE OWNED BY; Schema: public; Owner: admin4
--

ALTER SEQUENCE public.proyecto_proyecto_comite_id_seq OWNED BY public.proyecto_proyecto_comite.id;


--
-- TOC entry 232 (class 1259 OID 71670)
-- Name: proyecto_proyecto_id_seq; Type: SEQUENCE; Schema: public; Owner: admin4
--

CREATE SEQUENCE public.proyecto_proyecto_id_seq
    AS integer
    START WITH 1
    INCREMENT BY 1
    NO MINVALUE
    NO MAXVALUE
    CACHE 1;


ALTER TABLE public.proyecto_proyecto_id_seq OWNER TO admin4;

--
-- TOC entry 3755 (class 0 OID 0)
-- Dependencies: 232
-- Name: proyecto_proyecto_id_seq; Type: SEQUENCE OWNED BY; Schema: public; Owner: admin4
--

ALTER SEQUENCE public.proyecto_proyecto_id_seq OWNED BY public.proyecto_proyecto.id;


--
-- TOC entry 257 (class 1259 OID 71779)
-- Name: proyecto_proyecto_roles; Type: TABLE; Schema: public; Owner: admin4
--

CREATE TABLE public.proyecto_proyecto_roles (
    id integer NOT NULL,
    proyecto_id integer NOT NULL,
    rol_id integer NOT NULL
);


ALTER TABLE public.proyecto_proyecto_roles OWNER TO admin4;

--
-- TOC entry 256 (class 1259 OID 71777)
-- Name: proyecto_proyecto_roles_id_seq; Type: SEQUENCE; Schema: public; Owner: admin4
--

CREATE SEQUENCE public.proyecto_proyecto_roles_id_seq
    AS integer
    START WITH 1
    INCREMENT BY 1
    NO MINVALUE
    NO MAXVALUE
    CACHE 1;


ALTER TABLE public.proyecto_proyecto_roles_id_seq OWNER TO admin4;

--
-- TOC entry 3756 (class 0 OID 0)
-- Dependencies: 256
-- Name: proyecto_proyecto_roles_id_seq; Type: SEQUENCE OWNED BY; Schema: public; Owner: admin4
--

ALTER SEQUENCE public.proyecto_proyecto_roles_id_seq OWNED BY public.proyecto_proyecto_roles.id;


--
-- TOC entry 259 (class 1259 OID 71787)
-- Name: proyecto_proyecto_tipoItem; Type: TABLE; Schema: public; Owner: admin4
--

CREATE TABLE public."proyecto_proyecto_tipoItem" (
    id integer NOT NULL,
    proyecto_id integer NOT NULL,
    tipodeitem_id integer NOT NULL
);


ALTER TABLE public."proyecto_proyecto_tipoItem" OWNER TO admin4;

--
-- TOC entry 258 (class 1259 OID 71785)
-- Name: proyecto_proyecto_tipoItem_id_seq; Type: SEQUENCE; Schema: public; Owner: admin4
--

CREATE SEQUENCE public."proyecto_proyecto_tipoItem_id_seq"
    AS integer
    START WITH 1
    INCREMENT BY 1
    NO MINVALUE
    NO MAXVALUE
    CACHE 1;


ALTER TABLE public."proyecto_proyecto_tipoItem_id_seq" OWNER TO admin4;

--
-- TOC entry 3757 (class 0 OID 0)
-- Dependencies: 258
-- Name: proyecto_proyecto_tipoItem_id_seq; Type: SEQUENCE OWNED BY; Schema: public; Owner: admin4
--

ALTER SEQUENCE public."proyecto_proyecto_tipoItem_id_seq" OWNED BY public."proyecto_proyecto_tipoItem".id;


--
-- TOC entry 261 (class 1259 OID 71795)
-- Name: proyecto_proyecto_usuarios; Type: TABLE; Schema: public; Owner: admin4
--

CREATE TABLE public.proyecto_proyecto_usuarios (
    id integer NOT NULL,
    proyecto_id integer NOT NULL,
    user_id integer NOT NULL
);


ALTER TABLE public.proyecto_proyecto_usuarios OWNER TO admin4;

--
-- TOC entry 260 (class 1259 OID 71793)
-- Name: proyecto_proyecto_usuarios_id_seq; Type: SEQUENCE; Schema: public; Owner: admin4
--

CREATE SEQUENCE public.proyecto_proyecto_usuarios_id_seq
    AS integer
    START WITH 1
    INCREMENT BY 1
    NO MINVALUE
    NO MAXVALUE
    CACHE 1;


ALTER TABLE public.proyecto_proyecto_usuarios_id_seq OWNER TO admin4;

--
-- TOC entry 3758 (class 0 OID 0)
-- Dependencies: 260
-- Name: proyecto_proyecto_usuarios_id_seq; Type: SEQUENCE OWNED BY; Schema: public; Owner: admin4
--

ALTER SEQUENCE public.proyecto_proyecto_usuarios_id_seq OWNED BY public.proyecto_proyecto_usuarios.id;


--
-- TOC entry 255 (class 1259 OID 71766)
-- Name: proyecto_proyectofase; Type: TABLE; Schema: public; Owner: admin4
--

CREATE TABLE public.proyecto_proyectofase (
    id integer NOT NULL,
    fase_id integer NOT NULL,
    proyecto_id integer NOT NULL
);


ALTER TABLE public.proyecto_proyectofase OWNER TO admin4;

--
-- TOC entry 254 (class 1259 OID 71764)
-- Name: proyecto_proyectofase_id_seq; Type: SEQUENCE; Schema: public; Owner: admin4
--

CREATE SEQUENCE public.proyecto_proyectofase_id_seq
    AS integer
    START WITH 1
    INCREMENT BY 1
    NO MINVALUE
    NO MAXVALUE
    CACHE 1;


ALTER TABLE public.proyecto_proyectofase_id_seq OWNER TO admin4;

--
-- TOC entry 3759 (class 0 OID 0)
-- Dependencies: 254
-- Name: proyecto_proyectofase_id_seq; Type: SEQUENCE OWNED BY; Schema: public; Owner: admin4
--

ALTER SEQUENCE public.proyecto_proyectofase_id_seq OWNED BY public.proyecto_proyectofase.id;


--
-- TOC entry 253 (class 1259 OID 71758)
-- Name: proyecto_relacion; Type: TABLE; Schema: public; Owner: admin4
--

CREATE TABLE public.proyecto_relacion (
    id integer NOT NULL,
    tipo character varying(40) NOT NULL,
    fase_item_to_id integer NOT NULL,
    item_from_id integer NOT NULL,
    item_to_id integer NOT NULL
);


ALTER TABLE public.proyecto_relacion OWNER TO admin4;

--
-- TOC entry 252 (class 1259 OID 71756)
-- Name: proyecto_relacion_id_seq; Type: SEQUENCE; Schema: public; Owner: admin4
--

CREATE SEQUENCE public.proyecto_relacion_id_seq
    AS integer
    START WITH 1
    INCREMENT BY 1
    NO MINVALUE
    NO MAXVALUE
    CACHE 1;


ALTER TABLE public.proyecto_relacion_id_seq OWNER TO admin4;

--
-- TOC entry 3760 (class 0 OID 0)
-- Dependencies: 252
-- Name: proyecto_relacion_id_seq; Type: SEQUENCE OWNED BY; Schema: public; Owner: admin4
--

ALTER SEQUENCE public.proyecto_relacion_id_seq OWNED BY public.proyecto_relacion.id;


--
-- TOC entry 249 (class 1259 OID 71742)
-- Name: proyecto_rol; Type: TABLE; Schema: public; Owner: admin4
--

CREATE TABLE public.proyecto_rol (
    id integer NOT NULL,
    nombre character varying(40) NOT NULL,
    perms_id integer
);


ALTER TABLE public.proyecto_rol OWNER TO admin4;

--
-- TOC entry 251 (class 1259 OID 71750)
-- Name: proyecto_rol_faseUser; Type: TABLE; Schema: public; Owner: admin4
--

CREATE TABLE public."proyecto_rol_faseUser" (
    id integer NOT NULL,
    rol_id integer NOT NULL,
    faseuser_id integer NOT NULL
);


ALTER TABLE public."proyecto_rol_faseUser" OWNER TO admin4;

--
-- TOC entry 250 (class 1259 OID 71748)
-- Name: proyecto_rol_faseUser_id_seq; Type: SEQUENCE; Schema: public; Owner: admin4
--

CREATE SEQUENCE public."proyecto_rol_faseUser_id_seq"
    AS integer
    START WITH 1
    INCREMENT BY 1
    NO MINVALUE
    NO MAXVALUE
    CACHE 1;


ALTER TABLE public."proyecto_rol_faseUser_id_seq" OWNER TO admin4;

--
-- TOC entry 3761 (class 0 OID 0)
-- Dependencies: 250
-- Name: proyecto_rol_faseUser_id_seq; Type: SEQUENCE OWNED BY; Schema: public; Owner: admin4
--

ALTER SEQUENCE public."proyecto_rol_faseUser_id_seq" OWNED BY public."proyecto_rol_faseUser".id;


--
-- TOC entry 248 (class 1259 OID 71740)
-- Name: proyecto_rol_id_seq; Type: SEQUENCE; Schema: public; Owner: admin4
--

CREATE SEQUENCE public.proyecto_rol_id_seq
    AS integer
    START WITH 1
    INCREMENT BY 1
    NO MINVALUE
    NO MAXVALUE
    CACHE 1;


ALTER TABLE public.proyecto_rol_id_seq OWNER TO admin4;

--
-- TOC entry 3762 (class 0 OID 0)
-- Dependencies: 248
-- Name: proyecto_rol_id_seq; Type: SEQUENCE OWNED BY; Schema: public; Owner: admin4
--

ALTER SEQUENCE public.proyecto_rol_id_seq OWNED BY public.proyecto_rol.id;


--
-- TOC entry 243 (class 1259 OID 71718)
-- Name: proyecto_roturalineabase; Type: TABLE; Schema: public; Owner: admin4
--

CREATE TABLE public.proyecto_roturalineabase (
    id integer NOT NULL,
    descripcion_solicitud character varying(200) NOT NULL,
    voto_uno smallint NOT NULL,
    voto_dos smallint NOT NULL,
    voto_tres smallint NOT NULL,
    fecha character varying(40) NOT NULL,
    estado character varying(40) NOT NULL,
    solicitante_id integer
);


ALTER TABLE public.proyecto_roturalineabase OWNER TO admin4;

--
-- TOC entry 242 (class 1259 OID 71716)
-- Name: proyecto_roturalineabase_id_seq; Type: SEQUENCE; Schema: public; Owner: admin4
--

CREATE SEQUENCE public.proyecto_roturalineabase_id_seq
    AS integer
    START WITH 1
    INCREMENT BY 1
    NO MINVALUE
    NO MAXVALUE
    CACHE 1;


ALTER TABLE public.proyecto_roturalineabase_id_seq OWNER TO admin4;

--
-- TOC entry 3763 (class 0 OID 0)
-- Dependencies: 242
-- Name: proyecto_roturalineabase_id_seq; Type: SEQUENCE OWNED BY; Schema: public; Owner: admin4
--

ALTER SEQUENCE public.proyecto_roturalineabase_id_seq OWNED BY public.proyecto_roturalineabase.id;


--
-- TOC entry 245 (class 1259 OID 71726)
-- Name: proyecto_roturalineabase_items_implicados; Type: TABLE; Schema: public; Owner: admin4
--

CREATE TABLE public.proyecto_roturalineabase_items_implicados (
    id integer NOT NULL,
    roturalineabase_id integer NOT NULL,
    item_id integer NOT NULL
);


ALTER TABLE public.proyecto_roturalineabase_items_implicados OWNER TO admin4;

--
-- TOC entry 244 (class 1259 OID 71724)
-- Name: proyecto_roturalineabase_items_implicados_id_seq; Type: SEQUENCE; Schema: public; Owner: admin4
--

CREATE SEQUENCE public.proyecto_roturalineabase_items_implicados_id_seq
    AS integer
    START WITH 1
    INCREMENT BY 1
    NO MINVALUE
    NO MAXVALUE
    CACHE 1;


ALTER TABLE public.proyecto_roturalineabase_items_implicados_id_seq OWNER TO admin4;

--
-- TOC entry 3764 (class 0 OID 0)
-- Dependencies: 244
-- Name: proyecto_roturalineabase_items_implicados_id_seq; Type: SEQUENCE OWNED BY; Schema: public; Owner: admin4
--

ALTER SEQUENCE public.proyecto_roturalineabase_items_implicados_id_seq OWNED BY public.proyecto_roturalineabase_items_implicados.id;


--
-- TOC entry 247 (class 1259 OID 71734)
-- Name: proyecto_roturalineabase_votos_registrados; Type: TABLE; Schema: public; Owner: admin4
--

CREATE TABLE public.proyecto_roturalineabase_votos_registrados (
    id integer NOT NULL,
    roturalineabase_id integer NOT NULL,
    user_id integer NOT NULL
);


ALTER TABLE public.proyecto_roturalineabase_votos_registrados OWNER TO admin4;

--
-- TOC entry 246 (class 1259 OID 71732)
-- Name: proyecto_roturalineabase_votos_registrados_id_seq; Type: SEQUENCE; Schema: public; Owner: admin4
--

CREATE SEQUENCE public.proyecto_roturalineabase_votos_registrados_id_seq
    AS integer
    START WITH 1
    INCREMENT BY 1
    NO MINVALUE
    NO MAXVALUE
    CACHE 1;


ALTER TABLE public.proyecto_roturalineabase_votos_registrados_id_seq OWNER TO admin4;

--
-- TOC entry 3765 (class 0 OID 0)
-- Dependencies: 246
-- Name: proyecto_roturalineabase_votos_registrados_id_seq; Type: SEQUENCE OWNED BY; Schema: public; Owner: admin4
--

ALTER SEQUENCE public.proyecto_roturalineabase_votos_registrados_id_seq OWNED BY public.proyecto_roturalineabase_votos_registrados.id;


--
-- TOC entry 239 (class 1259 OID 71702)
-- Name: proyecto_roturalineabasecomprometida; Type: TABLE; Schema: public; Owner: admin4
--

CREATE TABLE public.proyecto_roturalineabasecomprometida (
    id integer NOT NULL,
    uno_voto_comprometida smallint NOT NULL,
    dos_voto_comprometida smallint NOT NULL,
    tres_voto_comprometida smallint NOT NULL,
    comprometida_estado character varying(40) NOT NULL
);


ALTER TABLE public.proyecto_roturalineabasecomprometida OWNER TO admin4;

--
-- TOC entry 238 (class 1259 OID 71700)
-- Name: proyecto_roturalineabasecomprometida_id_seq; Type: SEQUENCE; Schema: public; Owner: admin4
--

CREATE SEQUENCE public.proyecto_roturalineabasecomprometida_id_seq
    AS integer
    START WITH 1
    INCREMENT BY 1
    NO MINVALUE
    NO MAXVALUE
    CACHE 1;


ALTER TABLE public.proyecto_roturalineabasecomprometida_id_seq OWNER TO admin4;

--
-- TOC entry 3766 (class 0 OID 0)
-- Dependencies: 238
-- Name: proyecto_roturalineabasecomprometida_id_seq; Type: SEQUENCE OWNED BY; Schema: public; Owner: admin4
--

ALTER SEQUENCE public.proyecto_roturalineabasecomprometida_id_seq OWNED BY public.proyecto_roturalineabasecomprometida.id;


--
-- TOC entry 241 (class 1259 OID 71710)
-- Name: proyecto_roturalineabasecomprometida_registrados_votos_comp6f7e; Type: TABLE; Schema: public; Owner: admin4
--

CREATE TABLE public.proyecto_roturalineabasecomprometida_registrados_votos_comp6f7e (
    id integer NOT NULL,
    roturalineabasecomprometida_id integer NOT NULL,
    user_id integer NOT NULL
);


ALTER TABLE public.proyecto_roturalineabasecomprometida_registrados_votos_comp6f7e OWNER TO admin4;

--
-- TOC entry 240 (class 1259 OID 71708)
-- Name: proyecto_roturalineabasecomprometida_registrados_votos_c_id_seq; Type: SEQUENCE; Schema: public; Owner: admin4
--

CREATE SEQUENCE public.proyecto_roturalineabasecomprometida_registrados_votos_c_id_seq
    AS integer
    START WITH 1
    INCREMENT BY 1
    NO MINVALUE
    NO MAXVALUE
    CACHE 1;


ALTER TABLE public.proyecto_roturalineabasecomprometida_registrados_votos_c_id_seq OWNER TO admin4;

--
-- TOC entry 3767 (class 0 OID 0)
-- Dependencies: 240
-- Name: proyecto_roturalineabasecomprometida_registrados_votos_c_id_seq; Type: SEQUENCE OWNED BY; Schema: public; Owner: admin4
--

ALTER SEQUENCE public.proyecto_roturalineabasecomprometida_registrados_votos_c_id_seq OWNED BY public.proyecto_roturalineabasecomprometida_registrados_votos_comp6f7e.id;


--
-- TOC entry 237 (class 1259 OID 71691)
-- Name: proyecto_tipodeitem; Type: TABLE; Schema: public; Owner: admin4
--

CREATE TABLE public.proyecto_tipodeitem (
    id integer NOT NULL,
    "nombreTipo" character varying(40) NOT NULL,
    descripcion character varying(200) NOT NULL,
    campo_extra character varying(40)[] NOT NULL
);


ALTER TABLE public.proyecto_tipodeitem OWNER TO admin4;

--
-- TOC entry 236 (class 1259 OID 71689)
-- Name: proyecto_tipodeitem_id_seq; Type: SEQUENCE; Schema: public; Owner: admin4
--

CREATE SEQUENCE public.proyecto_tipodeitem_id_seq
    AS integer
    START WITH 1
    INCREMENT BY 1
    NO MINVALUE
    NO MAXVALUE
    CACHE 1;


ALTER TABLE public.proyecto_tipodeitem_id_seq OWNER TO admin4;

--
-- TOC entry 3768 (class 0 OID 0)
-- Dependencies: 236
-- Name: proyecto_tipodeitem_id_seq; Type: SEQUENCE OWNED BY; Schema: public; Owner: admin4
--

ALTER SEQUENCE public.proyecto_tipodeitem_id_seq OWNED BY public.proyecto_tipodeitem.id;


--
-- TOC entry 281 (class 1259 OID 72157)
-- Name: reversion_revision; Type: TABLE; Schema: public; Owner: admin4
--

CREATE TABLE public.reversion_revision (
    id integer NOT NULL,
    date_created timestamp with time zone NOT NULL,
    comment text NOT NULL,
    user_id integer
);


ALTER TABLE public.reversion_revision OWNER TO admin4;

--
-- TOC entry 280 (class 1259 OID 72155)
-- Name: reversion_revision_id_seq; Type: SEQUENCE; Schema: public; Owner: admin4
--

CREATE SEQUENCE public.reversion_revision_id_seq
    AS integer
    START WITH 1
    INCREMENT BY 1
    NO MINVALUE
    NO MAXVALUE
    CACHE 1;


ALTER TABLE public.reversion_revision_id_seq OWNER TO admin4;

--
-- TOC entry 3769 (class 0 OID 0)
-- Dependencies: 280
-- Name: reversion_revision_id_seq; Type: SEQUENCE OWNED BY; Schema: public; Owner: admin4
--

ALTER SEQUENCE public.reversion_revision_id_seq OWNED BY public.reversion_revision.id;


--
-- TOC entry 283 (class 1259 OID 72168)
-- Name: reversion_version; Type: TABLE; Schema: public; Owner: admin4
--

CREATE TABLE public.reversion_version (
    id integer NOT NULL,
    object_id character varying(191) NOT NULL,
    format character varying(255) NOT NULL,
    serialized_data text NOT NULL,
    object_repr text NOT NULL,
    content_type_id integer NOT NULL,
    revision_id integer NOT NULL,
    db character varying(191) NOT NULL
);


ALTER TABLE public.reversion_version OWNER TO admin4;

--
-- TOC entry 282 (class 1259 OID 72166)
-- Name: reversion_version_id_seq; Type: SEQUENCE; Schema: public; Owner: admin4
--

CREATE SEQUENCE public.reversion_version_id_seq
    AS integer
    START WITH 1
    INCREMENT BY 1
    NO MINVALUE
    NO MAXVALUE
    CACHE 1;


ALTER TABLE public.reversion_version_id_seq OWNER TO admin4;

--
-- TOC entry 3770 (class 0 OID 0)
-- Dependencies: 282
-- Name: reversion_version_id_seq; Type: SEQUENCE OWNED BY; Schema: public; Owner: admin4
--

ALTER SEQUENCE public.reversion_version_id_seq OWNED BY public.reversion_version.id;


--
-- TOC entry 288 (class 1259 OID 72221)
-- Name: socialaccount_socialaccount; Type: TABLE; Schema: public; Owner: admin4
--

CREATE TABLE public.socialaccount_socialaccount (
    id integer NOT NULL,
    provider character varying(30) NOT NULL,
    uid character varying(191) NOT NULL,
    last_login timestamp with time zone NOT NULL,
    date_joined timestamp with time zone NOT NULL,
    extra_data text NOT NULL,
    user_id integer NOT NULL
);


ALTER TABLE public.socialaccount_socialaccount OWNER TO admin4;

--
-- TOC entry 287 (class 1259 OID 72219)
-- Name: socialaccount_socialaccount_id_seq; Type: SEQUENCE; Schema: public; Owner: admin4
--

CREATE SEQUENCE public.socialaccount_socialaccount_id_seq
    AS integer
    START WITH 1
    INCREMENT BY 1
    NO MINVALUE
    NO MAXVALUE
    CACHE 1;


ALTER TABLE public.socialaccount_socialaccount_id_seq OWNER TO admin4;

--
-- TOC entry 3771 (class 0 OID 0)
-- Dependencies: 287
-- Name: socialaccount_socialaccount_id_seq; Type: SEQUENCE OWNED BY; Schema: public; Owner: admin4
--

ALTER SEQUENCE public.socialaccount_socialaccount_id_seq OWNED BY public.socialaccount_socialaccount.id;


--
-- TOC entry 290 (class 1259 OID 72232)
-- Name: socialaccount_socialapp; Type: TABLE; Schema: public; Owner: admin4
--

CREATE TABLE public.socialaccount_socialapp (
    id integer NOT NULL,
    provider character varying(30) NOT NULL,
    name character varying(40) NOT NULL,
    client_id character varying(191) NOT NULL,
    secret character varying(191) NOT NULL,
    key character varying(191) NOT NULL
);


ALTER TABLE public.socialaccount_socialapp OWNER TO admin4;

--
-- TOC entry 289 (class 1259 OID 72230)
-- Name: socialaccount_socialapp_id_seq; Type: SEQUENCE; Schema: public; Owner: admin4
--

CREATE SEQUENCE public.socialaccount_socialapp_id_seq
    AS integer
    START WITH 1
    INCREMENT BY 1
    NO MINVALUE
    NO MAXVALUE
    CACHE 1;


ALTER TABLE public.socialaccount_socialapp_id_seq OWNER TO admin4;

--
-- TOC entry 3772 (class 0 OID 0)
-- Dependencies: 289
-- Name: socialaccount_socialapp_id_seq; Type: SEQUENCE OWNED BY; Schema: public; Owner: admin4
--

ALTER SEQUENCE public.socialaccount_socialapp_id_seq OWNED BY public.socialaccount_socialapp.id;


--
-- TOC entry 292 (class 1259 OID 72240)
-- Name: socialaccount_socialapp_sites; Type: TABLE; Schema: public; Owner: admin4
--

CREATE TABLE public.socialaccount_socialapp_sites (
    id integer NOT NULL,
    socialapp_id integer NOT NULL,
    site_id integer NOT NULL
);


ALTER TABLE public.socialaccount_socialapp_sites OWNER TO admin4;

--
-- TOC entry 291 (class 1259 OID 72238)
-- Name: socialaccount_socialapp_sites_id_seq; Type: SEQUENCE; Schema: public; Owner: admin4
--

CREATE SEQUENCE public.socialaccount_socialapp_sites_id_seq
    AS integer
    START WITH 1
    INCREMENT BY 1
    NO MINVALUE
    NO MAXVALUE
    CACHE 1;


ALTER TABLE public.socialaccount_socialapp_sites_id_seq OWNER TO admin4;

--
-- TOC entry 3773 (class 0 OID 0)
-- Dependencies: 291
-- Name: socialaccount_socialapp_sites_id_seq; Type: SEQUENCE OWNED BY; Schema: public; Owner: admin4
--

ALTER SEQUENCE public.socialaccount_socialapp_sites_id_seq OWNED BY public.socialaccount_socialapp_sites.id;


--
-- TOC entry 294 (class 1259 OID 72248)
-- Name: socialaccount_socialtoken; Type: TABLE; Schema: public; Owner: admin4
--

CREATE TABLE public.socialaccount_socialtoken (
    id integer NOT NULL,
    token text NOT NULL,
    token_secret text NOT NULL,
    expires_at timestamp with time zone,
    account_id integer NOT NULL,
    app_id integer NOT NULL
);


ALTER TABLE public.socialaccount_socialtoken OWNER TO admin4;

--
-- TOC entry 293 (class 1259 OID 72246)
-- Name: socialaccount_socialtoken_id_seq; Type: SEQUENCE; Schema: public; Owner: admin4
--

CREATE SEQUENCE public.socialaccount_socialtoken_id_seq
    AS integer
    START WITH 1
    INCREMENT BY 1
    NO MINVALUE
    NO MAXVALUE
    CACHE 1;


ALTER TABLE public.socialaccount_socialtoken_id_seq OWNER TO admin4;

--
-- TOC entry 3774 (class 0 OID 0)
-- Dependencies: 293
-- Name: socialaccount_socialtoken_id_seq; Type: SEQUENCE OWNED BY; Schema: public; Owner: admin4
--

ALTER SEQUENCE public.socialaccount_socialtoken_id_seq OWNED BY public.socialaccount_socialtoken.id;


--
-- TOC entry 3153 (class 2604 OID 71504)
-- Name: account_emailaddress id; Type: DEFAULT; Schema: public; Owner: admin4
--

ALTER TABLE ONLY public.account_emailaddress ALTER COLUMN id SET DEFAULT nextval('public.account_emailaddress_id_seq'::regclass);


--
-- TOC entry 3154 (class 2604 OID 71514)
-- Name: account_emailconfirmation id; Type: DEFAULT; Schema: public; Owner: admin4
--

ALTER TABLE ONLY public.account_emailconfirmation ALTER COLUMN id SET DEFAULT nextval('public.account_emailconfirmation_id_seq'::regclass);


--
-- TOC entry 3148 (class 2604 OID 71408)
-- Name: auth_group id; Type: DEFAULT; Schema: public; Owner: admin4
--

ALTER TABLE ONLY public.auth_group ALTER COLUMN id SET DEFAULT nextval('public.auth_group_id_seq'::regclass);


--
-- TOC entry 3149 (class 2604 OID 71418)
-- Name: auth_group_permissions id; Type: DEFAULT; Schema: public; Owner: admin4
--

ALTER TABLE ONLY public.auth_group_permissions ALTER COLUMN id SET DEFAULT nextval('public.auth_group_permissions_id_seq'::regclass);


--
-- TOC entry 3147 (class 2604 OID 71400)
-- Name: auth_permission id; Type: DEFAULT; Schema: public; Owner: admin4
--

ALTER TABLE ONLY public.auth_permission ALTER COLUMN id SET DEFAULT nextval('public.auth_permission_id_seq'::regclass);


--
-- TOC entry 3150 (class 2604 OID 71426)
-- Name: auth_user id; Type: DEFAULT; Schema: public; Owner: admin4
--

ALTER TABLE ONLY public.auth_user ALTER COLUMN id SET DEFAULT nextval('public.auth_user_id_seq'::regclass);


--
-- TOC entry 3151 (class 2604 OID 71436)
-- Name: auth_user_groups id; Type: DEFAULT; Schema: public; Owner: admin4
--

ALTER TABLE ONLY public.auth_user_groups ALTER COLUMN id SET DEFAULT nextval('public.auth_user_groups_id_seq'::regclass);


--
-- TOC entry 3152 (class 2604 OID 71444)
-- Name: auth_user_user_permissions id; Type: DEFAULT; Schema: public; Owner: admin4
--

ALTER TABLE ONLY public.auth_user_user_permissions ALTER COLUMN id SET DEFAULT nextval('public.auth_user_user_permissions_id_seq'::regclass);


--
-- TOC entry 3155 (class 2604 OID 71541)
-- Name: django_admin_log id; Type: DEFAULT; Schema: public; Owner: admin4
--

ALTER TABLE ONLY public.django_admin_log ALTER COLUMN id SET DEFAULT nextval('public.django_admin_log_id_seq'::regclass);


--
-- TOC entry 3146 (class 2604 OID 71390)
-- Name: django_content_type id; Type: DEFAULT; Schema: public; Owner: admin4
--

ALTER TABLE ONLY public.django_content_type ALTER COLUMN id SET DEFAULT nextval('public.django_content_type_id_seq'::regclass);


--
-- TOC entry 3145 (class 2604 OID 71379)
-- Name: django_migrations id; Type: DEFAULT; Schema: public; Owner: admin4
--

ALTER TABLE ONLY public.django_migrations ALTER COLUMN id SET DEFAULT nextval('public.django_migrations_id_seq'::regclass);


--
-- TOC entry 3190 (class 2604 OID 72213)
-- Name: django_site id; Type: DEFAULT; Schema: public; Owner: admin4
--

ALTER TABLE ONLY public.django_site ALTER COLUMN id SET DEFAULT nextval('public.django_site_id_seq'::regclass);


--
-- TOC entry 3157 (class 2604 OID 71574)
-- Name: guardian_groupobjectpermission id; Type: DEFAULT; Schema: public; Owner: admin4
--

ALTER TABLE ONLY public.guardian_groupobjectpermission ALTER COLUMN id SET DEFAULT nextval('public.guardian_groupobjectpermission_id_seq'::regclass);


--
-- TOC entry 3158 (class 2604 OID 71582)
-- Name: guardian_userobjectpermission id; Type: DEFAULT; Schema: public; Owner: admin4
--

ALTER TABLE ONLY public.guardian_userobjectpermission ALTER COLUMN id SET DEFAULT nextval('public.guardian_userobjectpermission_id_seq'::regclass);


--
-- TOC entry 3159 (class 2604 OID 71632)
-- Name: perms_permisos id; Type: DEFAULT; Schema: public; Owner: admin4
--

ALTER TABLE ONLY public.perms_permisos ALTER COLUMN id SET DEFAULT nextval('public.perms_permisos_id_seq'::regclass);


--
-- TOC entry 3160 (class 2604 OID 71640)
-- Name: proyecto_campoextra id; Type: DEFAULT; Schema: public; Owner: admin4
--

ALTER TABLE ONLY public.proyecto_campoextra ALTER COLUMN id SET DEFAULT nextval('public.proyecto_campoextra_id_seq'::regclass);


--
-- TOC entry 3187 (class 2604 OID 71875)
-- Name: proyecto_campoextravalores id; Type: DEFAULT; Schema: public; Owner: admin4
--

ALTER TABLE ONLY public.proyecto_campoextravalores ALTER COLUMN id SET DEFAULT nextval('public.proyecto_campoextravalores_id_seq'::regclass);


--
-- TOC entry 3161 (class 2604 OID 71648)
-- Name: proyecto_fase id; Type: DEFAULT; Schema: public; Owner: admin4
--

ALTER TABLE ONLY public.proyecto_fase ALTER COLUMN id SET DEFAULT nextval('public.proyecto_fase_id_seq'::regclass);


--
-- TOC entry 3184 (class 2604 OID 71851)
-- Name: proyecto_fase_items id; Type: DEFAULT; Schema: public; Owner: admin4
--

ALTER TABLE ONLY public.proyecto_fase_items ALTER COLUMN id SET DEFAULT nextval('public.proyecto_fase_items_id_seq'::regclass);


--
-- TOC entry 3185 (class 2604 OID 71859)
-- Name: proyecto_fase_lineasBase id; Type: DEFAULT; Schema: public; Owner: admin4
--

ALTER TABLE ONLY public."proyecto_fase_lineasBase" ALTER COLUMN id SET DEFAULT nextval('public."proyecto_fase_lineasBase_id_seq"'::regclass);


--
-- TOC entry 3186 (class 2604 OID 71867)
-- Name: proyecto_fase_tipoItem id; Type: DEFAULT; Schema: public; Owner: admin4
--

ALTER TABLE ONLY public."proyecto_fase_tipoItem" ALTER COLUMN id SET DEFAULT nextval('public."proyecto_fase_tipoItem_id_seq"'::regclass);


--
-- TOC entry 3162 (class 2604 OID 71656)
-- Name: proyecto_faseuser id; Type: DEFAULT; Schema: public; Owner: admin4
--

ALTER TABLE ONLY public.proyecto_faseuser ALTER COLUMN id SET DEFAULT nextval('public.proyecto_faseuser_id_seq'::regclass);


--
-- TOC entry 3183 (class 2604 OID 71843)
-- Name: proyecto_files id; Type: DEFAULT; Schema: public; Owner: admin4
--

ALTER TABLE ONLY public.proyecto_files ALTER COLUMN id SET DEFAULT nextval('public.proyecto_files_id_seq'::regclass);


--
-- TOC entry 3163 (class 2604 OID 71664)
-- Name: proyecto_item id; Type: DEFAULT; Schema: public; Owner: admin4
--

ALTER TABLE ONLY public.proyecto_item ALTER COLUMN id SET DEFAULT nextval('public.proyecto_item_id_seq'::regclass);


--
-- TOC entry 3179 (class 2604 OID 71806)
-- Name: proyecto_lineabase id; Type: DEFAULT; Schema: public; Owner: admin4
--

ALTER TABLE ONLY public.proyecto_lineabase ALTER COLUMN id SET DEFAULT nextval('public.proyecto_lineabase_id_seq'::regclass);


--
-- TOC entry 3180 (class 2604 OID 71814)
-- Name: proyecto_lineabase_items id; Type: DEFAULT; Schema: public; Owner: admin4
--

ALTER TABLE ONLY public.proyecto_lineabase_items ALTER COLUMN id SET DEFAULT nextval('public.proyecto_lineabase_items_id_seq'::regclass);


--
-- TOC entry 3181 (class 2604 OID 71822)
-- Name: proyecto_lineabase_roturaLineaBaseComprometida id; Type: DEFAULT; Schema: public; Owner: admin4
--

ALTER TABLE ONLY public."proyecto_lineabase_roturaLineaBaseComprometida" ALTER COLUMN id SET DEFAULT nextval('public."proyecto_lineabase_roturaLineaBaseComprometida_id_seq"'::regclass);


--
-- TOC entry 3182 (class 2604 OID 71830)
-- Name: proyecto_lineabase_roturaslineasBase id; Type: DEFAULT; Schema: public; Owner: admin4
--

ALTER TABLE ONLY public."proyecto_lineabase_roturaslineasBase" ALTER COLUMN id SET DEFAULT nextval('public."proyecto_lineabase_roturaslineasBase_id_seq"'::regclass);


--
-- TOC entry 3164 (class 2604 OID 71675)
-- Name: proyecto_proyecto id; Type: DEFAULT; Schema: public; Owner: admin4
--

ALTER TABLE ONLY public.proyecto_proyecto ALTER COLUMN id SET DEFAULT nextval('public.proyecto_proyecto_id_seq'::regclass);


--
-- TOC entry 3165 (class 2604 OID 71686)
-- Name: proyecto_proyecto_comite id; Type: DEFAULT; Schema: public; Owner: admin4
--

ALTER TABLE ONLY public.proyecto_proyecto_comite ALTER COLUMN id SET DEFAULT nextval('public.proyecto_proyecto_comite_id_seq'::regclass);


--
-- TOC entry 3176 (class 2604 OID 71782)
-- Name: proyecto_proyecto_roles id; Type: DEFAULT; Schema: public; Owner: admin4
--

ALTER TABLE ONLY public.proyecto_proyecto_roles ALTER COLUMN id SET DEFAULT nextval('public.proyecto_proyecto_roles_id_seq'::regclass);


--
-- TOC entry 3177 (class 2604 OID 71790)
-- Name: proyecto_proyecto_tipoItem id; Type: DEFAULT; Schema: public; Owner: admin4
--

ALTER TABLE ONLY public."proyecto_proyecto_tipoItem" ALTER COLUMN id SET DEFAULT nextval('public."proyecto_proyecto_tipoItem_id_seq"'::regclass);


--
-- TOC entry 3178 (class 2604 OID 71798)
-- Name: proyecto_proyecto_usuarios id; Type: DEFAULT; Schema: public; Owner: admin4
--

ALTER TABLE ONLY public.proyecto_proyecto_usuarios ALTER COLUMN id SET DEFAULT nextval('public.proyecto_proyecto_usuarios_id_seq'::regclass);


--
-- TOC entry 3175 (class 2604 OID 71769)
-- Name: proyecto_proyectofase id; Type: DEFAULT; Schema: public; Owner: admin4
--

ALTER TABLE ONLY public.proyecto_proyectofase ALTER COLUMN id SET DEFAULT nextval('public.proyecto_proyectofase_id_seq'::regclass);


--
-- TOC entry 3174 (class 2604 OID 71761)
-- Name: proyecto_relacion id; Type: DEFAULT; Schema: public; Owner: admin4
--

ALTER TABLE ONLY public.proyecto_relacion ALTER COLUMN id SET DEFAULT nextval('public.proyecto_relacion_id_seq'::regclass);


--
-- TOC entry 3172 (class 2604 OID 71745)
-- Name: proyecto_rol id; Type: DEFAULT; Schema: public; Owner: admin4
--

ALTER TABLE ONLY public.proyecto_rol ALTER COLUMN id SET DEFAULT nextval('public.proyecto_rol_id_seq'::regclass);


--
-- TOC entry 3173 (class 2604 OID 71753)
-- Name: proyecto_rol_faseUser id; Type: DEFAULT; Schema: public; Owner: admin4
--

ALTER TABLE ONLY public."proyecto_rol_faseUser" ALTER COLUMN id SET DEFAULT nextval('public."proyecto_rol_faseUser_id_seq"'::regclass);


--
-- TOC entry 3169 (class 2604 OID 71721)
-- Name: proyecto_roturalineabase id; Type: DEFAULT; Schema: public; Owner: admin4
--

ALTER TABLE ONLY public.proyecto_roturalineabase ALTER COLUMN id SET DEFAULT nextval('public.proyecto_roturalineabase_id_seq'::regclass);


--
-- TOC entry 3170 (class 2604 OID 71729)
-- Name: proyecto_roturalineabase_items_implicados id; Type: DEFAULT; Schema: public; Owner: admin4
--

ALTER TABLE ONLY public.proyecto_roturalineabase_items_implicados ALTER COLUMN id SET DEFAULT nextval('public.proyecto_roturalineabase_items_implicados_id_seq'::regclass);


--
-- TOC entry 3171 (class 2604 OID 71737)
-- Name: proyecto_roturalineabase_votos_registrados id; Type: DEFAULT; Schema: public; Owner: admin4
--

ALTER TABLE ONLY public.proyecto_roturalineabase_votos_registrados ALTER COLUMN id SET DEFAULT nextval('public.proyecto_roturalineabase_votos_registrados_id_seq'::regclass);


--
-- TOC entry 3167 (class 2604 OID 71705)
-- Name: proyecto_roturalineabasecomprometida id; Type: DEFAULT; Schema: public; Owner: admin4
--

ALTER TABLE ONLY public.proyecto_roturalineabasecomprometida ALTER COLUMN id SET DEFAULT nextval('public.proyecto_roturalineabasecomprometida_id_seq'::regclass);


--
-- TOC entry 3168 (class 2604 OID 71713)
-- Name: proyecto_roturalineabasecomprometida_registrados_votos_comp6f7e id; Type: DEFAULT; Schema: public; Owner: admin4
--

ALTER TABLE ONLY public.proyecto_roturalineabasecomprometida_registrados_votos_comp6f7e ALTER COLUMN id SET DEFAULT nextval('public.proyecto_roturalineabasecomprometida_registrados_votos_c_id_seq'::regclass);


--
-- TOC entry 3166 (class 2604 OID 71694)
-- Name: proyecto_tipodeitem id; Type: DEFAULT; Schema: public; Owner: admin4
--

ALTER TABLE ONLY public.proyecto_tipodeitem ALTER COLUMN id SET DEFAULT nextval('public.proyecto_tipodeitem_id_seq'::regclass);


--
-- TOC entry 3188 (class 2604 OID 72160)
-- Name: reversion_revision id; Type: DEFAULT; Schema: public; Owner: admin4
--

ALTER TABLE ONLY public.reversion_revision ALTER COLUMN id SET DEFAULT nextval('public.reversion_revision_id_seq'::regclass);


--
-- TOC entry 3189 (class 2604 OID 72171)
-- Name: reversion_version id; Type: DEFAULT; Schema: public; Owner: admin4
--

ALTER TABLE ONLY public.reversion_version ALTER COLUMN id SET DEFAULT nextval('public.reversion_version_id_seq'::regclass);


--
-- TOC entry 3191 (class 2604 OID 72224)
-- Name: socialaccount_socialaccount id; Type: DEFAULT; Schema: public; Owner: admin4
--

ALTER TABLE ONLY public.socialaccount_socialaccount ALTER COLUMN id SET DEFAULT nextval('public.socialaccount_socialaccount_id_seq'::regclass);


--
-- TOC entry 3192 (class 2604 OID 72235)
-- Name: socialaccount_socialapp id; Type: DEFAULT; Schema: public; Owner: admin4
--

ALTER TABLE ONLY public.socialaccount_socialapp ALTER COLUMN id SET DEFAULT nextval('public.socialaccount_socialapp_id_seq'::regclass);


--
-- TOC entry 3193 (class 2604 OID 72243)
-- Name: socialaccount_socialapp_sites id; Type: DEFAULT; Schema: public; Owner: admin4
--

ALTER TABLE ONLY public.socialaccount_socialapp_sites ALTER COLUMN id SET DEFAULT nextval('public.socialaccount_socialapp_sites_id_seq'::regclass);


--
-- TOC entry 3194 (class 2604 OID 72251)
-- Name: socialaccount_socialtoken id; Type: DEFAULT; Schema: public; Owner: admin4
--

ALTER TABLE ONLY public.socialaccount_socialtoken ALTER COLUMN id SET DEFAULT nextval('public.socialaccount_socialtoken_id_seq'::regclass);


--
-- TOC entry 3639 (class 0 OID 71501)
-- Dependencies: 213
-- Data for Name: account_emailaddress; Type: TABLE DATA; Schema: public; Owner: admin4
--

COPY public.account_emailaddress (id, email, verified, "primary", user_id) FROM stdin;
1	pcdruizdiaz@gmail.com	t	t	3
2	pcdruizdiaz@fpuna.edu.py	t	t	4
9	soniasosaderuizdiaz@gmail.com	t	t	11
10	vazquezcristina618@gmail.com	t	t	12
11	tiki11ruizdiaz@gmail.com	t	t	13
\.


--
-- TOC entry 3641 (class 0 OID 71511)
-- Dependencies: 215
-- Data for Name: account_emailconfirmation; Type: TABLE DATA; Schema: public; Owner: admin4
--

COPY public.account_emailconfirmation (id, created, sent, key, email_address_id) FROM stdin;
\.


--
-- TOC entry 3629 (class 0 OID 71405)
-- Dependencies: 203
-- Data for Name: auth_group; Type: TABLE DATA; Schema: public; Owner: admin4
--

COPY public.auth_group (id, name) FROM stdin;
1	dios
3	sincrear
4	nocorrupto
2	hola
5	SoloVERLB
6	TodoMenosSolicitarxd
7	SolicitarLB
8	xs
10	fasdfasd
11	rolprua
12	xsssss
13	gffff
16	fasd
15	hj
\.


--
-- TOC entry 3631 (class 0 OID 71415)
-- Dependencies: 205
-- Data for Name: auth_group_permissions; Type: TABLE DATA; Schema: public; Owner: admin4
--

COPY public.auth_group_permissions (id, group_id, permission_id) FROM stdin;
1	1	72
2	1	69
3	1	70
4	1	91
5	1	71
6	1	83
7	1	73
8	1	75
9	1	84
10	1	77
11	1	78
12	1	74
13	1	82
14	1	85
15	1	81
16	1	80
17	1	88
18	1	86
19	1	87
20	1	89
21	1	90
22	2	72
37	3	72
38	3	70
39	3	71
40	3	91
41	4	72
42	4	86
43	4	88
47	2	70
48	2	71
49	2	91
65	5	72
66	6	72
67	6	86
68	6	88
69	6	87
70	7	72
71	7	90
72	7	88
73	8	72
74	8	70
77	10	72
78	10	71
79	11	72
80	12	72
81	13	72
82	13	70
85	15	72
86	16	72
87	16	83
88	16	70
\.


--
-- TOC entry 3627 (class 0 OID 71397)
-- Dependencies: 201
-- Data for Name: auth_permission; Type: TABLE DATA; Schema: public; Owner: admin4
--

COPY public.auth_permission (id, name, content_type_id, codename) FROM stdin;
1	Can add log entry	1	add_logentry
2	Can change log entry	1	change_logentry
3	Can delete log entry	1	delete_logentry
4	Can view log entry	1	view_logentry
5	Can add permission	2	add_permission
6	Can change permission	2	change_permission
7	Can delete permission	2	delete_permission
8	Can view permission	2	view_permission
9	Can add group	3	add_group
10	Can change group	3	change_group
11	Can delete group	3	delete_group
12	Can view group	3	view_group
13	Can add user	4	add_user
14	Can change user	4	change_user
15	Can delete user	4	delete_user
16	Can view user	4	view_user
17	Can add content type	5	add_contenttype
18	Can change content type	5	change_contenttype
19	Can delete content type	5	delete_contenttype
20	Can view content type	5	view_contenttype
21	Can add session	6	add_session
22	Can change session	6	change_session
23	Can delete session	6	delete_session
24	Can view session	6	view_session
25	Can add site	7	add_site
26	Can change site	7	change_site
27	Can delete site	7	delete_site
28	Can view site	7	view_site
29	Can add email address	8	add_emailaddress
30	Can change email address	8	change_emailaddress
31	Can delete email address	8	delete_emailaddress
32	Can view email address	8	view_emailaddress
33	Can add email confirmation	9	add_emailconfirmation
34	Can change email confirmation	9	change_emailconfirmation
35	Can delete email confirmation	9	delete_emailconfirmation
36	Can view email confirmation	9	view_emailconfirmation
37	Can add social account	10	add_socialaccount
38	Can change social account	10	change_socialaccount
39	Can delete social account	10	delete_socialaccount
40	Can view social account	10	view_socialaccount
41	Can add social application	11	add_socialapp
42	Can change social application	11	change_socialapp
43	Can delete social application	11	delete_socialapp
44	Can view social application	11	view_socialapp
45	Can add social application token	12	add_socialtoken
46	Can change social application token	12	change_socialtoken
47	Can delete social application token	12	delete_socialtoken
48	Can view social application token	12	view_socialtoken
49	Can add group object permission	13	add_groupobjectpermission
50	Can change group object permission	13	change_groupobjectpermission
51	Can delete group object permission	13	delete_groupobjectpermission
52	Can view group object permission	13	view_groupobjectpermission
53	Can add user object permission	14	add_userobjectpermission
54	Can change user object permission	14	change_userobjectpermission
55	Can delete user object permission	14	delete_userobjectpermission
56	Can view user object permission	14	view_userobjectpermission
57	Can add permisos	15	add_permisos
58	Can change permisos	15	change_permisos
59	Can delete permisos	15	delete_permisos
60	Can view permisos	15	view_permisos
61	Can view menu	15	view_menu
62	Can assign perms	15	assign_perms
63	Can unable user	15	unable_user
64	Van view report	15	view_report
65	Can add campo extra	16	add_campoextra
66	Can change campo extra	16	change_campoextra
67	Can delete campo extra	16	delete_campoextra
68	Can view campo extra	16	view_campoextra
69	Can add fase	17	add_fase
70	Can change fase	17	change_fase
71	Can delete fase	17	delete_fase
72	Can view fase	17	view_fase
73	Can create item	17	create_item
74	Can aprove item	17	aprove_item
75	Can modify item	17	modify_item
76	Can unable item	17	unable_item
77	Reversionar item	17	reversionar_item
78	Relacionar item	17	relacionar_item
79	Can change item	17	change_item
80	Establecer tem como pendiente de aprobacin.	17	establecer_itemPendienteAprob
81	Establecer tem como en desarrollo.	17	establecer_itemDesarrollo
82	Obtener trazabilidad de tem.	17	obtener_trazabilidadItem
83	Visualizar tem.	17	ver_item
84	Deshabilitar Item	17	deshabilitar_item
85	Obtener clculo de impacto de tem.	17	obtener_calculoImpacto
86	Crear Lnea Base.	17	create_lineaBase
87	Modificar Linea Base.	17	modify_lineaBase
88	Ver Lnea Base.	17	ver_lineaBase
89	Romper Lnea Base.	17	break_lineaBase
90	Solicitar rotura de lnea base.	17	solicitar_roturaLineaBase
91	cerrar fase	17	cerrar_fase
92	Can add fase user	18	add_faseuser
93	Can change fase user	18	change_faseuser
94	Can delete fase user	18	delete_faseuser
95	Can view fase user	18	view_faseuser
96	Can add item	19	add_item
97	Can change item	19	change_item
98	Can delete item	19	delete_item
99	Can view item	19	view_item
100	Can add Proyecto	20	add_proyecto
101	Can change Proyecto	20	change_proyecto
102	Can delete Proyecto	20	delete_proyecto
103	Can view Proyecto	20	view_proyecto
104	Can do anything in project	20	is_gerente
105	Can inicialize proyecto	20	inicialize_proyecto
106	Can cancel proyecto	20	cancel_proyecto
107	Crear tipo de item	20	create_tipoItem
108	Importar tipo de item	20	import_tipoItem
109	Visualizar tipo de tem.	20	view_tipoItem
110	Modificar tipo de item	20	change_tipoItem
111	Eliminar tipo de item	20	delete_tipoItem
112	Can add miembros	20	add_miembros
113	Can delete miembros	20	delete_miembros
114	Can view miembros	20	view_miembros
115	Can create rol	20	create_rol
116	Can change rol	20	change_rol
117	Can delete rol	20	delete_rol
118	Can view rol	20	view_rol
119	Can assign rol	20	assign_rol
120	Can remove rol	20	remove_rol
121	Can create comite	20	create_comite
122	Can change comite	20	change_comite
123	Can view_comite comite	20	view_comite
124	Romper Lnea Base.	20	aprobar_rotura_lineaBase
125	Can add tipode item	21	add_tipodeitem
126	Can change tipode item	21	change_tipodeitem
127	Can delete tipode item	21	delete_tipodeitem
128	Can view tipode item	21	view_tipodeitem
129	Can add rotura linea base comprometida	22	add_roturalineabasecomprometida
130	Can change rotura linea base comprometida	22	change_roturalineabasecomprometida
131	Can delete rotura linea base comprometida	22	delete_roturalineabasecomprometida
132	Can view rotura linea base comprometida	22	view_roturalineabasecomprometida
133	Can add rotura linea base	23	add_roturalineabase
134	Can change rotura linea base	23	change_roturalineabase
135	Can delete rotura linea base	23	delete_roturalineabase
136	Can view rotura linea base	23	view_roturalineabase
137	Can add rol	24	add_rol
138	Can change rol	24	change_rol
139	Can delete rol	24	delete_rol
140	Can view rol	24	view_rol
141	Can add relacion	25	add_relacion
142	Can change relacion	25	change_relacion
143	Can delete relacion	25	delete_relacion
144	Can view relacion	25	view_relacion
145	Can add proyecto fase	26	add_proyectofase
146	Can change proyecto fase	26	change_proyectofase
147	Can delete proyecto fase	26	delete_proyectofase
148	Can view proyecto fase	26	view_proyectofase
149	Can add linea base	27	add_lineabase
150	Can change linea base	27	change_lineabase
151	Can delete linea base	27	delete_lineabase
152	Can view linea base	27	view_lineabase
153	Can add files	28	add_files
154	Can change files	28	change_files
155	Can delete files	28	delete_files
156	Can view files	28	view_files
157	Can add campo extra valores	29	add_campoextravalores
158	Can change campo extra valores	29	change_campoextravalores
159	Can delete campo extra valores	29	delete_campoextravalores
160	Can view campo extra valores	29	view_campoextravalores
161	Can add revision	30	add_revision
162	Can change revision	30	change_revision
163	Can delete revision	30	delete_revision
164	Can view revision	30	view_revision
165	Can add version	31	add_version
166	Can change version	31	change_version
167	Can delete version	31	delete_version
168	Can view version	31	view_version
169	Romper Lnea Base.	20	break_lineaBase
\.


--
-- TOC entry 3633 (class 0 OID 71423)
-- Dependencies: 207
-- Data for Name: auth_user; Type: TABLE DATA; Schema: public; Owner: admin4
--

COPY public.auth_user (id, password, last_login, is_superuser, username, first_name, last_name, email, is_staff, is_active, date_joined) FROM stdin;
1	!USZlOYDAqs1KAejFcVuPLiVh2WvLLGK7aJPzRzB6	\N	f	AnonymousUser				f	t	2020-10-10 15:10:32.182334-03
2	pbkdf2_sha256$180000$DrEjRxtvwBfq$AOScNupUoLLI17jjm635sMeWN4uUpzOSUKC8l2ZBvqI=	2020-10-15 15:57:46.284746-03	t	bruno			hplaaaaa@gmail.com	t	t	2020-10-10 15:10:59.411282-03
4	!H7Wg1QmgVncLSu3RWgmcCgNiqMjkoxcBhWnXGz0w	2020-10-10 18:17:40.099079-03	f	bruno_santiago	Bruno Santiago	Ruiz Diaz Sosa	pcdruizdiaz@fpuna.edu.py	f	f	2020-10-10 15:12:50.308155-03
11	!ck7btrjpdzTpBuzXPgK8yUbvTyXvVVWiNnT2uMgJ	2020-10-13 23:45:10.992404-03	f	sonia45	Sonia	Sosa de Ruiz Diaz	soniasosaderuizdiaz@gmail.com	f	f	2020-10-13 23:45:10.856082-03
13	!nIAN92ABN8mQGipzKYzvnnAqCJaeChwgc4LtexMq	2020-10-15 05:40:26.259525-03	f	norma_gisselle	Norma Gisselle	Ruiz Diaz Sosa	tiki11ruizdiaz@gmail.com	f	t	2020-10-14 03:32:42.055545-03
3	!705U8ns0Kwqz6ORikZDGgVNEMmcJasbQRsPOdyKF	2020-10-15 15:46:16.072869-03	f	bruno44	Bruno	Ruiz Diaz	pcdruizdiaz@gmail.com	f	t	2020-10-10 15:12:37-03
12	!WqHT98TEPQAI9ELuWTeKTRwC8mhVay4ykGgoRmzG	2020-10-15 15:46:37.179641-03	f	cristina18	Cristina	Vzquez	vazquezcristina618@gmail.com	f	t	2020-10-13 23:45:20.595944-03
\.


--
-- TOC entry 3635 (class 0 OID 71433)
-- Dependencies: 209
-- Data for Name: auth_user_groups; Type: TABLE DATA; Schema: public; Owner: admin4
--

COPY public.auth_user_groups (id, user_id, group_id) FROM stdin;
22	2	1
43	4	1
\.


--
-- TOC entry 3637 (class 0 OID 71441)
-- Dependencies: 211
-- Data for Name: auth_user_user_permissions; Type: TABLE DATA; Schema: public; Owner: admin4
--

COPY public.auth_user_user_permissions (id, user_id, permission_id) FROM stdin;
134	13	61
3	4	61
135	3	61
136	3	62
159	11	61
160	11	62
161	11	63
162	11	16
163	11	64
164	11	100
111	12	61
\.


--
-- TOC entry 3643 (class 0 OID 71538)
-- Dependencies: 217
-- Data for Name: django_admin_log; Type: TABLE DATA; Schema: public; Owner: admin4
--

COPY public.django_admin_log (id, action_time, object_id, object_repr, action_flag, change_message, content_type_id, user_id) FROM stdin;
1	2020-10-10 15:12:22.35971-03	1	GL	1	[{"added": {}}]	11	2
2	2020-10-10 15:36:17.0422-03	1	Proyecto object (1)	2	[{"changed": {"fields": ["Estado"]}}]	20	2
3	2020-10-10 16:06:30.091425-03	1	RoturaLineaBase object (1)	2	[{"changed": {"fields": ["Voto tres", "Votos registrados", "Estado"]}}]	23	2
4	2020-10-10 16:07:02.975677-03	1	LineaBase object (1)	2	[{"changed": {"fields": ["Estado"]}}]	27	2
5	2020-10-10 16:07:39.655734-03	1	Item object (1)	2	[{"changed": {"fields": ["Estado"]}}]	19	2
6	2020-10-10 16:07:55.720033-03	3	Item object (3)	2	[{"changed": {"fields": ["Estado"]}}]	19	2
7	2020-10-10 16:18:42.005015-03	1	RoturaLineaBase object (1)	2	[{"changed": {"fields": ["Voto tres", "Votos registrados", "Estado"]}}]	23	2
8	2020-10-10 16:19:01.478546-03	1	Item object (1)	2	[{"changed": {"fields": ["Estado"]}}]	19	2
9	2020-10-10 16:19:20.813141-03	3	Item object (3)	2	[{"changed": {"fields": ["Estado"]}}]	19	2
10	2020-10-10 16:19:34.576955-03	4	Item object (4)	2	[{"changed": {"fields": ["Estado"]}}]	19	2
11	2020-10-10 16:20:05.109873-03	1	RoturaLineaBaseComprometida object (1)	3		22	2
12	2020-10-10 16:20:30.613226-03	1	LineaBase object (1)	2	[{"changed": {"fields": ["Estado"]}}]	27	2
13	2020-10-10 16:20:44.883695-03	3	LineaBase object (3)	2	[{"changed": {"fields": ["Estado"]}}]	27	2
14	2020-10-10 16:47:42.054303-03	1	Item object (1)	2	[{"changed": {"fields": ["Estado"]}}]	19	2
15	2020-10-10 16:47:55.468867-03	3	Item object (3)	2	[{"changed": {"fields": ["Estado"]}}]	19	2
16	2020-10-10 16:48:08.320205-03	4	Item object (4)	2	[{"changed": {"fields": ["Estado"]}}]	19	2
17	2020-10-10 16:48:25.486032-03	1	LineaBase object (1)	2	[{"changed": {"fields": ["Estado"]}}]	27	2
18	2020-10-10 16:48:40.36414-03	3	LineaBase object (3)	2	[{"changed": {"fields": ["Estado"]}}]	27	2
19	2020-10-10 16:49:12.886334-03	1	RoturaLineaBase object (1)	2	[{"changed": {"fields": ["Voto tres", "Votos registrados", "Estado"]}}]	23	2
20	2020-10-10 16:49:27.048396-03	2	RoturaLineaBaseComprometida object (2)	3		22	2
21	2020-10-10 17:12:22.655237-03	11	Item object (11)	2	[{"changed": {"fields": ["Estado"]}}]	19	2
22	2020-10-10 17:13:43.877902-03	1	Item object (1)	2	[{"changed": {"fields": ["Estado"]}}]	19	2
23	2020-10-10 17:13:54.634478-03	3	Item object (3)	2	[{"changed": {"fields": ["Estado"]}}]	19	2
24	2020-10-10 17:14:14.637374-03	4	Item object (4)	2	[{"changed": {"fields": ["Estado"]}}]	19	2
25	2020-10-10 17:14:34.01476-03	10	Item object (10)	2	[{"changed": {"fields": ["Estado"]}}]	19	2
26	2020-10-10 17:14:58.922374-03	1	RoturaLineaBase object (1)	2	[{"changed": {"fields": ["Voto tres", "Votos registrados", "Estado"]}}]	23	2
27	2020-10-10 17:15:11.100981-03	1	LineaBase object (1)	2	[{"changed": {"fields": ["Estado"]}}]	27	2
28	2020-10-10 17:15:25.216633-03	3	LineaBase object (3)	2	[{"changed": {"fields": ["Estado"]}}]	27	2
29	2020-10-11 16:17:37.203863-03	3	bruno4	2	[{"changed": {"fields": ["Groups"]}}]	4	2
30	2020-10-11 16:54:37.205225-03	3	bruno4	2	[{"changed": {"fields": ["Groups"]}}]	4	2
31	2020-10-11 19:31:28.996165-03	2	Proyecto object (2)	2	[{"changed": {"fields": ["Estado"]}}]	20	2
32	2020-10-11 22:43:28.33968-03	5	cristina	2	[{"changed": {"fields": ["Active"]}}]	4	2
33	2020-10-12 22:57:33.125955-03	6	sonia	2	[{"changed": {"fields": ["Active"]}}]	4	2
34	2020-10-12 23:04:17.741213-03	7	norma_gisselle	3		4	2
35	2020-10-12 23:07:10.762704-03	8	norma_gisselle	3		4	2
36	2020-10-13 23:44:38.990956-03	5	cristina	3		4	2
37	2020-10-13 23:44:39.0622-03	9	norma_gisselle	3		4	2
38	2020-10-13 23:44:39.066267-03	6	sonia	3		4	2
39	2020-10-14 02:13:05.744253-03	1	Proyecto object (1)	2	[{"changed": {"fields": ["Creador"]}}]	20	2
40	2020-10-14 02:15:07.796677-03	1	Proyecto object (1)	2	[{"changed": {"fields": ["Gerente"]}}]	20	2
41	2020-10-14 03:32:27.746763-03	10	norma_gisselle	3		4	2
42	2020-10-15 01:00:07.463267-03	1	GL	2	[]	11	2
43	2020-10-15 03:05:00.51011-03	2	Proyecto object (2)	2	[{"changed": {"fields": ["Gerente"]}}]	20	2
44	2020-10-15 04:48:48.162106-03	4	RoturaLineaBase object (4)	2	[{"changed": {"fields": ["Voto uno", "Voto dos", "Voto tres", "Votos registrados", "Estado"]}}]	23	2
45	2020-10-15 04:49:49.773988-03	4	RoturaLineaBase object (4)	2	[{"changed": {"fields": ["Voto tres", "Votos registrados", "Estado"]}}]	23	2
46	2020-10-15 05:02:47.545307-03	5	LineaBase object (5)	2	[{"changed": {"fields": ["RoturaLineaBaseComprometida"]}}]	27	2
47	2020-10-15 05:03:27.996019-03	4	LineaBase object (4)	2	[{"changed": {"fields": ["RoturaLineaBaseComprometida"]}}]	27	2
48	2020-10-15 15:33:06.806669-03	1	GL	2	[{"changed": {"fields": ["Client id", "Secret key"]}}]	11	2
49	2020-10-15 16:46:57.982934-03	16	Item object (16)	2	[{"changed": {"fields": ["Estado"]}}]	19	2
50	2020-10-15 20:59:07.784497-03	19	Item object (19)	2	[{"changed": {"fields": ["Estado"]}}]	19	2
\.


--
-- TOC entry 3625 (class 0 OID 71387)
-- Dependencies: 199
-- Data for Name: django_content_type; Type: TABLE DATA; Schema: public; Owner: admin4
--

COPY public.django_content_type (id, app_label, model) FROM stdin;
1	admin	logentry
2	auth	permission
3	auth	group
4	auth	user
5	contenttypes	contenttype
6	sessions	session
7	sites	site
8	account	emailaddress
9	account	emailconfirmation
10	socialaccount	socialaccount
11	socialaccount	socialapp
12	socialaccount	socialtoken
13	guardian	groupobjectpermission
14	guardian	userobjectpermission
15	perms	permisos
16	proyecto	campoextra
17	proyecto	fase
18	proyecto	faseuser
19	proyecto	item
20	proyecto	proyecto
21	proyecto	tipodeitem
22	proyecto	roturalineabasecomprometida
23	proyecto	roturalineabase
24	proyecto	rol
25	proyecto	relacion
26	proyecto	proyectofase
27	proyecto	lineabase
28	proyecto	files
29	proyecto	campoextravalores
30	reversion	revision
31	reversion	version
\.


--
-- TOC entry 3623 (class 0 OID 71376)
-- Dependencies: 197
-- Data for Name: django_migrations; Type: TABLE DATA; Schema: public; Owner: admin4
--

COPY public.django_migrations (id, app, name, applied) FROM stdin;
1	contenttypes	0001_initial	2020-10-10 15:10:21.642508-03
2	auth	0001_initial	2020-10-10 15:10:22.013442-03
3	account	0001_initial	2020-10-10 15:10:22.646084-03
4	account	0002_email_max_length	2020-10-10 15:10:22.832359-03
5	admin	0001_initial	2020-10-10 15:10:22.95697-03
6	admin	0002_logentry_remove_auto_add	2020-10-10 15:10:23.087422-03
7	admin	0003_logentry_add_action_flag_choices	2020-10-10 15:10:23.134481-03
8	contenttypes	0002_remove_content_type_name	2020-10-10 15:10:23.221494-03
9	auth	0002_alter_permission_name_max_length	2020-10-10 15:10:23.25572-03
10	auth	0003_alter_user_email_max_length	2020-10-10 15:10:23.310644-03
11	auth	0004_alter_user_username_opts	2020-10-10 15:10:23.367582-03
12	auth	0005_alter_user_last_login_null	2020-10-10 15:10:23.497864-03
13	auth	0006_require_contenttypes_0002	2020-10-10 15:10:23.511978-03
14	auth	0007_alter_validators_add_error_messages	2020-10-10 15:10:23.562212-03
15	auth	0008_alter_user_username_max_length	2020-10-10 15:10:23.653855-03
16	auth	0009_alter_user_last_name_max_length	2020-10-10 15:10:23.707419-03
17	auth	0010_alter_group_name_max_length	2020-10-10 15:10:23.752296-03
18	auth	0011_update_proxy_permissions	2020-10-10 15:10:23.806594-03
19	guardian	0001_initial	2020-10-10 15:10:24.091452-03
20	guardian	0002_generic_permissions_index	2020-10-10 15:10:24.445782-03
21	perms	0001_initial	2020-10-10 15:10:24.522267-03
22	proyecto	0001_initial	2020-10-10 15:10:27.412107-03
23	proyecto	0002_item_faseid	2020-10-10 15:10:29.461206-03
24	reversion	0001_squashed_0004_auto_20160611_1202	2020-10-10 15:10:30.111941-03
25	sessions	0001_initial	2020-10-10 15:10:30.316698-03
26	sites	0001_initial	2020-10-10 15:10:30.424284-03
27	sites	0002_alter_domain_unique	2020-10-10 15:10:30.507432-03
28	socialaccount	0001_initial	2020-10-10 15:10:31.128445-03
29	socialaccount	0002_token_max_lengths	2020-10-10 15:10:31.48602-03
30	socialaccount	0003_extra_data_default_dict	2020-10-10 15:10:31.543781-03
31	proyecto	0003_auto_20201011_2015	2020-10-11 20:15:55.574071-03
32	proyecto	0004_auto_20201011_2019	2020-10-11 20:19:50.846486-03
\.


--
-- TOC entry 3710 (class 0 OID 72198)
-- Dependencies: 284
-- Data for Name: django_session; Type: TABLE DATA; Schema: public; Owner: admin4
--

COPY public.django_session (session_key, session_data, expire_date) FROM stdin;
cag8dzhs0mr73qvn4n2zdp48dd6l7706	YjZkYTdlNWZlOTg4NGNmMjFmYmZiOTEwNjhmYTg4MzM5NDU2NzlmZTp7Il9hdXRoX3VzZXJfaWQiOiIyIiwiX2F1dGhfdXNlcl9iYWNrZW5kIjoiZGphbmdvLmNvbnRyaWIuYXV0aC5iYWNrZW5kcy5Nb2RlbEJhY2tlbmQiLCJfYXV0aF91c2VyX2hhc2giOiI4MGFmMTQzYTRiNzgxNDYxM2Q4MmEwMWViYTcxNzJlMzJmN2VkMjA0IiwiX3Nlc3Npb25fZXhwaXJ5IjowfQ==	2020-10-24 21:22:44.188883-03
nn43r47dmq1uoxtf3z2d7yo1hn7x1onu	YjZkYTdlNWZlOTg4NGNmMjFmYmZiOTEwNjhmYTg4MzM5NDU2NzlmZTp7Il9hdXRoX3VzZXJfaWQiOiIyIiwiX2F1dGhfdXNlcl9iYWNrZW5kIjoiZGphbmdvLmNvbnRyaWIuYXV0aC5iYWNrZW5kcy5Nb2RlbEJhY2tlbmQiLCJfYXV0aF91c2VyX2hhc2giOiI4MGFmMTQzYTRiNzgxNDYxM2Q4MmEwMWViYTcxNzJlMzJmN2VkMjA0IiwiX3Nlc3Npb25fZXhwaXJ5IjowfQ==	2020-10-26 23:07:44.453418-03
donru454rtqff6jgtecd53dngmpfb3f5	YjZkYTdlNWZlOTg4NGNmMjFmYmZiOTEwNjhmYTg4MzM5NDU2NzlmZTp7Il9hdXRoX3VzZXJfaWQiOiIyIiwiX2F1dGhfdXNlcl9iYWNrZW5kIjoiZGphbmdvLmNvbnRyaWIuYXV0aC5iYWNrZW5kcy5Nb2RlbEJhY2tlbmQiLCJfYXV0aF91c2VyX2hhc2giOiI4MGFmMTQzYTRiNzgxNDYxM2Q4MmEwMWViYTcxNzJlMzJmN2VkMjA0IiwiX3Nlc3Npb25fZXhwaXJ5IjowfQ==	2020-10-27 16:37:08.381024-03
0ufyuhqs3lwbqn70de3jz1zwh40xs6xc	YjZkYTdlNWZlOTg4NGNmMjFmYmZiOTEwNjhmYTg4MzM5NDU2NzlmZTp7Il9hdXRoX3VzZXJfaWQiOiIyIiwiX2F1dGhfdXNlcl9iYWNrZW5kIjoiZGphbmdvLmNvbnRyaWIuYXV0aC5iYWNrZW5kcy5Nb2RlbEJhY2tlbmQiLCJfYXV0aF91c2VyX2hhc2giOiI4MGFmMTQzYTRiNzgxNDYxM2Q4MmEwMWViYTcxNzJlMzJmN2VkMjA0IiwiX3Nlc3Npb25fZXhwaXJ5IjowfQ==	2020-10-27 19:14:16.91694-03
vewnj1sbn966n6sy0vsmyzfc0nyxm0bi	YjZkYTdlNWZlOTg4NGNmMjFmYmZiOTEwNjhmYTg4MzM5NDU2NzlmZTp7Il9hdXRoX3VzZXJfaWQiOiIyIiwiX2F1dGhfdXNlcl9iYWNrZW5kIjoiZGphbmdvLmNvbnRyaWIuYXV0aC5iYWNrZW5kcy5Nb2RlbEJhY2tlbmQiLCJfYXV0aF91c2VyX2hhc2giOiI4MGFmMTQzYTRiNzgxNDYxM2Q4MmEwMWViYTcxNzJlMzJmN2VkMjA0IiwiX3Nlc3Npb25fZXhwaXJ5IjowfQ==	2020-10-25 18:17:41.529714-03
8tnqcasv6westa658sj87tw422spof9r	YjZkYTdlNWZlOTg4NGNmMjFmYmZiOTEwNjhmYTg4MzM5NDU2NzlmZTp7Il9hdXRoX3VzZXJfaWQiOiIyIiwiX2F1dGhfdXNlcl9iYWNrZW5kIjoiZGphbmdvLmNvbnRyaWIuYXV0aC5iYWNrZW5kcy5Nb2RlbEJhY2tlbmQiLCJfYXV0aF91c2VyX2hhc2giOiI4MGFmMTQzYTRiNzgxNDYxM2Q4MmEwMWViYTcxNzJlMzJmN2VkMjA0IiwiX3Nlc3Npb25fZXhwaXJ5IjowfQ==	2020-10-29 15:57:46.310428-03
680kosamnt6eyrhiqteh9nvhkn4dp511	YjZkYTdlNWZlOTg4NGNmMjFmYmZiOTEwNjhmYTg4MzM5NDU2NzlmZTp7Il9hdXRoX3VzZXJfaWQiOiIyIiwiX2F1dGhfdXNlcl9iYWNrZW5kIjoiZGphbmdvLmNvbnRyaWIuYXV0aC5iYWNrZW5kcy5Nb2RlbEJhY2tlbmQiLCJfYXV0aF91c2VyX2hhc2giOiI4MGFmMTQzYTRiNzgxNDYxM2Q4MmEwMWViYTcxNzJlMzJmN2VkMjA0IiwiX3Nlc3Npb25fZXhwaXJ5IjowfQ==	2020-10-29 06:28:11.073438-03
n7iwtb7e5u75bhveojrjxgy4g5luhuu4	YjZkYTdlNWZlOTg4NGNmMjFmYmZiOTEwNjhmYTg4MzM5NDU2NzlmZTp7Il9hdXRoX3VzZXJfaWQiOiIyIiwiX2F1dGhfdXNlcl9iYWNrZW5kIjoiZGphbmdvLmNvbnRyaWIuYXV0aC5iYWNrZW5kcy5Nb2RlbEJhY2tlbmQiLCJfYXV0aF91c2VyX2hhc2giOiI4MGFmMTQzYTRiNzgxNDYxM2Q4MmEwMWViYTcxNzJlMzJmN2VkMjA0IiwiX3Nlc3Npb25fZXhwaXJ5IjowfQ==	2020-10-28 03:57:54.85928-03
ek0w3e4erp3gbfmmrvecazndbii35ppo	M2E3NmFhNzVlY2UzMTQ5ODUwMzJhYzcxMWRhOGQyZmQ3Mzg0Y2FhYzp7InNvY2lhbGFjY291bnRfc3RhdGUiOlt7InByb2Nlc3MiOiJsb2dpbiIsInNjb3BlIjoiIiwiYXV0aF9wYXJhbXMiOiIifSwiMGthRjhsUkNwMm0zIl19	2020-10-29 14:06:05.042368-03
dlgrcd1amm6l89zt3plxzidp069ng0i7	YjZkYTdlNWZlOTg4NGNmMjFmYmZiOTEwNjhmYTg4MzM5NDU2NzlmZTp7Il9hdXRoX3VzZXJfaWQiOiIyIiwiX2F1dGhfdXNlcl9iYWNrZW5kIjoiZGphbmdvLmNvbnRyaWIuYXV0aC5iYWNrZW5kcy5Nb2RlbEJhY2tlbmQiLCJfYXV0aF91c2VyX2hhc2giOiI4MGFmMTQzYTRiNzgxNDYxM2Q4MmEwMWViYTcxNzJlMzJmN2VkMjA0IiwiX3Nlc3Npb25fZXhwaXJ5IjowfQ==	2020-10-28 22:37:11.257242-03
e2937w6zsc1bez7o26qer85l2obz91wl	YjZkYTdlNWZlOTg4NGNmMjFmYmZiOTEwNjhmYTg4MzM5NDU2NzlmZTp7Il9hdXRoX3VzZXJfaWQiOiIyIiwiX2F1dGhfdXNlcl9iYWNrZW5kIjoiZGphbmdvLmNvbnRyaWIuYXV0aC5iYWNrZW5kcy5Nb2RlbEJhY2tlbmQiLCJfYXV0aF91c2VyX2hhc2giOiI4MGFmMTQzYTRiNzgxNDYxM2Q4MmEwMWViYTcxNzJlMzJmN2VkMjA0IiwiX3Nlc3Npb25fZXhwaXJ5IjowfQ==	2020-10-25 22:44:15.967169-03
ucai3ei03k48kw1h2n5vhl6p9od4pgkr	YjZkYTdlNWZlOTg4NGNmMjFmYmZiOTEwNjhmYTg4MzM5NDU2NzlmZTp7Il9hdXRoX3VzZXJfaWQiOiIyIiwiX2F1dGhfdXNlcl9iYWNrZW5kIjoiZGphbmdvLmNvbnRyaWIuYXV0aC5iYWNrZW5kcy5Nb2RlbEJhY2tlbmQiLCJfYXV0aF91c2VyX2hhc2giOiI4MGFmMTQzYTRiNzgxNDYxM2Q4MmEwMWViYTcxNzJlMzJmN2VkMjA0IiwiX3Nlc3Npb25fZXhwaXJ5IjowfQ==	2020-10-25 23:31:54.591527-03
1vk6q3fnfzbjckcedzdnme1ql796ys50	YjZkYTdlNWZlOTg4NGNmMjFmYmZiOTEwNjhmYTg4MzM5NDU2NzlmZTp7Il9hdXRoX3VzZXJfaWQiOiIyIiwiX2F1dGhfdXNlcl9iYWNrZW5kIjoiZGphbmdvLmNvbnRyaWIuYXV0aC5iYWNrZW5kcy5Nb2RlbEJhY2tlbmQiLCJfYXV0aF91c2VyX2hhc2giOiI4MGFmMTQzYTRiNzgxNDYxM2Q4MmEwMWViYTcxNzJlMzJmN2VkMjA0IiwiX3Nlc3Npb25fZXhwaXJ5IjowfQ==	2020-10-26 15:36:04.204689-03
\.


--
-- TOC entry 3712 (class 0 OID 72210)
-- Dependencies: 286
-- Data for Name: django_site; Type: TABLE DATA; Schema: public; Owner: admin4
--

COPY public.django_site (id, domain, name) FROM stdin;
1	example.com	example.com
\.


--
-- TOC entry 3645 (class 0 OID 71571)
-- Dependencies: 219
-- Data for Name: guardian_groupobjectpermission; Type: TABLE DATA; Schema: public; Owner: admin4
--

COPY public.guardian_groupobjectpermission (id, object_pk, content_type_id, group_id, permission_id) FROM stdin;
1	1	17	1	69
2	1	17	1	74
3	1	17	1	89
4	1	17	1	91
5	1	17	1	70
6	1	17	1	73
7	1	17	1	86
8	1	17	1	71
9	1	17	1	84
10	1	17	1	81
11	1	17	1	80
12	1	17	1	75
13	1	17	1	87
14	1	17	1	85
15	1	17	1	82
16	1	17	1	78
17	1	17	1	77
18	1	17	1	90
19	1	17	1	83
20	1	17	1	88
21	1	17	1	72
22	2	17	1	69
23	2	17	1	74
24	2	17	1	89
25	2	17	1	91
26	2	17	1	70
27	2	17	1	73
28	2	17	1	86
29	2	17	1	71
30	2	17	1	84
31	2	17	1	81
32	2	17	1	80
33	2	17	1	75
34	2	17	1	87
35	2	17	1	85
36	2	17	1	82
37	2	17	1	78
38	2	17	1	77
39	2	17	1	90
40	2	17	1	83
41	2	17	1	88
42	2	17	1	72
43	3	17	1	69
44	3	17	1	74
45	3	17	1	89
46	3	17	1	91
47	3	17	1	70
48	3	17	1	73
49	3	17	1	86
50	3	17	1	71
51	3	17	1	84
52	3	17	1	81
53	3	17	1	80
54	3	17	1	75
55	3	17	1	87
56	3	17	1	85
57	3	17	1	82
58	3	17	1	78
59	3	17	1	77
60	3	17	1	90
61	3	17	1	83
62	3	17	1	88
63	3	17	1	72
64	5	17	2	69
65	5	17	2	91
66	5	17	2	70
67	5	17	2	80
68	5	17	2	87
69	5	17	2	85
70	5	17	2	82
71	5	17	2	77
72	5	17	2	90
73	5	17	2	83
74	5	17	2	88
75	5	17	2	72
76	5	17	2	73
77	5	17	2	71
\.


--
-- TOC entry 3647 (class 0 OID 71579)
-- Dependencies: 221
-- Data for Name: guardian_userobjectpermission; Type: TABLE DATA; Schema: public; Owner: admin4
--

COPY public.guardian_userobjectpermission (id, object_pk, content_type_id, permission_id, user_id) FROM stdin;
1	1	20	104	2
2	1	20	103	2
3	1	20	103	3
4	1	20	103	4
243	2	17	90	12
6	1	20	124	2
244	2	17	88	12
245	2	17	72	12
9	1	20	124	4
246	5	17	91	2
11	1	20	124	3
12	2	20	104	4
13	2	20	103	4
14	3	20	104	4
15	3	20	103	4
16	2	20	103	3
17	2	20	124	2
18	2	20	124	4
19	2	20	124	3
247	5	17	70	2
248	5	17	71	2
249	5	17	72	2
250	5	17	91	4
251	5	17	70	4
252	5	17	71	4
253	5	17	72	4
186	5	17	91	3
187	5	17	70	3
188	5	17	71	3
189	5	17	72	3
192	5	17	86	3
193	5	17	88	3
195	1	20	103	13
196	1	20	103	12
239	2	17	86	13
240	2	17	87	13
241	2	17	88	13
242	2	17	72	13
\.


--
-- TOC entry 3649 (class 0 OID 71629)
-- Dependencies: 223
-- Data for Name: perms_permisos; Type: TABLE DATA; Schema: public; Owner: admin4
--

COPY public.perms_permisos (id) FROM stdin;
\.


--
-- TOC entry 3651 (class 0 OID 71637)
-- Dependencies: 225
-- Data for Name: proyecto_campoextra; Type: TABLE DATA; Schema: public; Owner: admin4
--

COPY public.proyecto_campoextra (id, titulo) FROM stdin;
\.


--
-- TOC entry 3705 (class 0 OID 71872)
-- Dependencies: 279
-- Data for Name: proyecto_campoextravalores; Type: TABLE DATA; Schema: public; Owner: admin4
--

COPY public.proyecto_campoextravalores (id, valor, "campoExtra_id") FROM stdin;
\.


--
-- TOC entry 3653 (class 0 OID 71645)
-- Dependencies: 227
-- Data for Name: proyecto_fase; Type: TABLE DATA; Schema: public; Owner: admin4
--

COPY public.proyecto_fase (id, nombre, descripcion, estado) FROM stdin;
3	Fase3	fadsfaf	abierta
5	Fase1	PEDROZ	abierta
4	Fase4	fasdfadfags	cerrada
2	Fase2	fdasfasfas	abierta
6	Fase1	fdasfasf	abierta
1	Fase1	fadsfasfa	abierta
\.


--
-- TOC entry 3699 (class 0 OID 71848)
-- Dependencies: 273
-- Data for Name: proyecto_fase_items; Type: TABLE DATA; Schema: public; Owner: admin4
--

COPY public.proyecto_fase_items (id, fase_id, item_id) FROM stdin;
1	1	1
2	1	2
3	2	3
4	2	4
5	2	5
6	3	6
7	3	7
8	4	8
9	4	9
10	1	10
11	1	11
12	1	12
14	1	14
15	2	15
16	2	16
17	1	17
18	1	18
19	1	19
20	1	20
21	1	21
22	1	22
\.


--
-- TOC entry 3701 (class 0 OID 71856)
-- Dependencies: 275
-- Data for Name: proyecto_fase_lineasBase; Type: TABLE DATA; Schema: public; Owner: admin4
--

COPY public."proyecto_fase_lineasBase" (id, fase_id, lineabase_id) FROM stdin;
1	1	1
2	1	2
3	2	3
4	2	4
5	3	5
6	4	6
7	1	7
8	1	8
9	2	9
10	1	10
\.


--
-- TOC entry 3703 (class 0 OID 71864)
-- Dependencies: 277
-- Data for Name: proyecto_fase_tipoItem; Type: TABLE DATA; Schema: public; Owner: admin4
--

COPY public."proyecto_fase_tipoItem" (id, fase_id, tipodeitem_id) FROM stdin;
1	1	1
2	2	1
3	3	1
4	4	1
5	5	6
\.


--
-- TOC entry 3655 (class 0 OID 71653)
-- Dependencies: 229
-- Data for Name: proyecto_faseuser; Type: TABLE DATA; Schema: public; Owner: admin4
--

COPY public.proyecto_faseuser (id, fase_id, user_id) FROM stdin;
2	1	2
3	1	4
4	2	2
5	2	4
7	3	2
8	3	4
10	2	3
29	5	3
32	2	13
33	2	12
34	5	2
35	5	4
\.


--
-- TOC entry 3697 (class 0 OID 71840)
-- Dependencies: 271
-- Data for Name: proyecto_files; Type: TABLE DATA; Schema: public; Owner: admin4
--

COPY public.proyecto_files (id, file, item_id) FROM stdin;
1	proyectoview	12
2	VirtualHostIS2.txt	12
3	VirtualHostIS2.txt	12
4	Forex_Investigacin	12
5	VirtualHostIS2.txt	12
6	Forex_Investigacin	12
7	VirtualHostIS2.txt	12
8	BrunoRuizDiaz_Acctividad5.1.pdf	12
9	VirtualHostIS2.txt	12
10	Forex_Investigacin	12
11	BrunoRuizDiaz_Acctividad5.1.pdf	12
12	VirtualHostIS2.txt	12
13	d3.html	12
14	Space-Shooter-Tutorial.zip	12
15	ejer.c	12
16	Mis_datos_1.docx	12
17	Space-Shooter-Tutorial.zip	12
18	ejer.c	12
19	hosts	12
20	a.out	12
\.


--
-- TOC entry 3657 (class 0 OID 71661)
-- Dependencies: 231
-- Data for Name: proyecto_item; Type: TABLE DATA; Schema: public; Owner: admin4
--

COPY public.proyecto_item (id, nombre, campo_extra_valores, fecha, estado, observacion, costo, version, archivos, "tipoItem_id", faseid) FROM stdin;
9	Mitem4_2	{fadsf}	2020-10-11	en linea base	gasdgas	123	0	{}	1	4
8	Mitem4_1	{fadsf}	2020-10-18	en linea base	fasd	123	0	{}	1	4
19	fasdkkkkkkkkkkkk	{fadsf}	2020-10-15	en linea base	fdas	1233	1	{}	1	1
12	Esto es un item xd	{fadsf}	2020-10-25	en linea base	f lp3 	123	18	{"Mis datos (1).docx",ejer.c,hosts,a.out}	1	1
2	MItem1_2	{fadsf}	2020-10-18	en linea base	fasd	123	0	{}	1	1
1	Mitem1_1	{fadsf}	2020-10-09	en revision	fasd	123	0	{}	1	1
10	Mitem1_3	{fadsf}	2020-10-07	en revision	fasd	123	0	{}	1	1
11	Mitem1_4	{fadsf}	2020-10-24	en revision	gasdgas	135	0	{}	1	1
4	Mitem2_2	{fadsf}	2020-10-11	en revision	fasd	13	0	{}	1	2
3	Mitem2_1	{fadsf}	2020-10-25	en revision	gasdgas	123	0	{}	1	2
5	Mitem2_3	{fadsf}	2020-10-18	en revision	fasdf	123	0	{}	1	2
6	Mitem3_1	{fadsf}	2020-10-18	en revision	gasdgas	123	0	{}	1	3
7	Mitem3_2	{fadsf}	2020-10-23	en desarrollo	gasdgas	123	0	{}	1	3
14	itemaga	{fadsf}	2020-10-10	en revision	fasdf	1233	0	{}	1	1
15	pruebacomprometida	{fadsf}	2020-10-02	en linea base	fasd	1233	0	{}	1	2
16	enrevisionxd	{fadsf}	2020-10-08	en revision	gasdgas	13	0	{}	1	2
20	mensaje	{fadsf}	2020-10-23	en desarrollo	gasdgas	13	0	{}	1	1
21	Fase1	{fadsf}	2020-10-09	en desarrollo	fasd	1233	0	{}	1	1
17	preuebamensaje	{fadsf}	2020-10-03	deshabilitado	fasd	1233	0	{}	1	1
18	segundapreua	{d}	2020-10-11	deshabilitado	gasdgas	13	0	{}	1	1
22	Fase1dfas	{d}	2020-10-08	en desarrollo	gasdgas	1233	0	{}	1	1
\.


--
-- TOC entry 3689 (class 0 OID 71803)
-- Dependencies: 263
-- Data for Name: proyecto_lineabase; Type: TABLE DATA; Schema: public; Owner: admin4
--

COPY public.proyecto_lineabase (id, nombre, estado, creador_id) FROM stdin;
1	LineaBase1-Fase1	rota	2
2	LineaBase2-Fase1	cerrada	2
3	LineaBase1-Fase2	rota	2
6	LineaBase1-Fase4	cerrada	2
7	LineaBase3-Fase1	abierta	2
8	LineaBase4-Fase1	rota	2
5	LineaBase1-Fase3	comprometida	2
4	LineaBase2-Fase2	comprometida	2
9	LineaBase3-Fase2	cerrada	2
10	LineaBase5-Fase1	cerrada	2
\.


--
-- TOC entry 3691 (class 0 OID 71811)
-- Dependencies: 265
-- Data for Name: proyecto_lineabase_items; Type: TABLE DATA; Schema: public; Owner: admin4
--

COPY public.proyecto_lineabase_items (id, lineabase_id, item_id) FROM stdin;
1	1	1
2	2	2
3	3	4
4	4	5
5	5	6
6	6	9
7	6	8
8	7	12
9	8	14
10	9	15
11	10	19
\.


--
-- TOC entry 3693 (class 0 OID 71819)
-- Dependencies: 267
-- Data for Name: proyecto_lineabase_roturaLineaBaseComprometida; Type: TABLE DATA; Schema: public; Owner: admin4
--

COPY public."proyecto_lineabase_roturaLineaBaseComprometida" (id, lineabase_id, roturalineabasecomprometida_id) FROM stdin;
3	3	3
4	3	4
5	4	5
6	5	6
7	5	3
8	5	4
9	5	5
10	4	3
11	4	4
12	4	6
\.


--
-- TOC entry 3695 (class 0 OID 71827)
-- Dependencies: 269
-- Data for Name: proyecto_lineabase_roturaslineasBase; Type: TABLE DATA; Schema: public; Owner: admin4
--

COPY public."proyecto_lineabase_roturaslineasBase" (id, lineabase_id, roturalineabase_id) FROM stdin;
1	1	1
2	2	2
3	4	3
4	8	4
5	9	5
6	9	6
15	9	15
\.


--
-- TOC entry 3659 (class 0 OID 71672)
-- Dependencies: 233
-- Data for Name: proyecto_proyecto; Type: TABLE DATA; Schema: public; Owner: admin4
--

COPY public.proyecto_proyecto (id, nombre, descripcion, fecha_inicio, fecha_fin, estado, creador_id, gerente_id) FROM stdin;
3	Proyecto de mierda	Vamos a tomar terere con el amigo	2020-10-30	2020-11-07	pendiente	2	4
1	Prueba_Rotura	fadsfahhhPEDROFASD	2020-10-10	2020-10-16	inicializado	3	3
2	Fix-campos-extra	fas	2020-10-31	2020-10-25	pendiente	2	2
\.


--
-- TOC entry 3661 (class 0 OID 71683)
-- Dependencies: 235
-- Data for Name: proyecto_proyecto_comite; Type: TABLE DATA; Schema: public; Owner: admin4
--

COPY public.proyecto_proyecto_comite (id, proyecto_id, user_id) FROM stdin;
1	1	2
4	1	4
6	1	3
20	2	3
21	3	2
\.


--
-- TOC entry 3683 (class 0 OID 71779)
-- Dependencies: 257
-- Data for Name: proyecto_proyecto_roles; Type: TABLE DATA; Schema: public; Owner: admin4
--

COPY public.proyecto_proyecto_roles (id, proyecto_id, rol_id) FROM stdin;
1	1	1
2	2	2
3	2	3
4	2	4
5	1	5
6	1	6
7	1	7
8	2	8
10	2	10
16	3	16
\.


--
-- TOC entry 3685 (class 0 OID 71787)
-- Dependencies: 259
-- Data for Name: proyecto_proyecto_tipoItem; Type: TABLE DATA; Schema: public; Owner: admin4
--

COPY public."proyecto_proyecto_tipoItem" (id, proyecto_id, tipodeitem_id) FROM stdin;
1	1	1
2	2	2
6	2	6
7	2	7
8	2	8
9	2	9
11	2	11
12	2	12
13	2	13
14	2	14
15	2	15
16	2	16
17	2	17
18	2	18
20	1	14
\.


--
-- TOC entry 3687 (class 0 OID 71795)
-- Dependencies: 261
-- Data for Name: proyecto_proyecto_usuarios; Type: TABLE DATA; Schema: public; Owner: admin4
--

COPY public.proyecto_proyecto_usuarios (id, proyecto_id, user_id) FROM stdin;
1	1	2
3	1	3
4	1	4
6	2	2
7	2	4
8	3	2
9	3	4
10	2	3
12	1	13
13	1	12
\.


--
-- TOC entry 3681 (class 0 OID 71766)
-- Dependencies: 255
-- Data for Name: proyecto_proyectofase; Type: TABLE DATA; Schema: public; Owner: admin4
--

COPY public.proyecto_proyectofase (id, fase_id, proyecto_id) FROM stdin;
1	1	1
2	2	1
3	3	1
4	4	1
5	5	2
6	6	3
\.


--
-- TOC entry 3679 (class 0 OID 71758)
-- Dependencies: 253
-- Data for Name: proyecto_relacion; Type: TABLE DATA; Schema: public; Owner: admin4
--

COPY public.proyecto_relacion (id, tipo, fase_item_to_id, item_from_id, item_to_id) FROM stdin;
1	antecesor	2	1	3
2	sucesor	1	3	1
3	antecesor	2	2	4
4	sucesor	1	4	2
5	padre	2	3	4
6	hijo	2	4	3
7	padre	2	4	5
8	hijo	2	5	4
9	antecesor	3	4	6
10	sucesor	2	6	4
11	antecesor	3	5	7
12	sucesor	2	7	5
13	antecesor	4	6	8
14	sucesor	3	8	6
15	padre	4	8	9
16	hijo	4	9	8
17	padre	1	1	10
18	hijo	1	10	1
19	padre	1	10	11
20	hijo	1	11	10
21	antecesor	2	2	15
22	sucesor	1	15	2
\.


--
-- TOC entry 3675 (class 0 OID 71742)
-- Dependencies: 249
-- Data for Name: proyecto_rol; Type: TABLE DATA; Schema: public; Owner: admin4
--

COPY public.proyecto_rol (id, nombre, perms_id) FROM stdin;
4	nocorrupto	4
1	dios	1
5	SoloVERLB	5
6	TodoMenosSolicitarxd	6
7	SolicitarLB	7
2	hola	2
3	sincrear	3
8	xs	8
10	fasdfasd	10
11	rolprua	11
12	xsssss	12
13	gffff	13
16	fasd	16
15	hj	15
\.


--
-- TOC entry 3677 (class 0 OID 71750)
-- Dependencies: 251
-- Data for Name: proyecto_rol_faseUser; Type: TABLE DATA; Schema: public; Owner: admin4
--

COPY public."proyecto_rol_faseUser" (id, rol_id, faseuser_id) FROM stdin;
2	1	2
3	1	3
4	1	4
5	1	5
7	1	7
8	1	8
10	1	10
35	2	29
38	3	29
39	4	29
44	6	32
45	7	33
46	2	34
47	3	35
\.


--
-- TOC entry 3669 (class 0 OID 71718)
-- Dependencies: 243
-- Data for Name: proyecto_roturalineabase; Type: TABLE DATA; Schema: public; Owner: admin4
--

COPY public.proyecto_roturalineabase (id, descripcion_solicitud, voto_uno, voto_dos, voto_tres, fecha, estado, solicitante_id) FROM stdin;
1	jwjuw	1	1	1	2020-10-10 15:46:46.345088	aprobado	2
2	porfin	-1	-1	-1	2020-10-10 17:33:50.695613	pendiente	2
3	hjh	-1	-1	-1	2020-10-10 18:16:59.621838	pendiente	2
4	para probar	1	1	0	2020-10-15 04:47:06.253949	aprobado	2
5	para pribar el te ma dea comite	-1	-1	-1	2020-10-15 05:45:14.562974	pendiente	12
6	para pribar el te ma dea comite	-1	-1	-1	2020-10-15 05:45:34.331266	pendiente	12
15	fasd	-1	-1	-1	2020-10-15 06:24:17.103452	pendiente	12
\.


--
-- TOC entry 3671 (class 0 OID 71726)
-- Dependencies: 245
-- Data for Name: proyecto_roturalineabase_items_implicados; Type: TABLE DATA; Schema: public; Owner: admin4
--

COPY public.proyecto_roturalineabase_items_implicados (id, roturalineabase_id, item_id) FROM stdin;
1	1	1
2	2	2
3	3	5
4	4	14
5	5	15
6	6	15
15	15	15
\.


--
-- TOC entry 3673 (class 0 OID 71734)
-- Dependencies: 247
-- Data for Name: proyecto_roturalineabase_votos_registrados; Type: TABLE DATA; Schema: public; Owner: admin4
--

COPY public.proyecto_roturalineabase_votos_registrados (id, roturalineabase_id, user_id) FROM stdin;
3	1	4
7	1	2
11	4	3
12	4	4
13	4	2
\.


--
-- TOC entry 3665 (class 0 OID 71702)
-- Dependencies: 239
-- Data for Name: proyecto_roturalineabasecomprometida; Type: TABLE DATA; Schema: public; Owner: admin4
--

COPY public.proyecto_roturalineabasecomprometida (id, uno_voto_comprometida, dos_voto_comprometida, tres_voto_comprometida, comprometida_estado) FROM stdin;
3	-1	-1	-1	pendiente
4	1	1	1	aprobado
5	-1	-1	-1	pendiente
6	-1	-1	-1	pendiente
\.


--
-- TOC entry 3667 (class 0 OID 71710)
-- Dependencies: 241
-- Data for Name: proyecto_roturalineabasecomprometida_registrados_votos_comp6f7e; Type: TABLE DATA; Schema: public; Owner: admin4
--

COPY public.proyecto_roturalineabasecomprometida_registrados_votos_comp6f7e (id, roturalineabasecomprometida_id, user_id) FROM stdin;
2	4	2
3	4	3
4	4	4
\.


--
-- TOC entry 3663 (class 0 OID 71691)
-- Dependencies: 237
-- Data for Name: proyecto_tipodeitem; Type: TABLE DATA; Schema: public; Owner: admin4
--

COPY public.proyecto_tipodeitem (id, "nombreTipo", descripcion, campo_extra) FROM stdin;
1	RF	Requerimiento Funcional	{Hola}
3	RF	Req no funcional	{prueba}
4	RF	Requerimiento Funcional	{a}
5	RF	fadfa	{""}
6	RF	Requerimiento Funcional	{Empresa,"Encargado de mantenimiento"}
7	fasdf	fads	{"Pedro ","Hola "}
8	Pedro	Requerimiento Funcional	{"Hola que tal"," tu hermana"," amigo de Pedro",""}
2	RNF	Requerimiento Funcional	{Pedrito}
9	Lima	Req no funcional	{Holaxd,empresa}
10	RF sin campo	ESTE ES UN TIPO DE ITEM Q	{""}
11	RF sin campo	Requerimiento Funciona	{""}
12	SINCAMPO	Requerimiento Funcional	{""}
13	RF-vacio	FASDF	{""}
14	vacioporfa	Requerimiento Funcional	{""}
15	vacioyabastaxfa	Requerimiento Funcional	{""}
16	tengohambre	Requerimiento Funcional	{}
17	pedrotonto	Requerimiento Funcional	{Empresa,MIllones}
18	js	Requerimiento Funcional	{fds}
\.


--
-- TOC entry 3707 (class 0 OID 72157)
-- Dependencies: 281
-- Data for Name: reversion_revision; Type: TABLE DATA; Schema: public; Owner: admin4
--

COPY public.reversion_revision (id, date_created, comment, user_id) FROM stdin;
1	2020-10-10 15:17:18.01435-03		2
2	2020-10-10 15:17:24.636155-03		2
3	2020-10-10 15:17:30.80339-03		2
4	2020-10-10 15:18:05.58805-03		2
5	2020-10-10 15:19:08.197311-03	holibb...	2
6	2020-10-10 15:19:27.026701-03	holibb...	2
7	2020-10-10 15:21:58.394119-03		2
8	2020-10-10 15:22:01.997027-03		2
9	2020-10-10 15:23:32.127484-03		2
10	2020-10-10 15:24:01.343159-03	holibb...	2
11	2020-10-10 15:24:24.990271-03	holibb...	2
12	2020-10-10 15:25:04.943655-03		2
13	2020-10-10 15:25:27.002493-03		2
14	2020-10-10 15:25:58.301622-03	holibb...	2
15	2020-10-10 15:26:47.971339-03		2
16	2020-10-10 15:27:31.229302-03		2
17	2020-10-10 15:28:07.360844-03		2
18	2020-10-10 15:29:03.653512-03		2
19	2020-10-10 15:29:54.30405-03		2
20	2020-10-10 15:31:01.943014-03	holibb...	2
21	2020-10-10 15:31:26.779864-03	holibb...	2
22	2020-10-10 15:32:06.331202-03		2
23	2020-10-10 15:32:22.328325-03		2
24	2020-10-10 15:36:36.933374-03		2
25	2020-10-10 15:37:05.173326-03		2
26	2020-10-10 15:37:33.514285-03	holibb...	2
27	2020-10-10 15:37:52.217885-03	holibb...	2
28	2020-10-10 15:38:22.931387-03		2
29	2020-10-10 15:38:44.597504-03		2
30	2020-10-10 15:39:12.570004-03		2
31	2020-10-10 15:46:46.32186-03		2
32	2020-10-10 16:07:02.690839-03		2
33	2020-10-10 16:07:39.589441-03	Modificado Estado.	2
34	2020-10-10 16:07:55.667864-03	Modificado Estado.	2
35	2020-10-10 16:19:01.389209-03	Modificado Estado.	2
36	2020-10-10 16:19:20.743829-03	Modificado Estado.	2
37	2020-10-10 16:19:34.517033-03	Modificado Estado.	2
38	2020-10-10 16:20:30.483959-03		2
39	2020-10-10 16:20:44.764002-03		2
42	2020-10-10 16:47:41.999184-03	Modificado Estado.	2
43	2020-10-10 16:47:55.410268-03	Modificado Estado.	2
44	2020-10-10 16:48:08.268302-03	Modificado Estado.	2
45	2020-10-10 16:48:25.306956-03		2
46	2020-10-10 16:48:40.225152-03		2
47	2020-10-10 16:50:02.371306-03		2
48	2020-10-10 16:50:35.673722-03		2
49	2020-10-10 17:12:22.563064-03	Modificado Estado.	2
50	2020-10-10 17:13:43.822989-03	Modificado Estado.	2
51	2020-10-10 17:13:54.564157-03	Modificado Estado.	2
52	2020-10-10 17:14:14.567436-03	Modificado Estado.	2
53	2020-10-10 17:14:33.965303-03	Modificado Estado.	2
54	2020-10-10 17:15:10.974851-03		2
55	2020-10-10 17:15:25.085899-03		2
56	2020-10-10 17:33:50.673479-03		2
57	2020-10-10 18:16:59.600169-03		2
58	2020-10-11 12:04:25.650826-03	holibb...	2
59	2020-10-11 14:07:47.045174-03		2
60	2020-10-11 16:14:04.595054-03		2
61	2020-10-11 19:37:28.519816-03		3
62	2020-10-11 20:29:16.123093-03	modificada...	2
63	2020-10-11 20:58:07.545286-03	modificada...	2
64	2020-10-11 20:59:25.573196-03	modificada...	2
65	2020-10-11 21:02:14.715305-03	modificada...	2
66	2020-10-11 21:02:38.25272-03	modificada...	2
67	2020-10-11 21:02:57.930747-03	modificada...	2
68	2020-10-11 21:03:20.569453-03	modificada...	2
69	2020-10-11 21:04:12.346557-03	modificada...	2
70	2020-10-11 21:05:17.121278-03	modificada...	2
71	2020-10-11 21:05:47.419122-03	modificada...	2
72	2020-10-11 21:06:50.688382-03	modificada...	2
73	2020-10-11 21:10:24.692765-03	modificada...	2
74	2020-10-11 21:12:24.494858-03	modificada...	2
75	2020-10-11 21:12:49.627499-03	modificada...	2
76	2020-10-11 21:14:21.200487-03	modificada...	2
77	2020-10-11 21:16:41.999288-03	modificada...	2
78	2020-10-11 21:17:08.923033-03	modificada...	2
79	2020-10-11 21:17:41.878224-03	modificada...	2
80	2020-10-11 21:57:01.728238-03		2
40	2020-10-10 16:46:34.659776-03	holibb...	\N
41	2020-10-10 16:47:07.376886-03	holibb...	\N
81	2020-10-15 04:43:29.350509-03		2
82	2020-10-15 04:46:12.647584-03	holibb...	2
83	2020-10-15 04:46:46.300021-03		2
84	2020-10-15 04:47:06.236116-03		2
85	2020-10-15 04:51:20.116348-03	holibb...	2
86	2020-10-15 04:51:48.51481-03		2
87	2020-10-15 04:52:23.762842-03		2
88	2020-10-15 05:02:47.355015-03		2
89	2020-10-15 05:03:27.842396-03		2
90	2020-10-15 05:45:14.545348-03		12
91	2020-10-15 05:45:34.313345-03		12
92	2020-10-15 06:24:17.084741-03		12
93	2020-10-15 16:04:21.434702-03		2
94	2020-10-15 16:46:05.549857-03	holibb...	2
95	2020-10-15 16:46:57.936944-03	Modificado Estado.	2
96	2020-10-15 20:23:47.16153-03	holibb...	2
97	2020-10-15 20:24:35.038871-03	holibb...	2
98	2020-10-15 20:26:18.427437-03	holibb...	2
99	2020-10-15 20:27:48.209007-03	holibb...	2
100	2020-10-15 20:29:54.143283-03	holibb...	2
101	2020-10-15 20:32:09.996709-03	holibb...	2
102	2020-10-15 20:35:25.014159-03	modificada...	2
103	2020-10-15 20:40:52.656274-03	modificada...	2
104	2020-10-15 20:59:07.714979-03	Modificado Estado.	2
105	2020-10-15 21:14:43.106824-03		2
\.


--
-- TOC entry 3709 (class 0 OID 72168)
-- Dependencies: 283
-- Data for Name: reversion_version; Type: TABLE DATA; Schema: public; Owner: admin4
--

COPY public.reversion_version (id, object_id, format, serialized_data, object_repr, content_type_id, revision_id, db) FROM stdin;
1	1	json	[{"model": "proyecto.fase", "pk": 1, "fields": {"nombre": "Fase1", "descripcion": "fadsfasfa", "estado": "abierta", "items": [], "tipoItem": [], "lineasBase": []}}]	Fase object (1)	17	1	default
2	2	json	[{"model": "proyecto.fase", "pk": 2, "fields": {"nombre": "Fase2", "descripcion": "fdasfasfas", "estado": "abierta", "items": [], "tipoItem": [], "lineasBase": []}}]	Fase object (2)	17	2	default
3	3	json	[{"model": "proyecto.fase", "pk": 3, "fields": {"nombre": "Fase3", "descripcion": "fadsfaf", "estado": "abierta", "items": [], "tipoItem": [], "lineasBase": []}}]	Fase object (3)	17	3	default
4	1	json	[{"model": "proyecto.fase", "pk": 1, "fields": {"nombre": "Fase1", "descripcion": "fadsfasfa", "estado": "abierta", "items": [], "tipoItem": [1], "lineasBase": []}}]	Fase object (1)	17	4	default
5	1	json	[{"model": "proyecto.item", "pk": 1, "fields": {"tipoItem": 1, "nombre": "Mitem1_1", "campo_extra_valores": "[\\"fadsf\\"]", "fecha": "2020-10-09", "estado": "en desarrollo", "observacion": "fasd", "costo": "123", "version": 0, "archivos": "[]", "faseid": "1"}}]	Item object (1)	19	5	default
6	1	json	[{"model": "proyecto.fase", "pk": 1, "fields": {"nombre": "Fase1", "descripcion": "fadsfasfa", "estado": "abierta", "items": [1], "tipoItem": [1], "lineasBase": []}}]	Fase object (1)	17	5	default
7	2	json	[{"model": "proyecto.item", "pk": 2, "fields": {"tipoItem": 1, "nombre": "MItem1_2", "campo_extra_valores": "[\\"fadsf\\"]", "fecha": "2020-10-18", "estado": "en desarrollo", "observacion": "fasd", "costo": "123", "version": 0, "archivos": "[]", "faseid": "1"}}]	Item object (2)	19	6	default
8	1	json	[{"model": "proyecto.fase", "pk": 1, "fields": {"nombre": "Fase1", "descripcion": "fadsfasfa", "estado": "abierta", "items": [1, 2], "tipoItem": [1], "lineasBase": []}}]	Fase object (1)	17	6	default
9	1	json	[{"model": "proyecto.lineabase", "pk": 1, "fields": {"nombre": "LineaBase1-Fase1", "estado": "abierta", "creador": 2, "items": [1], "roturaslineasBase": [], "roturaLineaBaseComprometida": []}}]	LineaBase object (1)	27	7	default
10	1	json	[{"model": "proyecto.item", "pk": 1, "fields": {"tipoItem": 1, "nombre": "Mitem1_1", "campo_extra_valores": "[\\"fadsf\\"]", "fecha": "2020-10-09", "estado": "en linea base", "observacion": "fasd", "costo": 123, "version": 0, "archivos": "[]", "faseid": 1}}]	Item object (1)	19	7	default
11	1	json	[{"model": "proyecto.fase", "pk": 1, "fields": {"nombre": "Fase1", "descripcion": "fadsfasfa", "estado": "abierta", "items": [1, 2], "tipoItem": [1], "lineasBase": [1]}}]	Fase object (1)	17	7	default
12	2	json	[{"model": "proyecto.lineabase", "pk": 2, "fields": {"nombre": "LineaBase2-Fase1", "estado": "abierta", "creador": 2, "items": [2], "roturaslineasBase": [], "roturaLineaBaseComprometida": []}}]	LineaBase object (2)	27	8	default
13	2	json	[{"model": "proyecto.item", "pk": 2, "fields": {"tipoItem": 1, "nombre": "MItem1_2", "campo_extra_valores": "[\\"fadsf\\"]", "fecha": "2020-10-18", "estado": "en linea base", "observacion": "fasd", "costo": 123, "version": 0, "archivos": "[]", "faseid": 1}}]	Item object (2)	19	8	default
14	1	json	[{"model": "proyecto.fase", "pk": 1, "fields": {"nombre": "Fase1", "descripcion": "fadsfasfa", "estado": "abierta", "items": [1, 2], "tipoItem": [1], "lineasBase": [1, 2]}}]	Fase object (1)	17	8	default
15	2	json	[{"model": "proyecto.fase", "pk": 2, "fields": {"nombre": "Fase2", "descripcion": "fdasfasfas", "estado": "abierta", "items": [], "tipoItem": [1], "lineasBase": []}}]	Fase object (2)	17	9	default
16	3	json	[{"model": "proyecto.item", "pk": 3, "fields": {"tipoItem": 1, "nombre": "Mitem2_1", "campo_extra_valores": "[\\"fadsf\\"]", "fecha": "2020-10-25", "estado": "en desarrollo", "observacion": "gasdgas", "costo": "123", "version": 0, "archivos": "[]", "faseid": "2"}}]	Item object (3)	19	10	default
17	2	json	[{"model": "proyecto.fase", "pk": 2, "fields": {"nombre": "Fase2", "descripcion": "fdasfasfas", "estado": "abierta", "items": [3], "tipoItem": [1], "lineasBase": []}}]	Fase object (2)	17	10	default
18	4	json	[{"model": "proyecto.item", "pk": 4, "fields": {"tipoItem": 1, "nombre": "Mitem2_2", "campo_extra_valores": "[\\"fadsf\\"]", "fecha": "2020-10-11", "estado": "en desarrollo", "observacion": "fasd", "costo": "13", "version": 0, "archivos": "[]", "faseid": "2"}}]	Item object (4)	19	11	default
19	2	json	[{"model": "proyecto.fase", "pk": 2, "fields": {"nombre": "Fase2", "descripcion": "fdasfasfas", "estado": "abierta", "items": [3, 4], "tipoItem": [1], "lineasBase": []}}]	Fase object (2)	17	11	default
20	1	json	[{"model": "proyecto.relacion", "pk": 1, "fields": {"tipo": "antecesor", "fase_item_to": 2, "item_from": 1, "item_to": 3}}]	Relacion object (1)	25	12	default
21	2	json	[{"model": "proyecto.relacion", "pk": 2, "fields": {"tipo": "sucesor", "fase_item_to": 1, "item_from": 3, "item_to": 1}}]	Relacion object (2)	25	12	default
22	3	json	[{"model": "proyecto.relacion", "pk": 3, "fields": {"tipo": "antecesor", "fase_item_to": 2, "item_from": 2, "item_to": 4}}]	Relacion object (3)	25	13	default
23	4	json	[{"model": "proyecto.relacion", "pk": 4, "fields": {"tipo": "sucesor", "fase_item_to": 1, "item_from": 4, "item_to": 2}}]	Relacion object (4)	25	13	default
24	5	json	[{"model": "proyecto.item", "pk": 5, "fields": {"tipoItem": 1, "nombre": "Mitem2_3", "campo_extra_valores": "[\\"fadsf\\"]", "fecha": "2020-10-18", "estado": "en desarrollo", "observacion": "fasdf", "costo": "123", "version": 0, "archivos": "[]", "faseid": "2"}}]	Item object (5)	19	14	default
25	2	json	[{"model": "proyecto.fase", "pk": 2, "fields": {"nombre": "Fase2", "descripcion": "fdasfasfas", "estado": "abierta", "items": [3, 4, 5], "tipoItem": [1], "lineasBase": []}}]	Fase object (2)	17	14	default
26	5	json	[{"model": "proyecto.relacion", "pk": 5, "fields": {"tipo": "padre", "fase_item_to": 2, "item_from": 3, "item_to": 4}}]	Relacion object (5)	25	15	default
27	6	json	[{"model": "proyecto.relacion", "pk": 6, "fields": {"tipo": "hijo", "fase_item_to": 2, "item_from": 4, "item_to": 3}}]	Relacion object (6)	25	15	default
28	7	json	[{"model": "proyecto.relacion", "pk": 7, "fields": {"tipo": "padre", "fase_item_to": 2, "item_from": 4, "item_to": 5}}]	Relacion object (7)	25	16	default
29	8	json	[{"model": "proyecto.relacion", "pk": 8, "fields": {"tipo": "hijo", "fase_item_to": 2, "item_from": 5, "item_to": 4}}]	Relacion object (8)	25	16	default
30	3	json	[{"model": "proyecto.lineabase", "pk": 3, "fields": {"nombre": "LineaBase1-Fase2", "estado": "abierta", "creador": 2, "items": [4], "roturaslineasBase": [], "roturaLineaBaseComprometida": []}}]	LineaBase object (3)	27	17	default
31	4	json	[{"model": "proyecto.item", "pk": 4, "fields": {"tipoItem": 1, "nombre": "Mitem2_2", "campo_extra_valores": "[\\"fadsf\\"]", "fecha": "2020-10-11", "estado": "en linea base", "observacion": "fasd", "costo": 13, "version": 0, "archivos": "[]", "faseid": 2}}]	Item object (4)	19	17	default
32	2	json	[{"model": "proyecto.fase", "pk": 2, "fields": {"nombre": "Fase2", "descripcion": "fdasfasfas", "estado": "abierta", "items": [3, 4, 5], "tipoItem": [1], "lineasBase": [3]}}]	Fase object (2)	17	17	default
33	4	json	[{"model": "proyecto.lineabase", "pk": 4, "fields": {"nombre": "LineaBase2-Fase2", "estado": "abierta", "creador": 2, "items": [5], "roturaslineasBase": [], "roturaLineaBaseComprometida": []}}]	LineaBase object (4)	27	18	default
34	5	json	[{"model": "proyecto.item", "pk": 5, "fields": {"tipoItem": 1, "nombre": "Mitem2_3", "campo_extra_valores": "[\\"fadsf\\"]", "fecha": "2020-10-18", "estado": "en linea base", "observacion": "fasdf", "costo": 123, "version": 0, "archivos": "[]", "faseid": 2}}]	Item object (5)	19	18	default
35	2	json	[{"model": "proyecto.fase", "pk": 2, "fields": {"nombre": "Fase2", "descripcion": "fdasfasfas", "estado": "abierta", "items": [3, 4, 5], "tipoItem": [1], "lineasBase": [3, 4]}}]	Fase object (2)	17	18	default
36	3	json	[{"model": "proyecto.fase", "pk": 3, "fields": {"nombre": "Fase3", "descripcion": "fadsfaf", "estado": "abierta", "items": [], "tipoItem": [1], "lineasBase": []}}]	Fase object (3)	17	19	default
37	6	json	[{"model": "proyecto.item", "pk": 6, "fields": {"tipoItem": 1, "nombre": "Mitem3_1", "campo_extra_valores": "[\\"fadsf\\"]", "fecha": "2020-10-18", "estado": "en desarrollo", "observacion": "gasdgas", "costo": "123", "version": 0, "archivos": "[]", "faseid": "3"}}]	Item object (6)	19	20	default
38	3	json	[{"model": "proyecto.fase", "pk": 3, "fields": {"nombre": "Fase3", "descripcion": "fadsfaf", "estado": "abierta", "items": [6], "tipoItem": [1], "lineasBase": []}}]	Fase object (3)	17	20	default
39	7	json	[{"model": "proyecto.item", "pk": 7, "fields": {"tipoItem": 1, "nombre": "Mitem3_2", "campo_extra_valores": "[\\"fadsf\\"]", "fecha": "2020-10-23", "estado": "en desarrollo", "observacion": "gasdgas", "costo": "123", "version": 0, "archivos": "[]", "faseid": "3"}}]	Item object (7)	19	21	default
40	3	json	[{"model": "proyecto.fase", "pk": 3, "fields": {"nombre": "Fase3", "descripcion": "fadsfaf", "estado": "abierta", "items": [6, 7], "tipoItem": [1], "lineasBase": []}}]	Fase object (3)	17	21	default
41	9	json	[{"model": "proyecto.relacion", "pk": 9, "fields": {"tipo": "antecesor", "fase_item_to": 3, "item_from": 4, "item_to": 6}}]	Relacion object (9)	25	22	default
42	10	json	[{"model": "proyecto.relacion", "pk": 10, "fields": {"tipo": "sucesor", "fase_item_to": 2, "item_from": 6, "item_to": 4}}]	Relacion object (10)	25	22	default
43	11	json	[{"model": "proyecto.relacion", "pk": 11, "fields": {"tipo": "antecesor", "fase_item_to": 3, "item_from": 5, "item_to": 7}}]	Relacion object (11)	25	23	default
44	12	json	[{"model": "proyecto.relacion", "pk": 12, "fields": {"tipo": "sucesor", "fase_item_to": 2, "item_from": 7, "item_to": 5}}]	Relacion object (12)	25	23	default
45	4	json	[{"model": "proyecto.fase", "pk": 4, "fields": {"nombre": "Fase4", "descripcion": "fasdfadfags", "estado": "abierta", "items": [], "tipoItem": [], "lineasBase": []}}]	Fase object (4)	17	24	default
46	4	json	[{"model": "proyecto.fase", "pk": 4, "fields": {"nombre": "Fase4", "descripcion": "fasdfadfags", "estado": "abierta", "items": [], "tipoItem": [1], "lineasBase": []}}]	Fase object (4)	17	25	default
47	8	json	[{"model": "proyecto.item", "pk": 8, "fields": {"tipoItem": 1, "nombre": "Mitem4_1", "campo_extra_valores": "[\\"fadsf\\"]", "fecha": "2020-10-18", "estado": "en desarrollo", "observacion": "fasd", "costo": "123", "version": 0, "archivos": "[]", "faseid": "4"}}]	Item object (8)	19	26	default
48	4	json	[{"model": "proyecto.fase", "pk": 4, "fields": {"nombre": "Fase4", "descripcion": "fasdfadfags", "estado": "abierta", "items": [8], "tipoItem": [1], "lineasBase": []}}]	Fase object (4)	17	26	default
49	9	json	[{"model": "proyecto.item", "pk": 9, "fields": {"tipoItem": 1, "nombre": "Mitem4_2", "campo_extra_valores": "[\\"fadsf\\"]", "fecha": "2020-10-11", "estado": "en desarrollo", "observacion": "gasdgas", "costo": "123", "version": 0, "archivos": "[]", "faseid": "4"}}]	Item object (9)	19	27	default
50	4	json	[{"model": "proyecto.fase", "pk": 4, "fields": {"nombre": "Fase4", "descripcion": "fasdfadfags", "estado": "abierta", "items": [8, 9], "tipoItem": [1], "lineasBase": []}}]	Fase object (4)	17	27	default
51	5	json	[{"model": "proyecto.lineabase", "pk": 5, "fields": {"nombre": "LineaBase1-Fase3", "estado": "abierta", "creador": 2, "items": [6], "roturaslineasBase": [], "roturaLineaBaseComprometida": []}}]	LineaBase object (5)	27	28	default
52	6	json	[{"model": "proyecto.item", "pk": 6, "fields": {"tipoItem": 1, "nombre": "Mitem3_1", "campo_extra_valores": "[\\"fadsf\\"]", "fecha": "2020-10-18", "estado": "en linea base", "observacion": "gasdgas", "costo": 123, "version": 0, "archivos": "[]", "faseid": 3}}]	Item object (6)	19	28	default
53	3	json	[{"model": "proyecto.fase", "pk": 3, "fields": {"nombre": "Fase3", "descripcion": "fadsfaf", "estado": "abierta", "items": [6, 7], "tipoItem": [1], "lineasBase": [5]}}]	Fase object (3)	17	28	default
54	13	json	[{"model": "proyecto.relacion", "pk": 13, "fields": {"tipo": "antecesor", "fase_item_to": 4, "item_from": 6, "item_to": 8}}]	Relacion object (13)	25	29	default
55	14	json	[{"model": "proyecto.relacion", "pk": 14, "fields": {"tipo": "sucesor", "fase_item_to": 3, "item_from": 8, "item_to": 6}}]	Relacion object (14)	25	29	default
56	15	json	[{"model": "proyecto.relacion", "pk": 15, "fields": {"tipo": "padre", "fase_item_to": 4, "item_from": 8, "item_to": 9}}]	Relacion object (15)	25	30	default
57	16	json	[{"model": "proyecto.relacion", "pk": 16, "fields": {"tipo": "hijo", "fase_item_to": 4, "item_from": 9, "item_to": 8}}]	Relacion object (16)	25	30	default
58	1	json	[{"model": "proyecto.lineabase", "pk": 1, "fields": {"nombre": "LineaBase1-Fase1", "estado": "cerrada", "creador": 2, "items": [1], "roturaslineasBase": [1], "roturaLineaBaseComprometida": []}}]	LineaBase object (1)	27	31	default
59	1	json	[{"model": "proyecto.item", "pk": 1, "fields": {"tipoItem": 1, "nombre": "Mitem1_1", "campo_extra_valores": "[\\"fadsf\\"]", "fecha": "2020-10-09", "estado": "en linea base", "observacion": "fasd", "costo": 123, "version": 0, "archivos": "[]", "faseid": 1}}]	Item object (1)	19	31	default
60	1	json	[{"model": "proyecto.lineabase", "pk": 1, "fields": {"nombre": "LineaBase1-Fase1", "estado": "cerrada", "creador": 2, "items": [1], "roturaslineasBase": [1], "roturaLineaBaseComprometida": []}}]	LineaBase object (1)	27	32	default
61	1	json	[{"model": "proyecto.item", "pk": 1, "fields": {"tipoItem": 1, "nombre": "Mitem1_1", "campo_extra_valores": "[\\"fadsf\\"]", "fecha": "2020-10-09", "estado": "en revision", "observacion": "fasd", "costo": 123, "version": 0, "archivos": "[]", "faseid": 1}}]	Item object (1)	19	32	default
62	1	json	[{"model": "proyecto.item", "pk": 1, "fields": {"tipoItem": 1, "nombre": "Mitem1_1", "campo_extra_valores": "[\\"fadsf\\"]", "fecha": "2020-10-09", "estado": "en linea base", "observacion": "fasd", "costo": 123, "version": 0, "archivos": "[]", "faseid": 1}}]	Item object (1)	19	33	default
63	3	json	[{"model": "proyecto.item", "pk": 3, "fields": {"tipoItem": 1, "nombre": "Mitem2_1", "campo_extra_valores": "[\\"fadsf\\"]", "fecha": "2020-10-25", "estado": "aprobado", "observacion": "gasdgas", "costo": 123, "version": 0, "archivos": "[]", "faseid": 2}}]	Item object (3)	19	34	default
64	1	json	[{"model": "proyecto.item", "pk": 1, "fields": {"tipoItem": 1, "nombre": "Mitem1_1", "campo_extra_valores": "[\\"fadsf\\"]", "fecha": "2020-10-09", "estado": "en linea base", "observacion": "fasd", "costo": 123, "version": 0, "archivos": "[]", "faseid": 1}}]	Item object (1)	19	35	default
65	3	json	[{"model": "proyecto.item", "pk": 3, "fields": {"tipoItem": 1, "nombre": "Mitem2_1", "campo_extra_valores": "[\\"fadsf\\"]", "fecha": "2020-10-25", "estado": "aprobado", "observacion": "gasdgas", "costo": 123, "version": 0, "archivos": "[]", "faseid": 2}}]	Item object (3)	19	36	default
66	4	json	[{"model": "proyecto.item", "pk": 4, "fields": {"tipoItem": 1, "nombre": "Mitem2_2", "campo_extra_valores": "[\\"fadsf\\"]", "fecha": "2020-10-11", "estado": "en linea base", "observacion": "fasd", "costo": 13, "version": 0, "archivos": "[]", "faseid": 2}}]	Item object (4)	19	37	default
67	1	json	[{"model": "proyecto.lineabase", "pk": 1, "fields": {"nombre": "LineaBase1-Fase1", "estado": "cerrada", "creador": 2, "items": [1], "roturaslineasBase": [1], "roturaLineaBaseComprometida": []}}]	LineaBase object (1)	27	38	default
68	1	json	[{"model": "proyecto.item", "pk": 1, "fields": {"tipoItem": 1, "nombre": "Mitem1_1", "campo_extra_valores": "[\\"fadsf\\"]", "fecha": "2020-10-09", "estado": "en linea base", "observacion": "fasd", "costo": 123, "version": 0, "archivos": "[]", "faseid": 1}}]	Item object (1)	19	38	default
69	3	json	[{"model": "proyecto.lineabase", "pk": 3, "fields": {"nombre": "LineaBase1-Fase2", "estado": "cerrada", "creador": 2, "items": [4], "roturaslineasBase": [], "roturaLineaBaseComprometida": []}}]	LineaBase object (3)	27	39	default
70	4	json	[{"model": "proyecto.item", "pk": 4, "fields": {"tipoItem": 1, "nombre": "Mitem2_2", "campo_extra_valores": "[\\"fadsf\\"]", "fecha": "2020-10-11", "estado": "en linea base", "observacion": "fasd", "costo": 13, "version": 0, "archivos": "[]", "faseid": 2}}]	Item object (4)	19	39	default
71	10	json	[{"model": "proyecto.item", "pk": 10, "fields": {"tipoItem": 1, "nombre": "Mitem1_3", "campo_extra_valores": "[\\"fadsf\\"]", "fecha": "2020-10-07", "estado": "en desarrollo", "observacion": "fasd", "costo": "123", "version": 0, "archivos": "[]", "faseid": "1"}}]	Item object (10)	19	40	default
72	1	json	[{"model": "proyecto.fase", "pk": 1, "fields": {"nombre": "Fase1", "descripcion": "fadsfasfa", "estado": "abierta", "items": [1, 2, 10], "tipoItem": [1], "lineasBase": [1, 2]}}]	Fase object (1)	17	40	default
73	11	json	[{"model": "proyecto.item", "pk": 11, "fields": {"tipoItem": 1, "nombre": "Mitem1_4", "campo_extra_valores": "[\\"fadsf\\"]", "fecha": "2020-10-24", "estado": "en desarrollo", "observacion": "gasdgas", "costo": "135", "version": 0, "archivos": "[]", "faseid": "1"}}]	Item object (11)	19	41	default
74	1	json	[{"model": "proyecto.fase", "pk": 1, "fields": {"nombre": "Fase1", "descripcion": "fadsfasfa", "estado": "abierta", "items": [1, 2, 10, 11], "tipoItem": [1], "lineasBase": [1, 2]}}]	Fase object (1)	17	41	default
75	1	json	[{"model": "proyecto.item", "pk": 1, "fields": {"tipoItem": 1, "nombre": "Mitem1_1", "campo_extra_valores": "[\\"fadsf\\"]", "fecha": "2020-10-09", "estado": "en linea base", "observacion": "fasd", "costo": 123, "version": 0, "archivos": "[]", "faseid": 1}}]	Item object (1)	19	42	default
76	3	json	[{"model": "proyecto.item", "pk": 3, "fields": {"tipoItem": 1, "nombre": "Mitem2_1", "campo_extra_valores": "[\\"fadsf\\"]", "fecha": "2020-10-25", "estado": "aprobado", "observacion": "gasdgas", "costo": 123, "version": 0, "archivos": "[]", "faseid": 2}}]	Item object (3)	19	43	default
77	4	json	[{"model": "proyecto.item", "pk": 4, "fields": {"tipoItem": 1, "nombre": "Mitem2_2", "campo_extra_valores": "[\\"fadsf\\"]", "fecha": "2020-10-11", "estado": "en linea base", "observacion": "fasd", "costo": 13, "version": 0, "archivos": "[]", "faseid": 2}}]	Item object (4)	19	44	default
78	1	json	[{"model": "proyecto.lineabase", "pk": 1, "fields": {"nombre": "LineaBase1-Fase1", "estado": "cerrada", "creador": 2, "items": [1], "roturaslineasBase": [1], "roturaLineaBaseComprometida": []}}]	LineaBase object (1)	27	45	default
79	1	json	[{"model": "proyecto.item", "pk": 1, "fields": {"tipoItem": 1, "nombre": "Mitem1_1", "campo_extra_valores": "[\\"fadsf\\"]", "fecha": "2020-10-09", "estado": "en linea base", "observacion": "fasd", "costo": 123, "version": 0, "archivos": "[]", "faseid": 1}}]	Item object (1)	19	45	default
80	3	json	[{"model": "proyecto.lineabase", "pk": 3, "fields": {"nombre": "LineaBase1-Fase2", "estado": "cerrada", "creador": 2, "items": [4], "roturaslineasBase": [], "roturaLineaBaseComprometida": [2]}}]	LineaBase object (3)	27	46	default
81	4	json	[{"model": "proyecto.item", "pk": 4, "fields": {"tipoItem": 1, "nombre": "Mitem2_2", "campo_extra_valores": "[\\"fadsf\\"]", "fecha": "2020-10-11", "estado": "en linea base", "observacion": "fasd", "costo": 13, "version": 0, "archivos": "[]", "faseid": 2}}]	Item object (4)	19	46	default
82	17	json	[{"model": "proyecto.relacion", "pk": 17, "fields": {"tipo": "padre", "fase_item_to": 1, "item_from": 1, "item_to": 10}}]	Relacion object (17)	25	47	default
83	18	json	[{"model": "proyecto.relacion", "pk": 18, "fields": {"tipo": "hijo", "fase_item_to": 1, "item_from": 10, "item_to": 1}}]	Relacion object (18)	25	47	default
84	19	json	[{"model": "proyecto.relacion", "pk": 19, "fields": {"tipo": "padre", "fase_item_to": 1, "item_from": 10, "item_to": 11}}]	Relacion object (19)	25	48	default
85	20	json	[{"model": "proyecto.relacion", "pk": 20, "fields": {"tipo": "hijo", "fase_item_to": 1, "item_from": 11, "item_to": 10}}]	Relacion object (20)	25	48	default
86	11	json	[{"model": "proyecto.item", "pk": 11, "fields": {"tipoItem": 1, "nombre": "Mitem1_4", "campo_extra_valores": "[\\"fadsf\\"]", "fecha": "2020-10-24", "estado": "en desarrollo", "observacion": "gasdgas", "costo": 135, "version": 0, "archivos": "[]", "faseid": 1}}]	Item object (11)	19	49	default
87	1	json	[{"model": "proyecto.item", "pk": 1, "fields": {"tipoItem": 1, "nombre": "Mitem1_1", "campo_extra_valores": "[\\"fadsf\\"]", "fecha": "2020-10-09", "estado": "en linea base", "observacion": "fasd", "costo": 123, "version": 0, "archivos": "[]", "faseid": 1}}]	Item object (1)	19	50	default
88	3	json	[{"model": "proyecto.item", "pk": 3, "fields": {"tipoItem": 1, "nombre": "Mitem2_1", "campo_extra_valores": "[\\"fadsf\\"]", "fecha": "2020-10-25", "estado": "aprobado", "observacion": "gasdgas", "costo": 123, "version": 0, "archivos": "[]", "faseid": 2}}]	Item object (3)	19	51	default
89	4	json	[{"model": "proyecto.item", "pk": 4, "fields": {"tipoItem": 1, "nombre": "Mitem2_2", "campo_extra_valores": "[\\"fadsf\\"]", "fecha": "2020-10-11", "estado": "en linea base", "observacion": "fasd", "costo": 13, "version": 0, "archivos": "[]", "faseid": 2}}]	Item object (4)	19	52	default
90	10	json	[{"model": "proyecto.item", "pk": 10, "fields": {"tipoItem": 1, "nombre": "Mitem1_3", "campo_extra_valores": "[\\"fadsf\\"]", "fecha": "2020-10-07", "estado": "aprobado", "observacion": "fasd", "costo": 123, "version": 0, "archivos": "[]", "faseid": 1}}]	Item object (10)	19	53	default
91	1	json	[{"model": "proyecto.lineabase", "pk": 1, "fields": {"nombre": "LineaBase1-Fase1", "estado": "cerrada", "creador": 2, "items": [1], "roturaslineasBase": [1], "roturaLineaBaseComprometida": []}}]	LineaBase object (1)	27	54	default
92	1	json	[{"model": "proyecto.item", "pk": 1, "fields": {"tipoItem": 1, "nombre": "Mitem1_1", "campo_extra_valores": "[\\"fadsf\\"]", "fecha": "2020-10-09", "estado": "en linea base", "observacion": "fasd", "costo": 123, "version": 0, "archivos": "[]", "faseid": 1}}]	Item object (1)	19	54	default
93	3	json	[{"model": "proyecto.lineabase", "pk": 3, "fields": {"nombre": "LineaBase1-Fase2", "estado": "cerrada", "creador": 2, "items": [4], "roturaslineasBase": [], "roturaLineaBaseComprometida": [3]}}]	LineaBase object (3)	27	55	default
94	4	json	[{"model": "proyecto.item", "pk": 4, "fields": {"tipoItem": 1, "nombre": "Mitem2_2", "campo_extra_valores": "[\\"fadsf\\"]", "fecha": "2020-10-11", "estado": "en linea base", "observacion": "fasd", "costo": 13, "version": 0, "archivos": "[]", "faseid": 2}}]	Item object (4)	19	55	default
95	2	json	[{"model": "proyecto.lineabase", "pk": 2, "fields": {"nombre": "LineaBase2-Fase1", "estado": "cerrada", "creador": 2, "items": [2], "roturaslineasBase": [2], "roturaLineaBaseComprometida": []}}]	LineaBase object (2)	27	56	default
96	2	json	[{"model": "proyecto.item", "pk": 2, "fields": {"tipoItem": 1, "nombre": "MItem1_2", "campo_extra_valores": "[\\"fadsf\\"]", "fecha": "2020-10-18", "estado": "en linea base", "observacion": "fasd", "costo": 123, "version": 0, "archivos": "[]", "faseid": 1}}]	Item object (2)	19	56	default
97	4	json	[{"model": "proyecto.lineabase", "pk": 4, "fields": {"nombre": "LineaBase2-Fase2", "estado": "cerrada", "creador": 2, "items": [5], "roturaslineasBase": [3], "roturaLineaBaseComprometida": []}}]	LineaBase object (4)	27	57	default
98	5	json	[{"model": "proyecto.item", "pk": 5, "fields": {"tipoItem": 1, "nombre": "Mitem2_3", "campo_extra_valores": "[\\"fadsf\\"]", "fecha": "2020-10-18", "estado": "en linea base", "observacion": "fasdf", "costo": 123, "version": 0, "archivos": "[]", "faseid": 2}}]	Item object (5)	19	57	default
99	12	json	[{"model": "proyecto.item", "pk": 12, "fields": {"tipoItem": 1, "nombre": "Esto es un item xd", "campo_extra_valores": "[\\"fadsf\\"]", "fecha": "2020-10-25", "estado": "en desarrollo", "observacion": "f lp3 ", "costo": "123", "version": 0, "archivos": "[]", "faseid": "1"}}]	Item object (12)	19	58	default
100	1	json	[{"model": "proyecto.fase", "pk": 1, "fields": {"nombre": "Fase1", "descripcion": "fadsfasfa", "estado": "abierta", "items": [1, 2, 10, 11, 12], "tipoItem": [1], "lineasBase": [1, 2]}}]	Fase object (1)	17	58	default
101	5	json	[{"model": "proyecto.fase", "pk": 5, "fields": {"nombre": "Fase1", "descripcion": "jjj", "estado": "abierta", "items": [], "tipoItem": [], "lineasBase": []}}]	Fase object (5)	17	59	default
102	5	json	[{"model": "proyecto.fase", "pk": 5, "fields": {"nombre": "Fase1", "descripcion": "jjj", "estado": "abierta", "items": [], "tipoItem": [6], "lineasBase": []}}]	Fase object (5)	17	60	default
103	5	json	[{"model": "proyecto.fase", "pk": 5, "fields": {"nombre": "Fase1", "descripcion": "PEDROZ", "estado": "abierta", "items": [], "tipoItem": [6], "lineasBase": []}}]	Fase object (5)	17	61	default
104	12	json	[{"model": "proyecto.item", "pk": 12, "fields": {"tipoItem": 1, "nombre": "Esto es un item xd", "campo_extra_valores": "[\\"fadsf\\"]", "fecha": "2020-10-25", "estado": "en desarrollo", "observacion": "f lp3 ", "costo": "123", "version": 1, "archivos": "[\\"proyectoview\\"]", "faseid": 1}}]	Item object (12)	19	62	default
105	12	json	[{"model": "proyecto.item", "pk": 12, "fields": {"tipoItem": 1, "nombre": "Esto es un item xd", "campo_extra_valores": "[\\"fadsf\\"]", "fecha": "2020-10-25", "estado": "en desarrollo", "observacion": "f lp3 ", "costo": "123", "version": 2, "archivos": "[\\"VirtualHostIS2.txt\\"]", "faseid": 1}}]	Item object (12)	19	63	default
106	12	json	[{"model": "proyecto.item", "pk": 12, "fields": {"tipoItem": 1, "nombre": "Esto es un item xd", "campo_extra_valores": "[\\"fadsf\\"]", "fecha": "2020-10-25", "estado": "en desarrollo", "observacion": "f lp3 ", "costo": "123", "version": 3, "archivos": "[\\"VirtualHostIS2.txt\\", \\"Forex: Investigaci\\\\u00f3n\\"]", "faseid": 1}}]	Item object (12)	19	64	default
107	12	json	[{"model": "proyecto.item", "pk": 12, "fields": {"tipoItem": 1, "nombre": "Esto es un item xd", "campo_extra_valores": "[\\"fadsf\\"]", "fecha": "2020-10-25", "estado": "en desarrollo", "observacion": "f lp3 ", "costo": "123", "version": 4, "archivos": "[\\"Forex: Investigaci\\\\u00f3n\\"]", "faseid": 1}}]	Item object (12)	19	65	default
108	12	json	[{"model": "proyecto.item", "pk": 12, "fields": {"tipoItem": 1, "nombre": "Esto es un item xd", "campo_extra_valores": "[\\"fadsf\\"]", "fecha": "2020-10-25", "estado": "en desarrollo", "observacion": "f lp3 ", "costo": "123", "version": 5, "archivos": "[\\"VirtualHostIS2.txt\\"]", "faseid": 1}}]	Item object (12)	19	66	default
109	12	json	[{"model": "proyecto.item", "pk": 12, "fields": {"tipoItem": 1, "nombre": "Esto es un item xd", "campo_extra_valores": "[\\"fadsf\\"]", "fecha": "2020-10-25", "estado": "en desarrollo", "observacion": "f lp3 ", "costo": "123", "version": 6, "archivos": "[\\"Forex: Investigaci\\\\u00f3n\\"]", "faseid": 1}}]	Item object (12)	19	67	default
110	12	json	[{"model": "proyecto.item", "pk": 12, "fields": {"tipoItem": 1, "nombre": "Esto es un item xd", "campo_extra_valores": "[\\"fadsf\\"]", "fecha": "2020-10-25", "estado": "en desarrollo", "observacion": "f lp3 ", "costo": "123", "version": 7, "archivos": "[\\"VirtualHostIS2.txt\\"]", "faseid": 1}}]	Item object (12)	19	68	default
111	12	json	[{"model": "proyecto.item", "pk": 12, "fields": {"tipoItem": 1, "nombre": "Esto es un item xd", "campo_extra_valores": "[\\"fadsf\\"]", "fecha": "2020-10-25", "estado": "en desarrollo", "observacion": "f lp3 ", "costo": "123", "version": 8, "archivos": "[\\"BrunoRuizDiaz_Acctividad5.1.pdf\\"]", "faseid": 1}}]	Item object (12)	19	69	default
112	12	json	[{"model": "proyecto.item", "pk": 12, "fields": {"tipoItem": 1, "nombre": "Esto es un item xd", "campo_extra_valores": "[\\"fadsf\\"]", "fecha": "2020-10-25", "estado": "en desarrollo", "observacion": "f lp3 ", "costo": "123", "version": 9, "archivos": "[\\"VirtualHostIS2.txt\\", \\"Forex: Investigaci\\\\u00f3n\\"]", "faseid": 1}}]	Item object (12)	19	70	default
113	12	json	[{"model": "proyecto.item", "pk": 12, "fields": {"tipoItem": 1, "nombre": "Esto es un item xd", "campo_extra_valores": "[\\"fadsf\\"]", "fecha": "2020-10-25", "estado": "en desarrollo", "observacion": "f lp3 ", "costo": "123", "version": 10, "archivos": "[\\"Forex: Investigaci\\\\u00f3n\\", \\"BrunoRuizDiaz_Acctividad5.1.pdf\\"]", "faseid": 1}}]	Item object (12)	19	71	default
114	12	json	[{"model": "proyecto.item", "pk": 12, "fields": {"tipoItem": 1, "nombre": "Esto es un item xd", "campo_extra_valores": "[\\"fadsf\\"]", "fecha": "2020-10-25", "estado": "en desarrollo", "observacion": "f lp3 ", "costo": "123", "version": 11, "archivos": "[\\"BrunoRuizDiaz_Acctividad5.1.pdf\\", \\"VirtualHostIS2.txt\\", \\"d3.html\\"]", "faseid": 1}}]	Item object (12)	19	72	default
115	12	json	[{"model": "proyecto.item", "pk": 12, "fields": {"tipoItem": 1, "nombre": "Esto es un item xd", "campo_extra_valores": "[\\"fadsf\\"]", "fecha": "2020-10-25", "estado": "en desarrollo", "observacion": "f lp3 ", "costo": "123", "version": 12, "archivos": "[\\"VirtualHostIS2.txt\\", \\"Space-Shooter-Tutorial.zip\\"]", "faseid": 1}}]	Item object (12)	19	73	default
116	12	json	[{"model": "proyecto.item", "pk": 12, "fields": {"tipoItem": 1, "nombre": "Esto es un item xd", "campo_extra_valores": "[\\"fadsf\\"]", "fecha": "2020-10-25", "estado": "en desarrollo", "observacion": "f lp3 ", "costo": "123", "version": 13, "archivos": "[\\"Space-Shooter-Tutorial.zip\\", \\"ejer.c\\"]", "faseid": 1}}]	Item object (12)	19	74	default
117	12	json	[{"model": "proyecto.item", "pk": 12, "fields": {"tipoItem": 1, "nombre": "Esto es un item xd", "campo_extra_valores": "[\\"fadsf\\"]", "fecha": "2020-10-25", "estado": "en desarrollo", "observacion": "f lp3 ", "costo": "123", "version": 14, "archivos": "[\\"ejer.c\\"]", "faseid": 1}}]	Item object (12)	19	75	default
118	12	json	[{"model": "proyecto.item", "pk": 12, "fields": {"tipoItem": 1, "nombre": "Esto es un item xd", "campo_extra_valores": "[\\"fadsf\\"]", "fecha": "2020-10-25", "estado": "en desarrollo", "observacion": "f lp3 ", "costo": "123", "version": 15, "archivos": "[]", "faseid": 1}}]	Item object (12)	19	76	default
119	12	json	[{"model": "proyecto.item", "pk": 12, "fields": {"tipoItem": 1, "nombre": "Esto es un item xd", "campo_extra_valores": "[\\"fadsf\\"]", "fecha": "2020-10-25", "estado": "en desarrollo", "observacion": "f lp3 ", "costo": "123", "version": 16, "archivos": "[\\"Mis datos (1).docx\\", \\"Space-Shooter-Tutorial.zip\\", \\"ejer.c\\"]", "faseid": 1}}]	Item object (12)	19	77	default
120	12	json	[{"model": "proyecto.item", "pk": 12, "fields": {"tipoItem": 1, "nombre": "Esto es un item xd", "campo_extra_valores": "[\\"fadsf\\"]", "fecha": "2020-10-25", "estado": "en desarrollo", "observacion": "f lp3 ", "costo": "123", "version": 17, "archivos": "[\\"Mis datos (1).docx\\", \\"Space-Shooter-Tutorial.zip\\", \\"ejer.c\\", \\"hosts\\"]", "faseid": 1}}]	Item object (12)	19	78	default
121	12	json	[{"model": "proyecto.item", "pk": 12, "fields": {"tipoItem": 1, "nombre": "Esto es un item xd", "campo_extra_valores": "[\\"fadsf\\"]", "fecha": "2020-10-25", "estado": "en desarrollo", "observacion": "f lp3 ", "costo": "123", "version": 18, "archivos": "[\\"Mis datos (1).docx\\", \\"ejer.c\\", \\"hosts\\", \\"a.out\\"]", "faseid": 1}}]	Item object (12)	19	79	default
122	6	json	[{"model": "proyecto.lineabase", "pk": 6, "fields": {"nombre": "LineaBase1-Fase4", "estado": "abierta", "creador": 2, "items": [8, 9], "roturaslineasBase": [], "roturaLineaBaseComprometida": []}}]	LineaBase object (6)	27	80	default
123	9	json	[{"model": "proyecto.item", "pk": 9, "fields": {"tipoItem": 1, "nombre": "Mitem4_2", "campo_extra_valores": "[\\"fadsf\\"]", "fecha": "2020-10-11", "estado": "en linea base", "observacion": "gasdgas", "costo": 123, "version": 0, "archivos": "[]", "faseid": 4}}]	Item object (9)	19	80	default
124	8	json	[{"model": "proyecto.item", "pk": 8, "fields": {"tipoItem": 1, "nombre": "Mitem4_1", "campo_extra_valores": "[\\"fadsf\\"]", "fecha": "2020-10-18", "estado": "en linea base", "observacion": "fasd", "costo": 123, "version": 0, "archivos": "[]", "faseid": 4}}]	Item object (8)	19	80	default
125	4	json	[{"model": "proyecto.fase", "pk": 4, "fields": {"nombre": "Fase4", "descripcion": "fasdfadfags", "estado": "abierta", "items": [8, 9], "tipoItem": [1], "lineasBase": [6]}}]	Fase object (4)	17	80	default
126	7	json	[{"model": "proyecto.lineabase", "pk": 7, "fields": {"nombre": "LineaBase3-Fase1", "estado": "abierta", "creador": 2, "items": [12], "roturaslineasBase": [], "roturaLineaBaseComprometida": []}}]	LineaBase object (7)	27	81	default
127	12	json	[{"model": "proyecto.item", "pk": 12, "fields": {"tipoItem": 1, "nombre": "Esto es un item xd", "campo_extra_valores": "[\\"fadsf\\"]", "fecha": "2020-10-25", "estado": "en linea base", "observacion": "f lp3 ", "costo": 123, "version": 18, "archivos": "[\\"Mis datos (1).docx\\", \\"ejer.c\\", \\"hosts\\", \\"a.out\\"]", "faseid": 1}}]	Item object (12)	19	81	default
128	1	json	[{"model": "proyecto.fase", "pk": 1, "fields": {"nombre": "Fase1", "descripcion": "fadsfasfa", "estado": "abierta", "items": [1, 2, 10, 11, 12], "tipoItem": [1], "lineasBase": [1, 2, 7]}}]	Fase object (1)	17	81	default
129	14	json	[{"model": "proyecto.item", "pk": 14, "fields": {"tipoItem": 1, "nombre": "itemaga", "campo_extra_valores": "[\\"fadsf\\"]", "fecha": "2020-10-10", "estado": "en desarrollo", "observacion": "fasdf", "costo": "1233", "version": 0, "archivos": "[]", "faseid": "1"}}]	Item object (14)	19	82	default
130	1	json	[{"model": "proyecto.fase", "pk": 1, "fields": {"nombre": "Fase1", "descripcion": "fadsfasfa", "estado": "abierta", "items": [1, 2, 10, 11, 12, 14], "tipoItem": [1], "lineasBase": [1, 2, 7]}}]	Fase object (1)	17	82	default
131	8	json	[{"model": "proyecto.lineabase", "pk": 8, "fields": {"nombre": "LineaBase4-Fase1", "estado": "abierta", "creador": 2, "items": [14], "roturaslineasBase": [], "roturaLineaBaseComprometida": []}}]	LineaBase object (8)	27	83	default
132	14	json	[{"model": "proyecto.item", "pk": 14, "fields": {"tipoItem": 1, "nombre": "itemaga", "campo_extra_valores": "[\\"fadsf\\"]", "fecha": "2020-10-10", "estado": "en linea base", "observacion": "fasdf", "costo": 1233, "version": 0, "archivos": "[]", "faseid": 1}}]	Item object (14)	19	83	default
133	1	json	[{"model": "proyecto.fase", "pk": 1, "fields": {"nombre": "Fase1", "descripcion": "fadsfasfa", "estado": "abierta", "items": [1, 2, 10, 11, 12, 14], "tipoItem": [1], "lineasBase": [1, 2, 7, 8]}}]	Fase object (1)	17	83	default
134	8	json	[{"model": "proyecto.lineabase", "pk": 8, "fields": {"nombre": "LineaBase4-Fase1", "estado": "cerrada", "creador": 2, "items": [14], "roturaslineasBase": [4], "roturaLineaBaseComprometida": []}}]	LineaBase object (8)	27	84	default
135	14	json	[{"model": "proyecto.item", "pk": 14, "fields": {"tipoItem": 1, "nombre": "itemaga", "campo_extra_valores": "[\\"fadsf\\"]", "fecha": "2020-10-10", "estado": "en linea base", "observacion": "fasdf", "costo": 1233, "version": 0, "archivos": "[]", "faseid": 1}}]	Item object (14)	19	84	default
136	15	json	[{"model": "proyecto.item", "pk": 15, "fields": {"tipoItem": 1, "nombre": "pruebacomprometida", "campo_extra_valores": "[\\"fadsf\\"]", "fecha": "2020-10-02", "estado": "en desarrollo", "observacion": "fasd", "costo": "1233", "version": 0, "archivos": "[]", "faseid": "2"}}]	Item object (15)	19	85	default
137	2	json	[{"model": "proyecto.fase", "pk": 2, "fields": {"nombre": "Fase2", "descripcion": "fdasfasfas", "estado": "abierta", "items": [3, 4, 5, 15], "tipoItem": [1], "lineasBase": [3, 4]}}]	Fase object (2)	17	85	default
138	21	json	[{"model": "proyecto.relacion", "pk": 21, "fields": {"tipo": "antecesor", "fase_item_to": 2, "item_from": 2, "item_to": 15}}]	Relacion object (21)	25	86	default
139	22	json	[{"model": "proyecto.relacion", "pk": 22, "fields": {"tipo": "sucesor", "fase_item_to": 1, "item_from": 15, "item_to": 2}}]	Relacion object (22)	25	86	default
140	9	json	[{"model": "proyecto.lineabase", "pk": 9, "fields": {"nombre": "LineaBase3-Fase2", "estado": "abierta", "creador": 2, "items": [15], "roturaslineasBase": [], "roturaLineaBaseComprometida": []}}]	LineaBase object (9)	27	87	default
141	15	json	[{"model": "proyecto.item", "pk": 15, "fields": {"tipoItem": 1, "nombre": "pruebacomprometida", "campo_extra_valores": "[\\"fadsf\\"]", "fecha": "2020-10-02", "estado": "en linea base", "observacion": "fasd", "costo": 1233, "version": 0, "archivos": "[]", "faseid": 2}}]	Item object (15)	19	87	default
142	2	json	[{"model": "proyecto.fase", "pk": 2, "fields": {"nombre": "Fase2", "descripcion": "fdasfasfas", "estado": "abierta", "items": [3, 4, 5, 15], "tipoItem": [1], "lineasBase": [3, 4, 9]}}]	Fase object (2)	17	87	default
143	5	json	[{"model": "proyecto.lineabase", "pk": 5, "fields": {"nombre": "LineaBase1-Fase3", "estado": "comprometida", "creador": 2, "items": [6], "roturaslineasBase": [], "roturaLineaBaseComprometida": [3, 4, 5, 6]}}]	LineaBase object (5)	27	88	default
144	6	json	[{"model": "proyecto.item", "pk": 6, "fields": {"tipoItem": 1, "nombre": "Mitem3_1", "campo_extra_valores": "[\\"fadsf\\"]", "fecha": "2020-10-18", "estado": "en revision", "observacion": "gasdgas", "costo": 123, "version": 0, "archivos": "[]", "faseid": 3}}]	Item object (6)	19	88	default
145	4	json	[{"model": "proyecto.lineabase", "pk": 4, "fields": {"nombre": "LineaBase2-Fase2", "estado": "comprometida", "creador": 2, "items": [5], "roturaslineasBase": [3], "roturaLineaBaseComprometida": [3, 4, 5, 6]}}]	LineaBase object (4)	27	89	default
146	5	json	[{"model": "proyecto.item", "pk": 5, "fields": {"tipoItem": 1, "nombre": "Mitem2_3", "campo_extra_valores": "[\\"fadsf\\"]", "fecha": "2020-10-18", "estado": "en revision", "observacion": "fasdf", "costo": 123, "version": 0, "archivos": "[]", "faseid": 2}}]	Item object (5)	19	89	default
147	9	json	[{"model": "proyecto.lineabase", "pk": 9, "fields": {"nombre": "LineaBase3-Fase2", "estado": "cerrada", "creador": 2, "items": [15], "roturaslineasBase": [5], "roturaLineaBaseComprometida": []}}]	LineaBase object (9)	27	90	default
148	15	json	[{"model": "proyecto.item", "pk": 15, "fields": {"tipoItem": 1, "nombre": "pruebacomprometida", "campo_extra_valores": "[\\"fadsf\\"]", "fecha": "2020-10-02", "estado": "en linea base", "observacion": "fasd", "costo": 1233, "version": 0, "archivos": "[]", "faseid": 2}}]	Item object (15)	19	90	default
149	9	json	[{"model": "proyecto.lineabase", "pk": 9, "fields": {"nombre": "LineaBase3-Fase2", "estado": "cerrada", "creador": 2, "items": [15], "roturaslineasBase": [5, 6], "roturaLineaBaseComprometida": []}}]	LineaBase object (9)	27	91	default
150	15	json	[{"model": "proyecto.item", "pk": 15, "fields": {"tipoItem": 1, "nombre": "pruebacomprometida", "campo_extra_valores": "[\\"fadsf\\"]", "fecha": "2020-10-02", "estado": "en linea base", "observacion": "fasd", "costo": 1233, "version": 0, "archivos": "[]", "faseid": 2}}]	Item object (15)	19	91	default
151	9	json	[{"model": "proyecto.lineabase", "pk": 9, "fields": {"nombre": "LineaBase3-Fase2", "estado": "cerrada", "creador": 2, "items": [15], "roturaslineasBase": [5, 6, 15], "roturaLineaBaseComprometida": []}}]	LineaBase object (9)	27	92	default
152	15	json	[{"model": "proyecto.item", "pk": 15, "fields": {"tipoItem": 1, "nombre": "pruebacomprometida", "campo_extra_valores": "[\\"fadsf\\"]", "fecha": "2020-10-02", "estado": "en linea base", "observacion": "fasd", "costo": 1233, "version": 0, "archivos": "[]", "faseid": 2}}]	Item object (15)	19	92	default
153	6	json	[{"model": "proyecto.fase", "pk": 6, "fields": {"nombre": "Fase1", "descripcion": "fdasfasf", "estado": "abierta", "items": [], "tipoItem": [], "lineasBase": []}}]	Fase object (6)	17	93	default
154	16	json	[{"model": "proyecto.item", "pk": 16, "fields": {"tipoItem": 1, "nombre": "enrevisionxd", "campo_extra_valores": "[\\"fadsf\\"]", "fecha": "2020-10-08", "estado": "en desarrollo", "observacion": "gasdgas", "costo": "13", "version": 0, "archivos": "[]", "faseid": "2"}}]	Item object (16)	19	94	default
155	2	json	[{"model": "proyecto.fase", "pk": 2, "fields": {"nombre": "Fase2", "descripcion": "fdasfasfas", "estado": "abierta", "items": [3, 4, 5, 15, 16], "tipoItem": [1], "lineasBase": [3, 4, 9]}}]	Fase object (2)	17	94	default
156	16	json	[{"model": "proyecto.item", "pk": 16, "fields": {"tipoItem": 1, "nombre": "enrevisionxd", "campo_extra_valores": "[\\"fadsf\\"]", "fecha": "2020-10-08", "estado": "en revision", "observacion": "gasdgas", "costo": 13, "version": 0, "archivos": "[]", "faseid": 2}}]	Item object (16)	19	95	default
157	17	json	[{"model": "proyecto.item", "pk": 17, "fields": {"tipoItem": 1, "nombre": "preuebamensaje", "campo_extra_valores": "[\\"fadsf\\"]", "fecha": "2020-10-03", "estado": "en desarrollo", "observacion": "fasd", "costo": "1233", "version": 0, "archivos": "[]", "faseid": "1"}}]	Item object (17)	19	96	default
158	1	json	[{"model": "proyecto.fase", "pk": 1, "fields": {"nombre": "Fase1", "descripcion": "fadsfasfa", "estado": "abierta", "items": [1, 2, 10, 11, 12, 14, 17], "tipoItem": [1], "lineasBase": [1, 2, 7, 8]}}]	Fase object (1)	17	96	default
159	18	json	[{"model": "proyecto.item", "pk": 18, "fields": {"tipoItem": 1, "nombre": "segundapreua", "campo_extra_valores": "[\\"d\\"]", "fecha": "2020-10-11", "estado": "en desarrollo", "observacion": "gasdgas", "costo": "13", "version": 0, "archivos": "[]", "faseid": "1"}}]	Item object (18)	19	97	default
160	1	json	[{"model": "proyecto.fase", "pk": 1, "fields": {"nombre": "Fase1", "descripcion": "fadsfasfa", "estado": "abierta", "items": [1, 2, 10, 11, 12, 14, 17, 18], "tipoItem": [1], "lineasBase": [1, 2, 7, 8]}}]	Fase object (1)	17	97	default
161	19	json	[{"model": "proyecto.item", "pk": 19, "fields": {"tipoItem": 1, "nombre": "fasd", "campo_extra_valores": "[\\"fadsf\\"]", "fecha": "2020-10-15", "estado": "en desarrollo", "observacion": "fdas", "costo": "1233", "version": 0, "archivos": "[]", "faseid": "1"}}]	Item object (19)	19	98	default
162	1	json	[{"model": "proyecto.fase", "pk": 1, "fields": {"nombre": "Fase1", "descripcion": "fadsfasfa", "estado": "abierta", "items": [1, 2, 10, 11, 12, 14, 17, 18, 19], "tipoItem": [1], "lineasBase": [1, 2, 7, 8]}}]	Fase object (1)	17	98	default
163	20	json	[{"model": "proyecto.item", "pk": 20, "fields": {"tipoItem": 1, "nombre": "mensaje", "campo_extra_valores": "[\\"fadsf\\"]", "fecha": "2020-10-23", "estado": "en desarrollo", "observacion": "gasdgas", "costo": "13", "version": 0, "archivos": "[]", "faseid": "1"}}]	Item object (20)	19	99	default
164	1	json	[{"model": "proyecto.fase", "pk": 1, "fields": {"nombre": "Fase1", "descripcion": "fadsfasfa", "estado": "abierta", "items": [1, 2, 10, 11, 12, 14, 17, 18, 19, 20], "tipoItem": [1], "lineasBase": [1, 2, 7, 8]}}]	Fase object (1)	17	99	default
165	21	json	[{"model": "proyecto.item", "pk": 21, "fields": {"tipoItem": 1, "nombre": "Fase1", "campo_extra_valores": "[\\"fadsf\\"]", "fecha": "2020-10-09", "estado": "en desarrollo", "observacion": "fasd", "costo": "1233", "version": 0, "archivos": "[]", "faseid": "1"}}]	Item object (21)	19	100	default
166	1	json	[{"model": "proyecto.fase", "pk": 1, "fields": {"nombre": "Fase1", "descripcion": "fadsfasfa", "estado": "abierta", "items": [1, 2, 10, 11, 12, 14, 17, 18, 19, 20, 21], "tipoItem": [1], "lineasBase": [1, 2, 7, 8]}}]	Fase object (1)	17	100	default
167	22	json	[{"model": "proyecto.item", "pk": 22, "fields": {"tipoItem": 1, "nombre": "Fase1dfas", "campo_extra_valores": "[\\"d\\"]", "fecha": "2020-10-08", "estado": "en desarrollo", "observacion": "gasdgas", "costo": "1233", "version": 0, "archivos": "[]", "faseid": "1"}}]	Item object (22)	19	101	default
168	1	json	[{"model": "proyecto.fase", "pk": 1, "fields": {"nombre": "Fase1", "descripcion": "fadsfasfa", "estado": "abierta", "items": [1, 2, 10, 11, 12, 14, 17, 18, 19, 20, 21, 22], "tipoItem": [1], "lineasBase": [1, 2, 7, 8]}}]	Fase object (1)	17	101	default
169	19	json	[{"model": "proyecto.item", "pk": 19, "fields": {"tipoItem": 1, "nombre": "fasdk", "campo_extra_valores": "[\\"fadsf\\"]", "fecha": "2020-10-15", "estado": "en desarrollo", "observacion": "fdas", "costo": "1233", "version": 1, "archivos": "[]", "faseid": 1}}]	Item object (19)	19	102	default
170	19	json	[{"model": "proyecto.item", "pk": 19, "fields": {"tipoItem": 1, "nombre": "fasdkkkkkkkkkkkk", "campo_extra_valores": "[\\"fadsf\\"]", "fecha": "2020-10-15", "estado": "en desarrollo", "observacion": "fdas", "costo": "1233", "version": 1, "archivos": "[]", "faseid": 1}}]	Item object (19)	19	103	default
171	19	json	[{"model": "proyecto.item", "pk": 19, "fields": {"tipoItem": 1, "nombre": "fasdkkkkkkkkkkkk", "campo_extra_valores": "[\\"fadsf\\"]", "fecha": "2020-10-15", "estado": "aprobado", "observacion": "fdas", "costo": 1233, "version": 1, "archivos": "[]", "faseid": 1}}]	Item object (19)	19	104	default
172	10	json	[{"model": "proyecto.lineabase", "pk": 10, "fields": {"nombre": "LineaBase5-Fase1", "estado": "abierta", "creador": 2, "items": [19], "roturaslineasBase": [], "roturaLineaBaseComprometida": []}}]	LineaBase object (10)	27	105	default
173	19	json	[{"model": "proyecto.item", "pk": 19, "fields": {"tipoItem": 1, "nombre": "fasdkkkkkkkkkkkk", "campo_extra_valores": "[\\"fadsf\\"]", "fecha": "2020-10-15", "estado": "en linea base", "observacion": "fdas", "costo": 1233, "version": 1, "archivos": "[]", "faseid": 1}}]	Item object (19)	19	105	default
174	1	json	[{"model": "proyecto.fase", "pk": 1, "fields": {"nombre": "Fase1", "descripcion": "fadsfasfa", "estado": "abierta", "items": [1, 2, 10, 11, 12, 14, 17, 18, 19, 20, 21, 22], "tipoItem": [1], "lineasBase": [1, 2, 7, 8, 10]}}]	Fase object (1)	17	105	default
\.


--
-- TOC entry 3714 (class 0 OID 72221)
-- Dependencies: 288
-- Data for Name: socialaccount_socialaccount; Type: TABLE DATA; Schema: public; Owner: admin4
--

COPY public.socialaccount_socialaccount (id, provider, uid, last_login, date_joined, extra_data, user_id) FROM stdin;
1	google	102928131036052291298	2020-10-15 15:46:15.99164-03	2020-10-10 15:12:37.70426-03	{"id": "102928131036052291298", "email": "pcdruizdiaz@gmail.com", "verified_email": true, "name": "Guille ING DE SOFT", "given_name": "Guille", "family_name": "ING DE SOFT", "picture": "https://lh3.googleusercontent.com/a-/AOh14Gg5A52zicxnian8rp4yrCBCWa-bBT2Si6ST08Kn2Q=s96-c", "locale": "es-419"}	3
10	google	108088443758782241987	2020-10-15 15:46:37.094721-03	2020-10-13 23:45:20.64178-03	{"id": "108088443758782241987", "email": "vazquezcristina618@gmail.com", "verified_email": true, "name": "Cristina V\\u00e1zquez", "given_name": "Cristina", "family_name": "V\\u00e1zquez", "picture": "https://lh3.googleusercontent.com/-g0Y1EW8YQ0s/AAAAAAAAAAI/AAAAAAAAAAA/AMZuucmARFky4xtXYEvd2Dus1TD35BxfgA/s96-c/photo.jpg", "locale": "es"}	12
9	google	111206621477605271768	2020-10-13 23:45:10.909231-03	2020-10-13 23:45:10.909305-03	{"id": "111206621477605271768", "email": "soniasosaderuizdiaz@gmail.com", "verified_email": true, "name": "Sonia Sosa de Ruiz Diaz", "given_name": "Sonia", "family_name": "Sosa de Ruiz Diaz", "picture": "https://lh3.googleusercontent.com/-_TX7jnYFP_4/AAAAAAAAAAI/AAAAAAAAAAA/AMZuuckG70vCuZXbZapaD3iNp3NEFPHfYw/s96-c/photo.jpg", "locale": "es-419"}	11
11	google	104061943370160670939	2020-10-15 05:40:26.177361-03	2020-10-14 03:32:42.121111-03	{"id": "104061943370160670939", "email": "tiki11ruizdiaz@gmail.com", "verified_email": true, "name": "Norma Gisselle Ruiz Diaz Sosa", "given_name": "Norma Gisselle", "family_name": "Ruiz Diaz Sosa", "picture": "https://lh5.googleusercontent.com/-QoPJYe44TZ4/AAAAAAAAAAI/AAAAAAAAAAA/AMZuuclFCA9TDQ6v2e2naSmUQxLEPf9Lew/s96-c/photo.jpg", "locale": "es-419"}	13
2	google	101607068073883756948	2020-10-15 14:20:37.710609-03	2020-10-10 15:12:50.378827-03	{"id": "101607068073883756948", "email": "pcdruizdiaz@fpuna.edu.py", "verified_email": true, "name": "Bruno Santiago Ruiz Diaz Sosa", "given_name": "Bruno Santiago", "family_name": "Ruiz Diaz Sosa", "picture": "https://lh5.googleusercontent.com/-yGlds5Cj9Lg/AAAAAAAAAAI/AAAAAAAAAAA/AMZuuckcPl4o7b7fyTuqI8VVYLrgO51w4Q/s96-c/photo.jpg", "locale": "es", "hd": "fpuna.edu.py"}	4
\.


--
-- TOC entry 3716 (class 0 OID 72232)
-- Dependencies: 290
-- Data for Name: socialaccount_socialapp; Type: TABLE DATA; Schema: public; Owner: admin4
--

COPY public.socialaccount_socialapp (id, provider, name, client_id, secret, key) FROM stdin;
1	google	GL	487864700073-g956o7354n0md6k8eogk34rtvbep4agr.apps.googleusercontent.com	jQBnADYzP3QWPCcAki1KJOpQ	
\.


--
-- TOC entry 3718 (class 0 OID 72240)
-- Dependencies: 292
-- Data for Name: socialaccount_socialapp_sites; Type: TABLE DATA; Schema: public; Owner: admin4
--

COPY public.socialaccount_socialapp_sites (id, socialapp_id, site_id) FROM stdin;
1	1	1
\.


--
-- TOC entry 3720 (class 0 OID 72248)
-- Dependencies: 294
-- Data for Name: socialaccount_socialtoken; Type: TABLE DATA; Schema: public; Owner: admin4
--

COPY public.socialaccount_socialtoken (id, token, token_secret, expires_at, account_id, app_id) FROM stdin;
11	ya29.a0AfH6SMCNFg7RW_BXRJwPTQy_KU-0_M2Dvj0JDhl66aWjb7ZNoXfJEHNA5mBGymolcoWiccWAm1HQxFHWHBPgP-BcxMBW2sjSJ5c2pAAmEAovp3i7wDe_VqPXbxULHIR84FyMtRgU6RG9wJocx0JARC_VClDh-Jr8uWQ		2020-10-15 06:40:24.910805-03	11	1
2	ya29.a0AfH6SMCVYQkCjWVTVKYAjWk93ZdRRcDwKAIjQkk9cPMjV8HRF7cN2WSrWaGctcX9Mfc5IrJhuxrl6mGkcO_xllvmBS-NmkbYf4gu1tgxROYLTY4_Y-SRK3Yb-uNq06dMRIec5hH5G0yv22w-0GV1Bp89Qpeft39nmN7B		2020-10-15 15:20:36.284758-03	2	1
1	ya29.a0AfH6SMDo2k9CWaGWCt5HYPdeRLzA5_KmqBsC1fUkjUbOR57JykFm5g2fKwD487cuN2PKf87vUDCDMbkWI26JAzW_P1FMpH1kFV34-fXG9NZx3rkyoj4ZZ9i09b5zJ7ISyvXOhDNr99SdM2v_AitxMkeIH22Ws8Tw9gU		2020-10-15 16:46:14.53014-03	1	1
10	ya29.a0AfH6SMAd9ONNCXXtqoyUGIiTn2ULAZ3UF41cr00XE7LgsfH6IR3tL5AmSEsauczDyB9cCF3umUuESBQwVJxyMzjhn17UImBkX_bXb19WVJkUqGb_PO9h8Q7uzIBvSau3QArmGYtvzoG9zAM6E9y1MgZ3cfatOMyPgTA		2020-10-15 16:46:35.829446-03	10	1
9	ya29.a0AfH6SMC6TKNBbS2ImbOy0pz592i0KLX5tnURRh8xdukf4UCPEfXOscKvCafKIqvQjNsJ04kZcuvFvm28Iw_8ly18zjes8K7GYgHFfPobeYppsYVqe8H-z7-TVqv9o48Y2vb1108CrZ6xHTMzYT_ZtVY8YOL4DltlQMY		2020-10-14 00:45:09.647078-03	9	1
\.


--
-- TOC entry 3775 (class 0 OID 0)
-- Dependencies: 212
-- Name: account_emailaddress_id_seq; Type: SEQUENCE SET; Schema: public; Owner: admin4
--

SELECT pg_catalog.setval('public.account_emailaddress_id_seq', 11, true);


--
-- TOC entry 3776 (class 0 OID 0)
-- Dependencies: 214
-- Name: account_emailconfirmation_id_seq; Type: SEQUENCE SET; Schema: public; Owner: admin4
--

SELECT pg_catalog.setval('public.account_emailconfirmation_id_seq', 1, false);


--
-- TOC entry 3777 (class 0 OID 0)
-- Dependencies: 202
-- Name: auth_group_id_seq; Type: SEQUENCE SET; Schema: public; Owner: admin4
--

SELECT pg_catalog.setval('public.auth_group_id_seq', 16, true);


--
-- TOC entry 3778 (class 0 OID 0)
-- Dependencies: 204
-- Name: auth_group_permissions_id_seq; Type: SEQUENCE SET; Schema: public; Owner: admin4
--

SELECT pg_catalog.setval('public.auth_group_permissions_id_seq', 88, true);


--
-- TOC entry 3779 (class 0 OID 0)
-- Dependencies: 200
-- Name: auth_permission_id_seq; Type: SEQUENCE SET; Schema: public; Owner: admin4
--

SELECT pg_catalog.setval('public.auth_permission_id_seq', 169, true);


--
-- TOC entry 3780 (class 0 OID 0)
-- Dependencies: 208
-- Name: auth_user_groups_id_seq; Type: SEQUENCE SET; Schema: public; Owner: admin4
--

SELECT pg_catalog.setval('public.auth_user_groups_id_seq', 260, true);


--
-- TOC entry 3781 (class 0 OID 0)
-- Dependencies: 206
-- Name: auth_user_id_seq; Type: SEQUENCE SET; Schema: public; Owner: admin4
--

SELECT pg_catalog.setval('public.auth_user_id_seq', 13, true);


--
-- TOC entry 3782 (class 0 OID 0)
-- Dependencies: 210
-- Name: auth_user_user_permissions_id_seq; Type: SEQUENCE SET; Schema: public; Owner: admin4
--

SELECT pg_catalog.setval('public.auth_user_user_permissions_id_seq', 164, true);


--
-- TOC entry 3783 (class 0 OID 0)
-- Dependencies: 216
-- Name: django_admin_log_id_seq; Type: SEQUENCE SET; Schema: public; Owner: admin4
--

SELECT pg_catalog.setval('public.django_admin_log_id_seq', 50, true);


--
-- TOC entry 3784 (class 0 OID 0)
-- Dependencies: 198
-- Name: django_content_type_id_seq; Type: SEQUENCE SET; Schema: public; Owner: admin4
--

SELECT pg_catalog.setval('public.django_content_type_id_seq', 31, true);


--
-- TOC entry 3785 (class 0 OID 0)
-- Dependencies: 196
-- Name: django_migrations_id_seq; Type: SEQUENCE SET; Schema: public; Owner: admin4
--

SELECT pg_catalog.setval('public.django_migrations_id_seq', 32, true);


--
-- TOC entry 3786 (class 0 OID 0)
-- Dependencies: 285
-- Name: django_site_id_seq; Type: SEQUENCE SET; Schema: public; Owner: admin4
--

SELECT pg_catalog.setval('public.django_site_id_seq', 1, true);


--
-- TOC entry 3787 (class 0 OID 0)
-- Dependencies: 218
-- Name: guardian_groupobjectpermission_id_seq; Type: SEQUENCE SET; Schema: public; Owner: admin4
--

SELECT pg_catalog.setval('public.guardian_groupobjectpermission_id_seq', 77, true);


--
-- TOC entry 3788 (class 0 OID 0)
-- Dependencies: 220
-- Name: guardian_userobjectpermission_id_seq; Type: SEQUENCE SET; Schema: public; Owner: admin4
--

SELECT pg_catalog.setval('public.guardian_userobjectpermission_id_seq', 253, true);


--
-- TOC entry 3789 (class 0 OID 0)
-- Dependencies: 222
-- Name: perms_permisos_id_seq; Type: SEQUENCE SET; Schema: public; Owner: admin4
--

SELECT pg_catalog.setval('public.perms_permisos_id_seq', 1, false);


--
-- TOC entry 3790 (class 0 OID 0)
-- Dependencies: 224
-- Name: proyecto_campoextra_id_seq; Type: SEQUENCE SET; Schema: public; Owner: admin4
--

SELECT pg_catalog.setval('public.proyecto_campoextra_id_seq', 1, false);


--
-- TOC entry 3791 (class 0 OID 0)
-- Dependencies: 278
-- Name: proyecto_campoextravalores_id_seq; Type: SEQUENCE SET; Schema: public; Owner: admin4
--

SELECT pg_catalog.setval('public.proyecto_campoextravalores_id_seq', 1, false);


--
-- TOC entry 3792 (class 0 OID 0)
-- Dependencies: 226
-- Name: proyecto_fase_id_seq; Type: SEQUENCE SET; Schema: public; Owner: admin4
--

SELECT pg_catalog.setval('public.proyecto_fase_id_seq', 6, true);


--
-- TOC entry 3793 (class 0 OID 0)
-- Dependencies: 272
-- Name: proyecto_fase_items_id_seq; Type: SEQUENCE SET; Schema: public; Owner: admin4
--

SELECT pg_catalog.setval('public.proyecto_fase_items_id_seq', 22, true);


--
-- TOC entry 3794 (class 0 OID 0)
-- Dependencies: 274
-- Name: proyecto_fase_lineasBase_id_seq; Type: SEQUENCE SET; Schema: public; Owner: admin4
--

SELECT pg_catalog.setval('public."proyecto_fase_lineasBase_id_seq"', 10, true);


--
-- TOC entry 3795 (class 0 OID 0)
-- Dependencies: 276
-- Name: proyecto_fase_tipoItem_id_seq; Type: SEQUENCE SET; Schema: public; Owner: admin4
--

SELECT pg_catalog.setval('public."proyecto_fase_tipoItem_id_seq"', 5, true);


--
-- TOC entry 3796 (class 0 OID 0)
-- Dependencies: 228
-- Name: proyecto_faseuser_id_seq; Type: SEQUENCE SET; Schema: public; Owner: admin4
--

SELECT pg_catalog.setval('public.proyecto_faseuser_id_seq', 35, true);


--
-- TOC entry 3797 (class 0 OID 0)
-- Dependencies: 270
-- Name: proyecto_files_id_seq; Type: SEQUENCE SET; Schema: public; Owner: admin4
--

SELECT pg_catalog.setval('public.proyecto_files_id_seq', 20, true);


--
-- TOC entry 3798 (class 0 OID 0)
-- Dependencies: 230
-- Name: proyecto_item_id_seq; Type: SEQUENCE SET; Schema: public; Owner: admin4
--

SELECT pg_catalog.setval('public.proyecto_item_id_seq', 22, true);


--
-- TOC entry 3799 (class 0 OID 0)
-- Dependencies: 262
-- Name: proyecto_lineabase_id_seq; Type: SEQUENCE SET; Schema: public; Owner: admin4
--

SELECT pg_catalog.setval('public.proyecto_lineabase_id_seq', 10, true);


--
-- TOC entry 3800 (class 0 OID 0)
-- Dependencies: 264
-- Name: proyecto_lineabase_items_id_seq; Type: SEQUENCE SET; Schema: public; Owner: admin4
--

SELECT pg_catalog.setval('public.proyecto_lineabase_items_id_seq', 11, true);


--
-- TOC entry 3801 (class 0 OID 0)
-- Dependencies: 266
-- Name: proyecto_lineabase_roturaLineaBaseComprometida_id_seq; Type: SEQUENCE SET; Schema: public; Owner: admin4
--

SELECT pg_catalog.setval('public."proyecto_lineabase_roturaLineaBaseComprometida_id_seq"', 12, true);


--
-- TOC entry 3802 (class 0 OID 0)
-- Dependencies: 268
-- Name: proyecto_lineabase_roturaslineasBase_id_seq; Type: SEQUENCE SET; Schema: public; Owner: admin4
--

SELECT pg_catalog.setval('public."proyecto_lineabase_roturaslineasBase_id_seq"', 15, true);


--
-- TOC entry 3803 (class 0 OID 0)
-- Dependencies: 234
-- Name: proyecto_proyecto_comite_id_seq; Type: SEQUENCE SET; Schema: public; Owner: admin4
--

SELECT pg_catalog.setval('public.proyecto_proyecto_comite_id_seq', 21, true);


--
-- TOC entry 3804 (class 0 OID 0)
-- Dependencies: 232
-- Name: proyecto_proyecto_id_seq; Type: SEQUENCE SET; Schema: public; Owner: admin4
--

SELECT pg_catalog.setval('public.proyecto_proyecto_id_seq', 3, true);


--
-- TOC entry 3805 (class 0 OID 0)
-- Dependencies: 256
-- Name: proyecto_proyecto_roles_id_seq; Type: SEQUENCE SET; Schema: public; Owner: admin4
--

SELECT pg_catalog.setval('public.proyecto_proyecto_roles_id_seq', 16, true);


--
-- TOC entry 3806 (class 0 OID 0)
-- Dependencies: 258
-- Name: proyecto_proyecto_tipoItem_id_seq; Type: SEQUENCE SET; Schema: public; Owner: admin4
--

SELECT pg_catalog.setval('public."proyecto_proyecto_tipoItem_id_seq"', 20, true);


--
-- TOC entry 3807 (class 0 OID 0)
-- Dependencies: 260
-- Name: proyecto_proyecto_usuarios_id_seq; Type: SEQUENCE SET; Schema: public; Owner: admin4
--

SELECT pg_catalog.setval('public.proyecto_proyecto_usuarios_id_seq', 13, true);


--
-- TOC entry 3808 (class 0 OID 0)
-- Dependencies: 254
-- Name: proyecto_proyectofase_id_seq; Type: SEQUENCE SET; Schema: public; Owner: admin4
--

SELECT pg_catalog.setval('public.proyecto_proyectofase_id_seq', 6, true);


--
-- TOC entry 3809 (class 0 OID 0)
-- Dependencies: 252
-- Name: proyecto_relacion_id_seq; Type: SEQUENCE SET; Schema: public; Owner: admin4
--

SELECT pg_catalog.setval('public.proyecto_relacion_id_seq', 22, true);


--
-- TOC entry 3810 (class 0 OID 0)
-- Dependencies: 250
-- Name: proyecto_rol_faseUser_id_seq; Type: SEQUENCE SET; Schema: public; Owner: admin4
--

SELECT pg_catalog.setval('public."proyecto_rol_faseUser_id_seq"', 47, true);


--
-- TOC entry 3811 (class 0 OID 0)
-- Dependencies: 248
-- Name: proyecto_rol_id_seq; Type: SEQUENCE SET; Schema: public; Owner: admin4
--

SELECT pg_catalog.setval('public.proyecto_rol_id_seq', 16, true);


--
-- TOC entry 3812 (class 0 OID 0)
-- Dependencies: 242
-- Name: proyecto_roturalineabase_id_seq; Type: SEQUENCE SET; Schema: public; Owner: admin4
--

SELECT pg_catalog.setval('public.proyecto_roturalineabase_id_seq', 15, true);


--
-- TOC entry 3813 (class 0 OID 0)
-- Dependencies: 244
-- Name: proyecto_roturalineabase_items_implicados_id_seq; Type: SEQUENCE SET; Schema: public; Owner: admin4
--

SELECT pg_catalog.setval('public.proyecto_roturalineabase_items_implicados_id_seq', 15, true);


--
-- TOC entry 3814 (class 0 OID 0)
-- Dependencies: 246
-- Name: proyecto_roturalineabase_votos_registrados_id_seq; Type: SEQUENCE SET; Schema: public; Owner: admin4
--

SELECT pg_catalog.setval('public.proyecto_roturalineabase_votos_registrados_id_seq', 13, true);


--
-- TOC entry 3815 (class 0 OID 0)
-- Dependencies: 238
-- Name: proyecto_roturalineabasecomprometida_id_seq; Type: SEQUENCE SET; Schema: public; Owner: admin4
--

SELECT pg_catalog.setval('public.proyecto_roturalineabasecomprometida_id_seq', 6, true);


--
-- TOC entry 3816 (class 0 OID 0)
-- Dependencies: 240
-- Name: proyecto_roturalineabasecomprometida_registrados_votos_c_id_seq; Type: SEQUENCE SET; Schema: public; Owner: admin4
--

SELECT pg_catalog.setval('public.proyecto_roturalineabasecomprometida_registrados_votos_c_id_seq', 4, true);


--
-- TOC entry 3817 (class 0 OID 0)
-- Dependencies: 236
-- Name: proyecto_tipodeitem_id_seq; Type: SEQUENCE SET; Schema: public; Owner: admin4
--

SELECT pg_catalog.setval('public.proyecto_tipodeitem_id_seq', 18, true);


--
-- TOC entry 3818 (class 0 OID 0)
-- Dependencies: 280
-- Name: reversion_revision_id_seq; Type: SEQUENCE SET; Schema: public; Owner: admin4
--

SELECT pg_catalog.setval('public.reversion_revision_id_seq', 105, true);


--
-- TOC entry 3819 (class 0 OID 0)
-- Dependencies: 282
-- Name: reversion_version_id_seq; Type: SEQUENCE SET; Schema: public; Owner: admin4
--

SELECT pg_catalog.setval('public.reversion_version_id_seq', 174, true);


--
-- TOC entry 3820 (class 0 OID 0)
-- Dependencies: 287
-- Name: socialaccount_socialaccount_id_seq; Type: SEQUENCE SET; Schema: public; Owner: admin4
--

SELECT pg_catalog.setval('public.socialaccount_socialaccount_id_seq', 11, true);


--
-- TOC entry 3821 (class 0 OID 0)
-- Dependencies: 289
-- Name: socialaccount_socialapp_id_seq; Type: SEQUENCE SET; Schema: public; Owner: admin4
--

SELECT pg_catalog.setval('public.socialaccount_socialapp_id_seq', 1, true);


--
-- TOC entry 3822 (class 0 OID 0)
-- Dependencies: 291
-- Name: socialaccount_socialapp_sites_id_seq; Type: SEQUENCE SET; Schema: public; Owner: admin4
--

SELECT pg_catalog.setval('public.socialaccount_socialapp_sites_id_seq', 1, true);


--
-- TOC entry 3823 (class 0 OID 0)
-- Dependencies: 293
-- Name: socialaccount_socialtoken_id_seq; Type: SEQUENCE SET; Schema: public; Owner: admin4
--

SELECT pg_catalog.setval('public.socialaccount_socialtoken_id_seq', 11, true);


--
-- TOC entry 3236 (class 2606 OID 71534)
-- Name: account_emailaddress account_emailaddress_email_key; Type: CONSTRAINT; Schema: public; Owner: admin4
--

ALTER TABLE ONLY public.account_emailaddress
    ADD CONSTRAINT account_emailaddress_email_key UNIQUE (email);


--
-- TOC entry 3238 (class 2606 OID 71506)
-- Name: account_emailaddress account_emailaddress_pkey; Type: CONSTRAINT; Schema: public; Owner: admin4
--

ALTER TABLE ONLY public.account_emailaddress
    ADD CONSTRAINT account_emailaddress_pkey PRIMARY KEY (id);


--
-- TOC entry 3243 (class 2606 OID 71518)
-- Name: account_emailconfirmation account_emailconfirmation_key_key; Type: CONSTRAINT; Schema: public; Owner: admin4
--

ALTER TABLE ONLY public.account_emailconfirmation
    ADD CONSTRAINT account_emailconfirmation_key_key UNIQUE (key);


--
-- TOC entry 3245 (class 2606 OID 71516)
-- Name: account_emailconfirmation account_emailconfirmation_pkey; Type: CONSTRAINT; Schema: public; Owner: admin4
--

ALTER TABLE ONLY public.account_emailconfirmation
    ADD CONSTRAINT account_emailconfirmation_pkey PRIMARY KEY (id);


--
-- TOC entry 3208 (class 2606 OID 71567)
-- Name: auth_group auth_group_name_key; Type: CONSTRAINT; Schema: public; Owner: admin4
--

ALTER TABLE ONLY public.auth_group
    ADD CONSTRAINT auth_group_name_key UNIQUE (name);


--
-- TOC entry 3213 (class 2606 OID 71457)
-- Name: auth_group_permissions auth_group_permissions_group_id_permission_id_0cd325b0_uniq; Type: CONSTRAINT; Schema: public; Owner: admin4
--

ALTER TABLE ONLY public.auth_group_permissions
    ADD CONSTRAINT auth_group_permissions_group_id_permission_id_0cd325b0_uniq UNIQUE (group_id, permission_id);


--
-- TOC entry 3216 (class 2606 OID 71420)
-- Name: auth_group_permissions auth_group_permissions_pkey; Type: CONSTRAINT; Schema: public; Owner: admin4
--

ALTER TABLE ONLY public.auth_group_permissions
    ADD CONSTRAINT auth_group_permissions_pkey PRIMARY KEY (id);


--
-- TOC entry 3210 (class 2606 OID 71410)
-- Name: auth_group auth_group_pkey; Type: CONSTRAINT; Schema: public; Owner: admin4
--

ALTER TABLE ONLY public.auth_group
    ADD CONSTRAINT auth_group_pkey PRIMARY KEY (id);


--
-- TOC entry 3203 (class 2606 OID 71448)
-- Name: auth_permission auth_permission_content_type_id_codename_01ab375a_uniq; Type: CONSTRAINT; Schema: public; Owner: admin4
--

ALTER TABLE ONLY public.auth_permission
    ADD CONSTRAINT auth_permission_content_type_id_codename_01ab375a_uniq UNIQUE (content_type_id, codename);


--
-- TOC entry 3205 (class 2606 OID 71402)
-- Name: auth_permission auth_permission_pkey; Type: CONSTRAINT; Schema: public; Owner: admin4
--

ALTER TABLE ONLY public.auth_permission
    ADD CONSTRAINT auth_permission_pkey PRIMARY KEY (id);


--
-- TOC entry 3224 (class 2606 OID 71438)
-- Name: auth_user_groups auth_user_groups_pkey; Type: CONSTRAINT; Schema: public; Owner: admin4
--

ALTER TABLE ONLY public.auth_user_groups
    ADD CONSTRAINT auth_user_groups_pkey PRIMARY KEY (id);


--
-- TOC entry 3227 (class 2606 OID 71472)
-- Name: auth_user_groups auth_user_groups_user_id_group_id_94350c0c_uniq; Type: CONSTRAINT; Schema: public; Owner: admin4
--

ALTER TABLE ONLY public.auth_user_groups
    ADD CONSTRAINT auth_user_groups_user_id_group_id_94350c0c_uniq UNIQUE (user_id, group_id);


--
-- TOC entry 3218 (class 2606 OID 71428)
-- Name: auth_user auth_user_pkey; Type: CONSTRAINT; Schema: public; Owner: admin4
--

ALTER TABLE ONLY public.auth_user
    ADD CONSTRAINT auth_user_pkey PRIMARY KEY (id);


--
-- TOC entry 3230 (class 2606 OID 71446)
-- Name: auth_user_user_permissions auth_user_user_permissions_pkey; Type: CONSTRAINT; Schema: public; Owner: admin4
--

ALTER TABLE ONLY public.auth_user_user_permissions
    ADD CONSTRAINT auth_user_user_permissions_pkey PRIMARY KEY (id);


--
-- TOC entry 3233 (class 2606 OID 71486)
-- Name: auth_user_user_permissions auth_user_user_permissions_user_id_permission_id_14a6b632_uniq; Type: CONSTRAINT; Schema: public; Owner: admin4
--

ALTER TABLE ONLY public.auth_user_user_permissions
    ADD CONSTRAINT auth_user_user_permissions_user_id_permission_id_14a6b632_uniq UNIQUE (user_id, permission_id);


--
-- TOC entry 3221 (class 2606 OID 71561)
-- Name: auth_user auth_user_username_key; Type: CONSTRAINT; Schema: public; Owner: admin4
--

ALTER TABLE ONLY public.auth_user
    ADD CONSTRAINT auth_user_username_key UNIQUE (username);


--
-- TOC entry 3248 (class 2606 OID 71547)
-- Name: django_admin_log django_admin_log_pkey; Type: CONSTRAINT; Schema: public; Owner: admin4
--

ALTER TABLE ONLY public.django_admin_log
    ADD CONSTRAINT django_admin_log_pkey PRIMARY KEY (id);


--
-- TOC entry 3198 (class 2606 OID 71394)
-- Name: django_content_type django_content_type_app_label_model_76bd3d3b_uniq; Type: CONSTRAINT; Schema: public; Owner: admin4
--

ALTER TABLE ONLY public.django_content_type
    ADD CONSTRAINT django_content_type_app_label_model_76bd3d3b_uniq UNIQUE (app_label, model);


--
-- TOC entry 3200 (class 2606 OID 71392)
-- Name: django_content_type django_content_type_pkey; Type: CONSTRAINT; Schema: public; Owner: admin4
--

ALTER TABLE ONLY public.django_content_type
    ADD CONSTRAINT django_content_type_pkey PRIMARY KEY (id);


--
-- TOC entry 3196 (class 2606 OID 71384)
-- Name: django_migrations django_migrations_pkey; Type: CONSTRAINT; Schema: public; Owner: admin4
--

ALTER TABLE ONLY public.django_migrations
    ADD CONSTRAINT django_migrations_pkey PRIMARY KEY (id);


--
-- TOC entry 3407 (class 2606 OID 72205)
-- Name: django_session django_session_pkey; Type: CONSTRAINT; Schema: public; Owner: admin4
--

ALTER TABLE ONLY public.django_session
    ADD CONSTRAINT django_session_pkey PRIMARY KEY (session_key);


--
-- TOC entry 3411 (class 2606 OID 72217)
-- Name: django_site django_site_domain_a2e37b91_uniq; Type: CONSTRAINT; Schema: public; Owner: admin4
--

ALTER TABLE ONLY public.django_site
    ADD CONSTRAINT django_site_domain_a2e37b91_uniq UNIQUE (domain);


--
-- TOC entry 3413 (class 2606 OID 72215)
-- Name: django_site django_site_pkey; Type: CONSTRAINT; Schema: public; Owner: admin4
--

ALTER TABLE ONLY public.django_site
    ADD CONSTRAINT django_site_pkey PRIMARY KEY (id);


--
-- TOC entry 3252 (class 2606 OID 71588)
-- Name: guardian_groupobjectpermission guardian_groupobjectperm_group_id_permission_id_o_3f189f7c_uniq; Type: CONSTRAINT; Schema: public; Owner: admin4
--

ALTER TABLE ONLY public.guardian_groupobjectpermission
    ADD CONSTRAINT guardian_groupobjectperm_group_id_permission_id_o_3f189f7c_uniq UNIQUE (group_id, permission_id, object_pk);


--
-- TOC entry 3257 (class 2606 OID 71576)
-- Name: guardian_groupobjectpermission guardian_groupobjectpermission_pkey; Type: CONSTRAINT; Schema: public; Owner: admin4
--

ALTER TABLE ONLY public.guardian_groupobjectpermission
    ADD CONSTRAINT guardian_groupobjectpermission_pkey PRIMARY KEY (id);


--
-- TOC entry 3260 (class 2606 OID 71586)
-- Name: guardian_userobjectpermission guardian_userobjectpermi_user_id_permission_id_ob_b0b3d2fc_uniq; Type: CONSTRAINT; Schema: public; Owner: admin4
--

ALTER TABLE ONLY public.guardian_userobjectpermission
    ADD CONSTRAINT guardian_userobjectpermi_user_id_permission_id_ob_b0b3d2fc_uniq UNIQUE (user_id, permission_id, object_pk);


--
-- TOC entry 3264 (class 2606 OID 71584)
-- Name: guardian_userobjectpermission guardian_userobjectpermission_pkey; Type: CONSTRAINT; Schema: public; Owner: admin4
--

ALTER TABLE ONLY public.guardian_userobjectpermission
    ADD CONSTRAINT guardian_userobjectpermission_pkey PRIMARY KEY (id);


--
-- TOC entry 3267 (class 2606 OID 71634)
-- Name: perms_permisos perms_permisos_pkey; Type: CONSTRAINT; Schema: public; Owner: admin4
--

ALTER TABLE ONLY public.perms_permisos
    ADD CONSTRAINT perms_permisos_pkey PRIMARY KEY (id);


--
-- TOC entry 3269 (class 2606 OID 71642)
-- Name: proyecto_campoextra proyecto_campoextra_pkey; Type: CONSTRAINT; Schema: public; Owner: admin4
--

ALTER TABLE ONLY public.proyecto_campoextra
    ADD CONSTRAINT proyecto_campoextra_pkey PRIMARY KEY (id);


--
-- TOC entry 3394 (class 2606 OID 71877)
-- Name: proyecto_campoextravalores proyecto_campoextravalores_pkey; Type: CONSTRAINT; Schema: public; Owner: admin4
--

ALTER TABLE ONLY public.proyecto_campoextravalores
    ADD CONSTRAINT proyecto_campoextravalores_pkey PRIMARY KEY (id);


--
-- TOC entry 3376 (class 2606 OID 72107)
-- Name: proyecto_fase_items proyecto_fase_items_fase_id_item_id_65fbbc8d_uniq; Type: CONSTRAINT; Schema: public; Owner: admin4
--

ALTER TABLE ONLY public.proyecto_fase_items
    ADD CONSTRAINT proyecto_fase_items_fase_id_item_id_65fbbc8d_uniq UNIQUE (fase_id, item_id);


--
-- TOC entry 3379 (class 2606 OID 71853)
-- Name: proyecto_fase_items proyecto_fase_items_pkey; Type: CONSTRAINT; Schema: public; Owner: admin4
--

ALTER TABLE ONLY public.proyecto_fase_items
    ADD CONSTRAINT proyecto_fase_items_pkey PRIMARY KEY (id);


--
-- TOC entry 3382 (class 2606 OID 72121)
-- Name: proyecto_fase_lineasBase proyecto_fase_lineasBase_fase_id_lineabase_id_df7247c1_uniq; Type: CONSTRAINT; Schema: public; Owner: admin4
--

ALTER TABLE ONLY public."proyecto_fase_lineasBase"
    ADD CONSTRAINT "proyecto_fase_lineasBase_fase_id_lineabase_id_df7247c1_uniq" UNIQUE (fase_id, lineabase_id);


--
-- TOC entry 3385 (class 2606 OID 71861)
-- Name: proyecto_fase_lineasBase proyecto_fase_lineasBase_pkey; Type: CONSTRAINT; Schema: public; Owner: admin4
--

ALTER TABLE ONLY public."proyecto_fase_lineasBase"
    ADD CONSTRAINT "proyecto_fase_lineasBase_pkey" PRIMARY KEY (id);


--
-- TOC entry 3271 (class 2606 OID 71650)
-- Name: proyecto_fase proyecto_fase_pkey; Type: CONSTRAINT; Schema: public; Owner: admin4
--

ALTER TABLE ONLY public.proyecto_fase
    ADD CONSTRAINT proyecto_fase_pkey PRIMARY KEY (id);


--
-- TOC entry 3388 (class 2606 OID 72135)
-- Name: proyecto_fase_tipoItem proyecto_fase_tipoItem_fase_id_tipodeitem_id_619f7066_uniq; Type: CONSTRAINT; Schema: public; Owner: admin4
--

ALTER TABLE ONLY public."proyecto_fase_tipoItem"
    ADD CONSTRAINT "proyecto_fase_tipoItem_fase_id_tipodeitem_id_619f7066_uniq" UNIQUE (fase_id, tipodeitem_id);


--
-- TOC entry 3390 (class 2606 OID 71869)
-- Name: proyecto_fase_tipoItem proyecto_fase_tipoItem_pkey; Type: CONSTRAINT; Schema: public; Owner: admin4
--

ALTER TABLE ONLY public."proyecto_fase_tipoItem"
    ADD CONSTRAINT "proyecto_fase_tipoItem_pkey" PRIMARY KEY (id);


--
-- TOC entry 3274 (class 2606 OID 71658)
-- Name: proyecto_faseuser proyecto_faseuser_pkey; Type: CONSTRAINT; Schema: public; Owner: admin4
--

ALTER TABLE ONLY public.proyecto_faseuser
    ADD CONSTRAINT proyecto_faseuser_pkey PRIMARY KEY (id);


--
-- TOC entry 3373 (class 2606 OID 71845)
-- Name: proyecto_files proyecto_files_pkey; Type: CONSTRAINT; Schema: public; Owner: admin4
--

ALTER TABLE ONLY public.proyecto_files
    ADD CONSTRAINT proyecto_files_pkey PRIMARY KEY (id);


--
-- TOC entry 3277 (class 2606 OID 71669)
-- Name: proyecto_item proyecto_item_pkey; Type: CONSTRAINT; Schema: public; Owner: admin4
--

ALTER TABLE ONLY public.proyecto_item
    ADD CONSTRAINT proyecto_item_pkey PRIMARY KEY (id);


--
-- TOC entry 3356 (class 2606 OID 72058)
-- Name: proyecto_lineabase_items proyecto_lineabase_items_lineabase_id_item_id_86811747_uniq; Type: CONSTRAINT; Schema: public; Owner: admin4
--

ALTER TABLE ONLY public.proyecto_lineabase_items
    ADD CONSTRAINT proyecto_lineabase_items_lineabase_id_item_id_86811747_uniq UNIQUE (lineabase_id, item_id);


--
-- TOC entry 3358 (class 2606 OID 71816)
-- Name: proyecto_lineabase_items proyecto_lineabase_items_pkey; Type: CONSTRAINT; Schema: public; Owner: admin4
--

ALTER TABLE ONLY public.proyecto_lineabase_items
    ADD CONSTRAINT proyecto_lineabase_items_pkey PRIMARY KEY (id);


--
-- TOC entry 3352 (class 2606 OID 71808)
-- Name: proyecto_lineabase proyecto_lineabase_pkey; Type: CONSTRAINT; Schema: public; Owner: admin4
--

ALTER TABLE ONLY public.proyecto_lineabase
    ADD CONSTRAINT proyecto_lineabase_pkey PRIMARY KEY (id);


--
-- TOC entry 3360 (class 2606 OID 72072)
-- Name: proyecto_lineabase_roturaLineaBaseComprometida proyecto_lineabase_rotur_lineabase_id_roturalinea_1e3e48f6_uniq; Type: CONSTRAINT; Schema: public; Owner: admin4
--

ALTER TABLE ONLY public."proyecto_lineabase_roturaLineaBaseComprometida"
    ADD CONSTRAINT proyecto_lineabase_rotur_lineabase_id_roturalinea_1e3e48f6_uniq UNIQUE (lineabase_id, roturalineabasecomprometida_id);


--
-- TOC entry 3366 (class 2606 OID 72086)
-- Name: proyecto_lineabase_roturaslineasBase proyecto_lineabase_rotur_lineabase_id_roturalinea_f505e92f_uniq; Type: CONSTRAINT; Schema: public; Owner: admin4
--

ALTER TABLE ONLY public."proyecto_lineabase_roturaslineasBase"
    ADD CONSTRAINT proyecto_lineabase_rotur_lineabase_id_roturalinea_f505e92f_uniq UNIQUE (lineabase_id, roturalineabase_id);


--
-- TOC entry 3364 (class 2606 OID 71824)
-- Name: proyecto_lineabase_roturaLineaBaseComprometida proyecto_lineabase_roturaLineaBaseComprometida_pkey; Type: CONSTRAINT; Schema: public; Owner: admin4
--

ALTER TABLE ONLY public."proyecto_lineabase_roturaLineaBaseComprometida"
    ADD CONSTRAINT "proyecto_lineabase_roturaLineaBaseComprometida_pkey" PRIMARY KEY (id);


--
-- TOC entry 3370 (class 2606 OID 71832)
-- Name: proyecto_lineabase_roturaslineasBase proyecto_lineabase_roturaslineasBase_pkey; Type: CONSTRAINT; Schema: public; Owner: admin4
--

ALTER TABLE ONLY public."proyecto_lineabase_roturaslineasBase"
    ADD CONSTRAINT "proyecto_lineabase_roturaslineasBase_pkey" PRIMARY KEY (id);


--
-- TOC entry 3284 (class 2606 OID 71688)
-- Name: proyecto_proyecto_comite proyecto_proyecto_comite_pkey; Type: CONSTRAINT; Schema: public; Owner: admin4
--

ALTER TABLE ONLY public.proyecto_proyecto_comite
    ADD CONSTRAINT proyecto_proyecto_comite_pkey PRIMARY KEY (id);


--
-- TOC entry 3287 (class 2606 OID 71897)
-- Name: proyecto_proyecto_comite proyecto_proyecto_comite_proyecto_id_user_id_eff5fb3f_uniq; Type: CONSTRAINT; Schema: public; Owner: admin4
--

ALTER TABLE ONLY public.proyecto_proyecto_comite
    ADD CONSTRAINT proyecto_proyecto_comite_proyecto_id_user_id_eff5fb3f_uniq UNIQUE (proyecto_id, user_id);


--
-- TOC entry 3282 (class 2606 OID 71680)
-- Name: proyecto_proyecto proyecto_proyecto_pkey; Type: CONSTRAINT; Schema: public; Owner: admin4
--

ALTER TABLE ONLY public.proyecto_proyecto
    ADD CONSTRAINT proyecto_proyecto_pkey PRIMARY KEY (id);


--
-- TOC entry 3333 (class 2606 OID 71784)
-- Name: proyecto_proyecto_roles proyecto_proyecto_roles_pkey; Type: CONSTRAINT; Schema: public; Owner: admin4
--

ALTER TABLE ONLY public.proyecto_proyecto_roles
    ADD CONSTRAINT proyecto_proyecto_roles_pkey PRIMARY KEY (id);


--
-- TOC entry 3336 (class 2606 OID 72010)
-- Name: proyecto_proyecto_roles proyecto_proyecto_roles_proyecto_id_rol_id_a917adb4_uniq; Type: CONSTRAINT; Schema: public; Owner: admin4
--

ALTER TABLE ONLY public.proyecto_proyecto_roles
    ADD CONSTRAINT proyecto_proyecto_roles_proyecto_id_rol_id_a917adb4_uniq UNIQUE (proyecto_id, rol_id);


--
-- TOC entry 3339 (class 2606 OID 72024)
-- Name: proyecto_proyecto_tipoItem proyecto_proyecto_tipoIt_proyecto_id_tipodeitem_i_5e8b78a9_uniq; Type: CONSTRAINT; Schema: public; Owner: admin4
--

ALTER TABLE ONLY public."proyecto_proyecto_tipoItem"
    ADD CONSTRAINT "proyecto_proyecto_tipoIt_proyecto_id_tipodeitem_i_5e8b78a9_uniq" UNIQUE (proyecto_id, tipodeitem_id);


--
-- TOC entry 3341 (class 2606 OID 71792)
-- Name: proyecto_proyecto_tipoItem proyecto_proyecto_tipoItem_pkey; Type: CONSTRAINT; Schema: public; Owner: admin4
--

ALTER TABLE ONLY public."proyecto_proyecto_tipoItem"
    ADD CONSTRAINT "proyecto_proyecto_tipoItem_pkey" PRIMARY KEY (id);


--
-- TOC entry 3345 (class 2606 OID 71800)
-- Name: proyecto_proyecto_usuarios proyecto_proyecto_usuarios_pkey; Type: CONSTRAINT; Schema: public; Owner: admin4
--

ALTER TABLE ONLY public.proyecto_proyecto_usuarios
    ADD CONSTRAINT proyecto_proyecto_usuarios_pkey PRIMARY KEY (id);


--
-- TOC entry 3348 (class 2606 OID 72038)
-- Name: proyecto_proyecto_usuarios proyecto_proyecto_usuarios_proyecto_id_user_id_02605d4a_uniq; Type: CONSTRAINT; Schema: public; Owner: admin4
--

ALTER TABLE ONLY public.proyecto_proyecto_usuarios
    ADD CONSTRAINT proyecto_proyecto_usuarios_proyecto_id_user_id_02605d4a_uniq UNIQUE (proyecto_id, user_id);


--
-- TOC entry 3330 (class 2606 OID 71771)
-- Name: proyecto_proyectofase proyecto_proyectofase_pkey; Type: CONSTRAINT; Schema: public; Owner: admin4
--

ALTER TABLE ONLY public.proyecto_proyectofase
    ADD CONSTRAINT proyecto_proyectofase_pkey PRIMARY KEY (id);


--
-- TOC entry 3327 (class 2606 OID 71763)
-- Name: proyecto_relacion proyecto_relacion_pkey; Type: CONSTRAINT; Schema: public; Owner: admin4
--

ALTER TABLE ONLY public.proyecto_relacion
    ADD CONSTRAINT proyecto_relacion_pkey PRIMARY KEY (id);


--
-- TOC entry 3319 (class 2606 OID 71755)
-- Name: proyecto_rol_faseUser proyecto_rol_faseUser_pkey; Type: CONSTRAINT; Schema: public; Owner: admin4
--

ALTER TABLE ONLY public."proyecto_rol_faseUser"
    ADD CONSTRAINT "proyecto_rol_faseUser_pkey" PRIMARY KEY (id);


--
-- TOC entry 3322 (class 2606 OID 71965)
-- Name: proyecto_rol_faseUser proyecto_rol_faseUser_rol_id_faseuser_id_b795d40b_uniq; Type: CONSTRAINT; Schema: public; Owner: admin4
--

ALTER TABLE ONLY public."proyecto_rol_faseUser"
    ADD CONSTRAINT "proyecto_rol_faseUser_rol_id_faseuser_id_b795d40b_uniq" UNIQUE (rol_id, faseuser_id);


--
-- TOC entry 3316 (class 2606 OID 71747)
-- Name: proyecto_rol proyecto_rol_pkey; Type: CONSTRAINT; Schema: public; Owner: admin4
--

ALTER TABLE ONLY public.proyecto_rol
    ADD CONSTRAINT proyecto_rol_pkey PRIMARY KEY (id);


--
-- TOC entry 3305 (class 2606 OID 71731)
-- Name: proyecto_roturalineabase_items_implicados proyecto_roturalineabase_items_implicados_pkey; Type: CONSTRAINT; Schema: public; Owner: admin4
--

ALTER TABLE ONLY public.proyecto_roturalineabase_items_implicados
    ADD CONSTRAINT proyecto_roturalineabase_items_implicados_pkey PRIMARY KEY (id);


--
-- TOC entry 3300 (class 2606 OID 71723)
-- Name: proyecto_roturalineabase proyecto_roturalineabase_pkey; Type: CONSTRAINT; Schema: public; Owner: admin4
--

ALTER TABLE ONLY public.proyecto_roturalineabase
    ADD CONSTRAINT proyecto_roturalineabase_pkey PRIMARY KEY (id);


--
-- TOC entry 3307 (class 2606 OID 71931)
-- Name: proyecto_roturalineabase_items_implicados proyecto_roturalineabase_roturalineabase_id_item__49480c50_uniq; Type: CONSTRAINT; Schema: public; Owner: admin4
--

ALTER TABLE ONLY public.proyecto_roturalineabase_items_implicados
    ADD CONSTRAINT proyecto_roturalineabase_roturalineabase_id_item__49480c50_uniq UNIQUE (roturalineabase_id, item_id);


--
-- TOC entry 3309 (class 2606 OID 71945)
-- Name: proyecto_roturalineabase_votos_registrados proyecto_roturalineabase_roturalineabase_id_user__0b738a2d_uniq; Type: CONSTRAINT; Schema: public; Owner: admin4
--

ALTER TABLE ONLY public.proyecto_roturalineabase_votos_registrados
    ADD CONSTRAINT proyecto_roturalineabase_roturalineabase_id_user__0b738a2d_uniq UNIQUE (roturalineabase_id, user_id);


--
-- TOC entry 3294 (class 2606 OID 71911)
-- Name: proyecto_roturalineabasecomprometida_registrados_votos_comp6f7e proyecto_roturalineabase_roturalineabasecompromet_afc7d485_uniq; Type: CONSTRAINT; Schema: public; Owner: admin4
--

ALTER TABLE ONLY public.proyecto_roturalineabasecomprometida_registrados_votos_comp6f7e
    ADD CONSTRAINT proyecto_roturalineabase_roturalineabasecompromet_afc7d485_uniq UNIQUE (roturalineabasecomprometida_id, user_id);


--
-- TOC entry 3312 (class 2606 OID 71739)
-- Name: proyecto_roturalineabase_votos_registrados proyecto_roturalineabase_votos_registrados_pkey; Type: CONSTRAINT; Schema: public; Owner: admin4
--

ALTER TABLE ONLY public.proyecto_roturalineabase_votos_registrados
    ADD CONSTRAINT proyecto_roturalineabase_votos_registrados_pkey PRIMARY KEY (id);


--
-- TOC entry 3292 (class 2606 OID 71707)
-- Name: proyecto_roturalineabasecomprometida proyecto_roturalineabasecomprometida_pkey; Type: CONSTRAINT; Schema: public; Owner: admin4
--

ALTER TABLE ONLY public.proyecto_roturalineabasecomprometida
    ADD CONSTRAINT proyecto_roturalineabasecomprometida_pkey PRIMARY KEY (id);


--
-- TOC entry 3298 (class 2606 OID 71715)
-- Name: proyecto_roturalineabasecomprometida_registrados_votos_comp6f7e proyecto_roturalineabasecomprometida_registrados_votos_com_pkey; Type: CONSTRAINT; Schema: public; Owner: admin4
--

ALTER TABLE ONLY public.proyecto_roturalineabasecomprometida_registrados_votos_comp6f7e
    ADD CONSTRAINT proyecto_roturalineabasecomprometida_registrados_votos_com_pkey PRIMARY KEY (id);


--
-- TOC entry 3290 (class 2606 OID 71699)
-- Name: proyecto_tipodeitem proyecto_tipodeitem_pkey; Type: CONSTRAINT; Schema: public; Owner: admin4
--

ALTER TABLE ONLY public.proyecto_tipodeitem
    ADD CONSTRAINT proyecto_tipodeitem_pkey PRIMARY KEY (id);


--
-- TOC entry 3397 (class 2606 OID 72165)
-- Name: reversion_revision reversion_revision_pkey; Type: CONSTRAINT; Schema: public; Owner: admin4
--

ALTER TABLE ONLY public.reversion_revision
    ADD CONSTRAINT reversion_revision_pkey PRIMARY KEY (id);


--
-- TOC entry 3401 (class 2606 OID 72178)
-- Name: reversion_version reversion_version_db_content_type_id_objec_b2c54f65_uniq; Type: CONSTRAINT; Schema: public; Owner: admin4
--

ALTER TABLE ONLY public.reversion_version
    ADD CONSTRAINT reversion_version_db_content_type_id_objec_b2c54f65_uniq UNIQUE (db, content_type_id, object_id, revision_id);


--
-- TOC entry 3403 (class 2606 OID 72176)
-- Name: reversion_version reversion_version_pkey; Type: CONSTRAINT; Schema: public; Owner: admin4
--

ALTER TABLE ONLY public.reversion_version
    ADD CONSTRAINT reversion_version_pkey PRIMARY KEY (id);


--
-- TOC entry 3415 (class 2606 OID 72229)
-- Name: socialaccount_socialaccount socialaccount_socialaccount_pkey; Type: CONSTRAINT; Schema: public; Owner: admin4
--

ALTER TABLE ONLY public.socialaccount_socialaccount
    ADD CONSTRAINT socialaccount_socialaccount_pkey PRIMARY KEY (id);


--
-- TOC entry 3417 (class 2606 OID 72260)
-- Name: socialaccount_socialaccount socialaccount_socialaccount_provider_uid_fc810c6e_uniq; Type: CONSTRAINT; Schema: public; Owner: admin4
--

ALTER TABLE ONLY public.socialaccount_socialaccount
    ADD CONSTRAINT socialaccount_socialaccount_provider_uid_fc810c6e_uniq UNIQUE (provider, uid);


--
-- TOC entry 3422 (class 2606 OID 72268)
-- Name: socialaccount_socialapp_sites socialaccount_socialapp__socialapp_id_site_id_71a9a768_uniq; Type: CONSTRAINT; Schema: public; Owner: admin4
--

ALTER TABLE ONLY public.socialaccount_socialapp_sites
    ADD CONSTRAINT socialaccount_socialapp__socialapp_id_site_id_71a9a768_uniq UNIQUE (socialapp_id, site_id);


--
-- TOC entry 3420 (class 2606 OID 72237)
-- Name: socialaccount_socialapp socialaccount_socialapp_pkey; Type: CONSTRAINT; Schema: public; Owner: admin4
--

ALTER TABLE ONLY public.socialaccount_socialapp
    ADD CONSTRAINT socialaccount_socialapp_pkey PRIMARY KEY (id);


--
-- TOC entry 3424 (class 2606 OID 72245)
-- Name: socialaccount_socialapp_sites socialaccount_socialapp_sites_pkey; Type: CONSTRAINT; Schema: public; Owner: admin4
--

ALTER TABLE ONLY public.socialaccount_socialapp_sites
    ADD CONSTRAINT socialaccount_socialapp_sites_pkey PRIMARY KEY (id);


--
-- TOC entry 3430 (class 2606 OID 72258)
-- Name: socialaccount_socialtoken socialaccount_socialtoken_app_id_account_id_fca4e0ac_uniq; Type: CONSTRAINT; Schema: public; Owner: admin4
--

ALTER TABLE ONLY public.socialaccount_socialtoken
    ADD CONSTRAINT socialaccount_socialtoken_app_id_account_id_fca4e0ac_uniq UNIQUE (app_id, account_id);


--
-- TOC entry 3432 (class 2606 OID 72256)
-- Name: socialaccount_socialtoken socialaccount_socialtoken_pkey; Type: CONSTRAINT; Schema: public; Owner: admin4
--

ALTER TABLE ONLY public.socialaccount_socialtoken
    ADD CONSTRAINT socialaccount_socialtoken_pkey PRIMARY KEY (id);


--
-- TOC entry 3234 (class 1259 OID 71535)
-- Name: account_emailaddress_email_03be32b2_like; Type: INDEX; Schema: public; Owner: admin4
--

CREATE INDEX account_emailaddress_email_03be32b2_like ON public.account_emailaddress USING btree (email varchar_pattern_ops);


--
-- TOC entry 3239 (class 1259 OID 71525)
-- Name: account_emailaddress_user_id_2c513194; Type: INDEX; Schema: public; Owner: admin4
--

CREATE INDEX account_emailaddress_user_id_2c513194 ON public.account_emailaddress USING btree (user_id);


--
-- TOC entry 3240 (class 1259 OID 71532)
-- Name: account_emailconfirmation_email_address_id_5b7f8c58; Type: INDEX; Schema: public; Owner: admin4
--

CREATE INDEX account_emailconfirmation_email_address_id_5b7f8c58 ON public.account_emailconfirmation USING btree (email_address_id);


--
-- TOC entry 3241 (class 1259 OID 71531)
-- Name: account_emailconfirmation_key_f43612bd_like; Type: INDEX; Schema: public; Owner: admin4
--

CREATE INDEX account_emailconfirmation_key_f43612bd_like ON public.account_emailconfirmation USING btree (key varchar_pattern_ops);


--
-- TOC entry 3206 (class 1259 OID 71568)
-- Name: auth_group_name_a6ea08ec_like; Type: INDEX; Schema: public; Owner: admin4
--

CREATE INDEX auth_group_name_a6ea08ec_like ON public.auth_group USING btree (name varchar_pattern_ops);


--
-- TOC entry 3211 (class 1259 OID 71468)
-- Name: auth_group_permissions_group_id_b120cbf9; Type: INDEX; Schema: public; Owner: admin4
--

CREATE INDEX auth_group_permissions_group_id_b120cbf9 ON public.auth_group_permissions USING btree (group_id);


--
-- TOC entry 3214 (class 1259 OID 71469)
-- Name: auth_group_permissions_permission_id_84c5c92e; Type: INDEX; Schema: public; Owner: admin4
--

CREATE INDEX auth_group_permissions_permission_id_84c5c92e ON public.auth_group_permissions USING btree (permission_id);


--
-- TOC entry 3201 (class 1259 OID 71454)
-- Name: auth_permission_content_type_id_2f476e4b; Type: INDEX; Schema: public; Owner: admin4
--

CREATE INDEX auth_permission_content_type_id_2f476e4b ON public.auth_permission USING btree (content_type_id);


--
-- TOC entry 3222 (class 1259 OID 71484)
-- Name: auth_user_groups_group_id_97559544; Type: INDEX; Schema: public; Owner: admin4
--

CREATE INDEX auth_user_groups_group_id_97559544 ON public.auth_user_groups USING btree (group_id);


--
-- TOC entry 3225 (class 1259 OID 71483)
-- Name: auth_user_groups_user_id_6a12ed8b; Type: INDEX; Schema: public; Owner: admin4
--

CREATE INDEX auth_user_groups_user_id_6a12ed8b ON public.auth_user_groups USING btree (user_id);


--
-- TOC entry 3228 (class 1259 OID 71498)
-- Name: auth_user_user_permissions_permission_id_1fbb5f2c; Type: INDEX; Schema: public; Owner: admin4
--

CREATE INDEX auth_user_user_permissions_permission_id_1fbb5f2c ON public.auth_user_user_permissions USING btree (permission_id);


--
-- TOC entry 3231 (class 1259 OID 71497)
-- Name: auth_user_user_permissions_user_id_a95ead1b; Type: INDEX; Schema: public; Owner: admin4
--

CREATE INDEX auth_user_user_permissions_user_id_a95ead1b ON public.auth_user_user_permissions USING btree (user_id);


--
-- TOC entry 3219 (class 1259 OID 71562)
-- Name: auth_user_username_6821ab7c_like; Type: INDEX; Schema: public; Owner: admin4
--

CREATE INDEX auth_user_username_6821ab7c_like ON public.auth_user USING btree (username varchar_pattern_ops);


--
-- TOC entry 3246 (class 1259 OID 71558)
-- Name: django_admin_log_content_type_id_c4bce8eb; Type: INDEX; Schema: public; Owner: admin4
--

CREATE INDEX django_admin_log_content_type_id_c4bce8eb ON public.django_admin_log USING btree (content_type_id);


--
-- TOC entry 3249 (class 1259 OID 71559)
-- Name: django_admin_log_user_id_c564eba6; Type: INDEX; Schema: public; Owner: admin4
--

CREATE INDEX django_admin_log_user_id_c564eba6 ON public.django_admin_log USING btree (user_id);


--
-- TOC entry 3405 (class 1259 OID 72207)
-- Name: django_session_expire_date_a5c62663; Type: INDEX; Schema: public; Owner: admin4
--

CREATE INDEX django_session_expire_date_a5c62663 ON public.django_session USING btree (expire_date);


--
-- TOC entry 3408 (class 1259 OID 72206)
-- Name: django_session_session_key_c0390e0f_like; Type: INDEX; Schema: public; Owner: admin4
--

CREATE INDEX django_session_session_key_c0390e0f_like ON public.django_session USING btree (session_key varchar_pattern_ops);


--
-- TOC entry 3409 (class 1259 OID 72218)
-- Name: django_site_domain_a2e37b91_like; Type: INDEX; Schema: public; Owner: admin4
--

CREATE INDEX django_site_domain_a2e37b91_like ON public.django_site USING btree (domain varchar_pattern_ops);


--
-- TOC entry 3250 (class 1259 OID 71625)
-- Name: guardian_gr_content_ae6aec_idx; Type: INDEX; Schema: public; Owner: admin4
--

CREATE INDEX guardian_gr_content_ae6aec_idx ON public.guardian_groupobjectpermission USING btree (content_type_id, object_pk);


--
-- TOC entry 3253 (class 1259 OID 71604)
-- Name: guardian_groupobjectpermission_content_type_id_7ade36b8; Type: INDEX; Schema: public; Owner: admin4
--

CREATE INDEX guardian_groupobjectpermission_content_type_id_7ade36b8 ON public.guardian_groupobjectpermission USING btree (content_type_id);


--
-- TOC entry 3254 (class 1259 OID 71605)
-- Name: guardian_groupobjectpermission_group_id_4bbbfb62; Type: INDEX; Schema: public; Owner: admin4
--

CREATE INDEX guardian_groupobjectpermission_group_id_4bbbfb62 ON public.guardian_groupobjectpermission USING btree (group_id);


--
-- TOC entry 3255 (class 1259 OID 71606)
-- Name: guardian_groupobjectpermission_permission_id_36572738; Type: INDEX; Schema: public; Owner: admin4
--

CREATE INDEX guardian_groupobjectpermission_permission_id_36572738 ON public.guardian_groupobjectpermission USING btree (permission_id);


--
-- TOC entry 3258 (class 1259 OID 71626)
-- Name: guardian_us_content_179ed2_idx; Type: INDEX; Schema: public; Owner: admin4
--

CREATE INDEX guardian_us_content_179ed2_idx ON public.guardian_userobjectpermission USING btree (content_type_id, object_pk);


--
-- TOC entry 3261 (class 1259 OID 71622)
-- Name: guardian_userobjectpermission_content_type_id_2e892405; Type: INDEX; Schema: public; Owner: admin4
--

CREATE INDEX guardian_userobjectpermission_content_type_id_2e892405 ON public.guardian_userobjectpermission USING btree (content_type_id);


--
-- TOC entry 3262 (class 1259 OID 71623)
-- Name: guardian_userobjectpermission_permission_id_71807bfc; Type: INDEX; Schema: public; Owner: admin4
--

CREATE INDEX guardian_userobjectpermission_permission_id_71807bfc ON public.guardian_userobjectpermission USING btree (permission_id);


--
-- TOC entry 3265 (class 1259 OID 71624)
-- Name: guardian_userobjectpermission_user_id_d5c1e964; Type: INDEX; Schema: public; Owner: admin4
--

CREATE INDEX guardian_userobjectpermission_user_id_d5c1e964 ON public.guardian_userobjectpermission USING btree (user_id);


--
-- TOC entry 3392 (class 1259 OID 72153)
-- Name: proyecto_campoextravalores_campoExtra_id_a86744d9; Type: INDEX; Schema: public; Owner: admin4
--

CREATE INDEX "proyecto_campoextravalores_campoExtra_id_a86744d9" ON public.proyecto_campoextravalores USING btree ("campoExtra_id");


--
-- TOC entry 3374 (class 1259 OID 72118)
-- Name: proyecto_fase_items_fase_id_32cb5f6a; Type: INDEX; Schema: public; Owner: admin4
--

CREATE INDEX proyecto_fase_items_fase_id_32cb5f6a ON public.proyecto_fase_items USING btree (fase_id);


--
-- TOC entry 3377 (class 1259 OID 72119)
-- Name: proyecto_fase_items_item_id_d1ac1a97; Type: INDEX; Schema: public; Owner: admin4
--

CREATE INDEX proyecto_fase_items_item_id_d1ac1a97 ON public.proyecto_fase_items USING btree (item_id);


--
-- TOC entry 3380 (class 1259 OID 72132)
-- Name: proyecto_fase_lineasBase_fase_id_b61d849c; Type: INDEX; Schema: public; Owner: admin4
--

CREATE INDEX "proyecto_fase_lineasBase_fase_id_b61d849c" ON public."proyecto_fase_lineasBase" USING btree (fase_id);


--
-- TOC entry 3383 (class 1259 OID 72133)
-- Name: proyecto_fase_lineasBase_lineabase_id_bb9a399f; Type: INDEX; Schema: public; Owner: admin4
--

CREATE INDEX "proyecto_fase_lineasBase_lineabase_id_bb9a399f" ON public."proyecto_fase_lineasBase" USING btree (lineabase_id);


--
-- TOC entry 3386 (class 1259 OID 72146)
-- Name: proyecto_fase_tipoItem_fase_id_50e7721f; Type: INDEX; Schema: public; Owner: admin4
--

CREATE INDEX "proyecto_fase_tipoItem_fase_id_50e7721f" ON public."proyecto_fase_tipoItem" USING btree (fase_id);


--
-- TOC entry 3391 (class 1259 OID 72147)
-- Name: proyecto_fase_tipoItem_tipodeitem_id_1c3c3112; Type: INDEX; Schema: public; Owner: admin4
--

CREATE INDEX "proyecto_fase_tipoItem_tipodeitem_id_1c3c3112" ON public."proyecto_fase_tipoItem" USING btree (tipodeitem_id);


--
-- TOC entry 3272 (class 1259 OID 71888)
-- Name: proyecto_faseuser_fase_id_6dc1fc77; Type: INDEX; Schema: public; Owner: admin4
--

CREATE INDEX proyecto_faseuser_fase_id_6dc1fc77 ON public.proyecto_faseuser USING btree (fase_id);


--
-- TOC entry 3275 (class 1259 OID 71889)
-- Name: proyecto_faseuser_user_id_e5c38dae; Type: INDEX; Schema: public; Owner: admin4
--

CREATE INDEX proyecto_faseuser_user_id_e5c38dae ON public.proyecto_faseuser USING btree (user_id);


--
-- TOC entry 3371 (class 1259 OID 72105)
-- Name: proyecto_files_item_id_8ae05767; Type: INDEX; Schema: public; Owner: admin4
--

CREATE INDEX proyecto_files_item_id_8ae05767 ON public.proyecto_files USING btree (item_id);


--
-- TOC entry 3278 (class 1259 OID 72099)
-- Name: proyecto_item_tipoItem_id_128f6e1f; Type: INDEX; Schema: public; Owner: admin4
--

CREATE INDEX "proyecto_item_tipoItem_id_128f6e1f" ON public.proyecto_item USING btree ("tipoItem_id");


--
-- TOC entry 3350 (class 1259 OID 72056)
-- Name: proyecto_lineabase_creador_id_d1992641; Type: INDEX; Schema: public; Owner: admin4
--

CREATE INDEX proyecto_lineabase_creador_id_d1992641 ON public.proyecto_lineabase USING btree (creador_id);


--
-- TOC entry 3353 (class 1259 OID 72070)
-- Name: proyecto_lineabase_items_item_id_712992d9; Type: INDEX; Schema: public; Owner: admin4
--

CREATE INDEX proyecto_lineabase_items_item_id_712992d9 ON public.proyecto_lineabase_items USING btree (item_id);


--
-- TOC entry 3354 (class 1259 OID 72069)
-- Name: proyecto_lineabase_items_lineabase_id_e3c4ff62; Type: INDEX; Schema: public; Owner: admin4
--

CREATE INDEX proyecto_lineabase_items_lineabase_id_e3c4ff62 ON public.proyecto_lineabase_items USING btree (lineabase_id);


--
-- TOC entry 3361 (class 1259 OID 72083)
-- Name: proyecto_lineabase_roturaL_lineabase_id_70f0363c; Type: INDEX; Schema: public; Owner: admin4
--

CREATE INDEX "proyecto_lineabase_roturaL_lineabase_id_70f0363c" ON public."proyecto_lineabase_roturaLineaBaseComprometida" USING btree (lineabase_id);


--
-- TOC entry 3362 (class 1259 OID 72084)
-- Name: proyecto_lineabase_roturaL_roturalineabasecomprometid_e47fab52; Type: INDEX; Schema: public; Owner: admin4
--

CREATE INDEX "proyecto_lineabase_roturaL_roturalineabasecomprometid_e47fab52" ON public."proyecto_lineabase_roturaLineaBaseComprometida" USING btree (roturalineabasecomprometida_id);


--
-- TOC entry 3367 (class 1259 OID 72098)
-- Name: proyecto_lineabase_roturas_roturalineabase_id_ef3b2d57; Type: INDEX; Schema: public; Owner: admin4
--

CREATE INDEX proyecto_lineabase_roturas_roturalineabase_id_ef3b2d57 ON public."proyecto_lineabase_roturaslineasBase" USING btree (roturalineabase_id);


--
-- TOC entry 3368 (class 1259 OID 72097)
-- Name: proyecto_lineabase_roturaslineasBase_lineabase_id_0d7b707d; Type: INDEX; Schema: public; Owner: admin4
--

CREATE INDEX "proyecto_lineabase_roturaslineasBase_lineabase_id_0d7b707d" ON public."proyecto_lineabase_roturaslineasBase" USING btree (lineabase_id);


--
-- TOC entry 3285 (class 1259 OID 71908)
-- Name: proyecto_proyecto_comite_proyecto_id_34277348; Type: INDEX; Schema: public; Owner: admin4
--

CREATE INDEX proyecto_proyecto_comite_proyecto_id_34277348 ON public.proyecto_proyecto_comite USING btree (proyecto_id);


--
-- TOC entry 3288 (class 1259 OID 71909)
-- Name: proyecto_proyecto_comite_user_id_b493c25a; Type: INDEX; Schema: public; Owner: admin4
--

CREATE INDEX proyecto_proyecto_comite_user_id_b493c25a ON public.proyecto_proyecto_comite USING btree (user_id);


--
-- TOC entry 3279 (class 1259 OID 71895)
-- Name: proyecto_proyecto_creador_id_779d238f; Type: INDEX; Schema: public; Owner: admin4
--

CREATE INDEX proyecto_proyecto_creador_id_779d238f ON public.proyecto_proyecto USING btree (creador_id);


--
-- TOC entry 3280 (class 1259 OID 72008)
-- Name: proyecto_proyecto_gerente_id_ee5d5cda; Type: INDEX; Schema: public; Owner: admin4
--

CREATE INDEX proyecto_proyecto_gerente_id_ee5d5cda ON public.proyecto_proyecto USING btree (gerente_id);


--
-- TOC entry 3334 (class 1259 OID 72021)
-- Name: proyecto_proyecto_roles_proyecto_id_011fd0d8; Type: INDEX; Schema: public; Owner: admin4
--

CREATE INDEX proyecto_proyecto_roles_proyecto_id_011fd0d8 ON public.proyecto_proyecto_roles USING btree (proyecto_id);


--
-- TOC entry 3337 (class 1259 OID 72022)
-- Name: proyecto_proyecto_roles_rol_id_6c488eff; Type: INDEX; Schema: public; Owner: admin4
--

CREATE INDEX proyecto_proyecto_roles_rol_id_6c488eff ON public.proyecto_proyecto_roles USING btree (rol_id);


--
-- TOC entry 3342 (class 1259 OID 72035)
-- Name: proyecto_proyecto_tipoItem_proyecto_id_ff241a30; Type: INDEX; Schema: public; Owner: admin4
--

CREATE INDEX "proyecto_proyecto_tipoItem_proyecto_id_ff241a30" ON public."proyecto_proyecto_tipoItem" USING btree (proyecto_id);


--
-- TOC entry 3343 (class 1259 OID 72036)
-- Name: proyecto_proyecto_tipoItem_tipodeitem_id_fb19887c; Type: INDEX; Schema: public; Owner: admin4
--

CREATE INDEX "proyecto_proyecto_tipoItem_tipodeitem_id_fb19887c" ON public."proyecto_proyecto_tipoItem" USING btree (tipodeitem_id);


--
-- TOC entry 3346 (class 1259 OID 72049)
-- Name: proyecto_proyecto_usuarios_proyecto_id_341e5c4f; Type: INDEX; Schema: public; Owner: admin4
--

CREATE INDEX proyecto_proyecto_usuarios_proyecto_id_341e5c4f ON public.proyecto_proyecto_usuarios USING btree (proyecto_id);


--
-- TOC entry 3349 (class 1259 OID 72050)
-- Name: proyecto_proyecto_usuarios_user_id_40413335; Type: INDEX; Schema: public; Owner: admin4
--

CREATE INDEX proyecto_proyecto_usuarios_user_id_40413335 ON public.proyecto_proyecto_usuarios USING btree (user_id);


--
-- TOC entry 3328 (class 1259 OID 72006)
-- Name: proyecto_proyectofase_fase_id_60b0ce49; Type: INDEX; Schema: public; Owner: admin4
--

CREATE INDEX proyecto_proyectofase_fase_id_60b0ce49 ON public.proyecto_proyectofase USING btree (fase_id);


--
-- TOC entry 3331 (class 1259 OID 72007)
-- Name: proyecto_proyectofase_proyecto_id_d4523139; Type: INDEX; Schema: public; Owner: admin4
--

CREATE INDEX proyecto_proyectofase_proyecto_id_d4523139 ON public.proyecto_proyectofase USING btree (proyecto_id);


--
-- TOC entry 3323 (class 1259 OID 71993)
-- Name: proyecto_relacion_fase_item_to_id_b20ec32a; Type: INDEX; Schema: public; Owner: admin4
--

CREATE INDEX proyecto_relacion_fase_item_to_id_b20ec32a ON public.proyecto_relacion USING btree (fase_item_to_id);


--
-- TOC entry 3324 (class 1259 OID 71994)
-- Name: proyecto_relacion_item_from_id_59c50c90; Type: INDEX; Schema: public; Owner: admin4
--

CREATE INDEX proyecto_relacion_item_from_id_59c50c90 ON public.proyecto_relacion USING btree (item_from_id);


--
-- TOC entry 3325 (class 1259 OID 71995)
-- Name: proyecto_relacion_item_to_id_d568e2e7; Type: INDEX; Schema: public; Owner: admin4
--

CREATE INDEX proyecto_relacion_item_to_id_d568e2e7 ON public.proyecto_relacion USING btree (item_to_id);


--
-- TOC entry 3317 (class 1259 OID 71977)
-- Name: proyecto_rol_faseUser_faseuser_id_928ffc25; Type: INDEX; Schema: public; Owner: admin4
--

CREATE INDEX "proyecto_rol_faseUser_faseuser_id_928ffc25" ON public."proyecto_rol_faseUser" USING btree (faseuser_id);


--
-- TOC entry 3320 (class 1259 OID 71976)
-- Name: proyecto_rol_faseUser_rol_id_e6678dbd; Type: INDEX; Schema: public; Owner: admin4
--

CREATE INDEX "proyecto_rol_faseUser_rol_id_e6678dbd" ON public."proyecto_rol_faseUser" USING btree (rol_id);


--
-- TOC entry 3314 (class 1259 OID 71963)
-- Name: proyecto_rol_perms_id_ce959eec; Type: INDEX; Schema: public; Owner: admin4
--

CREATE INDEX proyecto_rol_perms_id_ce959eec ON public.proyecto_rol USING btree (perms_id);


--
-- TOC entry 3302 (class 1259 OID 71942)
-- Name: proyecto_roturalineabase_i_roturalineabase_id_8a1c5101; Type: INDEX; Schema: public; Owner: admin4
--

CREATE INDEX proyecto_roturalineabase_i_roturalineabase_id_8a1c5101 ON public.proyecto_roturalineabase_items_implicados USING btree (roturalineabase_id);


--
-- TOC entry 3303 (class 1259 OID 71943)
-- Name: proyecto_roturalineabase_items_implicados_item_id_217b61f1; Type: INDEX; Schema: public; Owner: admin4
--

CREATE INDEX proyecto_roturalineabase_items_implicados_item_id_217b61f1 ON public.proyecto_roturalineabase_items_implicados USING btree (item_id);


--
-- TOC entry 3301 (class 1259 OID 71929)
-- Name: proyecto_roturalineabase_solicitante_id_74636dbb; Type: INDEX; Schema: public; Owner: admin4
--

CREATE INDEX proyecto_roturalineabase_solicitante_id_74636dbb ON public.proyecto_roturalineabase USING btree (solicitante_id);


--
-- TOC entry 3310 (class 1259 OID 71956)
-- Name: proyecto_roturalineabase_v_roturalineabase_id_70bcafa3; Type: INDEX; Schema: public; Owner: admin4
--

CREATE INDEX proyecto_roturalineabase_v_roturalineabase_id_70bcafa3 ON public.proyecto_roturalineabase_votos_registrados USING btree (roturalineabase_id);


--
-- TOC entry 3313 (class 1259 OID 71957)
-- Name: proyecto_roturalineabase_votos_registrados_user_id_3dfd2dad; Type: INDEX; Schema: public; Owner: admin4
--

CREATE INDEX proyecto_roturalineabase_votos_registrados_user_id_3dfd2dad ON public.proyecto_roturalineabase_votos_registrados USING btree (user_id);


--
-- TOC entry 3295 (class 1259 OID 71922)
-- Name: proyecto_roturalineabaseco_roturalineabasecomprometid_cd6eef26; Type: INDEX; Schema: public; Owner: admin4
--

CREATE INDEX proyecto_roturalineabaseco_roturalineabasecomprometid_cd6eef26 ON public.proyecto_roturalineabasecomprometida_registrados_votos_comp6f7e USING btree (roturalineabasecomprometida_id);


--
-- TOC entry 3296 (class 1259 OID 71923)
-- Name: proyecto_roturalineabaseco_user_id_f3c8e163; Type: INDEX; Schema: public; Owner: admin4
--

CREATE INDEX proyecto_roturalineabaseco_user_id_f3c8e163 ON public.proyecto_roturalineabasecomprometida_registrados_votos_comp6f7e USING btree (user_id);


--
-- TOC entry 3395 (class 1259 OID 72184)
-- Name: reversion_revision_date_created_96f7c20c; Type: INDEX; Schema: public; Owner: admin4
--

CREATE INDEX reversion_revision_date_created_96f7c20c ON public.reversion_revision USING btree (date_created);


--
-- TOC entry 3398 (class 1259 OID 72185)
-- Name: reversion_revision_user_id_17095f45; Type: INDEX; Schema: public; Owner: admin4
--

CREATE INDEX reversion_revision_user_id_17095f45 ON public.reversion_revision USING btree (user_id);


--
-- TOC entry 3399 (class 1259 OID 72196)
-- Name: reversion_version_content_type_id_7d0ff25c; Type: INDEX; Schema: public; Owner: admin4
--

CREATE INDEX reversion_version_content_type_id_7d0ff25c ON public.reversion_version USING btree (content_type_id);


--
-- TOC entry 3404 (class 1259 OID 72197)
-- Name: reversion_version_revision_id_af9f6a9d; Type: INDEX; Schema: public; Owner: admin4
--

CREATE INDEX reversion_version_revision_id_af9f6a9d ON public.reversion_version USING btree (revision_id);


--
-- TOC entry 3418 (class 1259 OID 72266)
-- Name: socialaccount_socialaccount_user_id_8146e70c; Type: INDEX; Schema: public; Owner: admin4
--

CREATE INDEX socialaccount_socialaccount_user_id_8146e70c ON public.socialaccount_socialaccount USING btree (user_id);


--
-- TOC entry 3425 (class 1259 OID 72280)
-- Name: socialaccount_socialapp_sites_site_id_2579dee5; Type: INDEX; Schema: public; Owner: admin4
--

CREATE INDEX socialaccount_socialapp_sites_site_id_2579dee5 ON public.socialaccount_socialapp_sites USING btree (site_id);


--
-- TOC entry 3426 (class 1259 OID 72279)
-- Name: socialaccount_socialapp_sites_socialapp_id_97fb6e7d; Type: INDEX; Schema: public; Owner: admin4
--

CREATE INDEX socialaccount_socialapp_sites_socialapp_id_97fb6e7d ON public.socialaccount_socialapp_sites USING btree (socialapp_id);


--
-- TOC entry 3427 (class 1259 OID 72291)
-- Name: socialaccount_socialtoken_account_id_951f210e; Type: INDEX; Schema: public; Owner: admin4
--

CREATE INDEX socialaccount_socialtoken_account_id_951f210e ON public.socialaccount_socialtoken USING btree (account_id);


--
-- TOC entry 3428 (class 1259 OID 72292)
-- Name: socialaccount_socialtoken_app_id_636a42d7; Type: INDEX; Schema: public; Owner: admin4
--

CREATE INDEX socialaccount_socialtoken_app_id_636a42d7 ON public.socialaccount_socialtoken USING btree (app_id);


--
-- TOC entry 3440 (class 2606 OID 71519)
-- Name: account_emailaddress account_emailaddress_user_id_2c513194_fk_auth_user_id; Type: FK CONSTRAINT; Schema: public; Owner: admin4
--

ALTER TABLE ONLY public.account_emailaddress
    ADD CONSTRAINT account_emailaddress_user_id_2c513194_fk_auth_user_id FOREIGN KEY (user_id) REFERENCES public.auth_user(id) DEFERRABLE INITIALLY DEFERRED;


--
-- TOC entry 3441 (class 2606 OID 71526)
-- Name: account_emailconfirmation account_emailconfirm_email_address_id_5b7f8c58_fk_account_e; Type: FK CONSTRAINT; Schema: public; Owner: admin4
--

ALTER TABLE ONLY public.account_emailconfirmation
    ADD CONSTRAINT account_emailconfirm_email_address_id_5b7f8c58_fk_account_e FOREIGN KEY (email_address_id) REFERENCES public.account_emailaddress(id) DEFERRABLE INITIALLY DEFERRED;


--
-- TOC entry 3435 (class 2606 OID 71463)
-- Name: auth_group_permissions auth_group_permissio_permission_id_84c5c92e_fk_auth_perm; Type: FK CONSTRAINT; Schema: public; Owner: admin4
--

ALTER TABLE ONLY public.auth_group_permissions
    ADD CONSTRAINT auth_group_permissio_permission_id_84c5c92e_fk_auth_perm FOREIGN KEY (permission_id) REFERENCES public.auth_permission(id) DEFERRABLE INITIALLY DEFERRED;


--
-- TOC entry 3434 (class 2606 OID 71458)
-- Name: auth_group_permissions auth_group_permissions_group_id_b120cbf9_fk_auth_group_id; Type: FK CONSTRAINT; Schema: public; Owner: admin4
--

ALTER TABLE ONLY public.auth_group_permissions
    ADD CONSTRAINT auth_group_permissions_group_id_b120cbf9_fk_auth_group_id FOREIGN KEY (group_id) REFERENCES public.auth_group(id) DEFERRABLE INITIALLY DEFERRED;


--
-- TOC entry 3433 (class 2606 OID 71449)
-- Name: auth_permission auth_permission_content_type_id_2f476e4b_fk_django_co; Type: FK CONSTRAINT; Schema: public; Owner: admin4
--

ALTER TABLE ONLY public.auth_permission
    ADD CONSTRAINT auth_permission_content_type_id_2f476e4b_fk_django_co FOREIGN KEY (content_type_id) REFERENCES public.django_content_type(id) DEFERRABLE INITIALLY DEFERRED;


--
-- TOC entry 3437 (class 2606 OID 71478)
-- Name: auth_user_groups auth_user_groups_group_id_97559544_fk_auth_group_id; Type: FK CONSTRAINT; Schema: public; Owner: admin4
--

ALTER TABLE ONLY public.auth_user_groups
    ADD CONSTRAINT auth_user_groups_group_id_97559544_fk_auth_group_id FOREIGN KEY (group_id) REFERENCES public.auth_group(id) DEFERRABLE INITIALLY DEFERRED;


--
-- TOC entry 3436 (class 2606 OID 71473)
-- Name: auth_user_groups auth_user_groups_user_id_6a12ed8b_fk_auth_user_id; Type: FK CONSTRAINT; Schema: public; Owner: admin4
--

ALTER TABLE ONLY public.auth_user_groups
    ADD CONSTRAINT auth_user_groups_user_id_6a12ed8b_fk_auth_user_id FOREIGN KEY (user_id) REFERENCES public.auth_user(id) DEFERRABLE INITIALLY DEFERRED;


--
-- TOC entry 3439 (class 2606 OID 71492)
-- Name: auth_user_user_permissions auth_user_user_permi_permission_id_1fbb5f2c_fk_auth_perm; Type: FK CONSTRAINT; Schema: public; Owner: admin4
--

ALTER TABLE ONLY public.auth_user_user_permissions
    ADD CONSTRAINT auth_user_user_permi_permission_id_1fbb5f2c_fk_auth_perm FOREIGN KEY (permission_id) REFERENCES public.auth_permission(id) DEFERRABLE INITIALLY DEFERRED;


--
-- TOC entry 3438 (class 2606 OID 71487)
-- Name: auth_user_user_permissions auth_user_user_permissions_user_id_a95ead1b_fk_auth_user_id; Type: FK CONSTRAINT; Schema: public; Owner: admin4
--

ALTER TABLE ONLY public.auth_user_user_permissions
    ADD CONSTRAINT auth_user_user_permissions_user_id_a95ead1b_fk_auth_user_id FOREIGN KEY (user_id) REFERENCES public.auth_user(id) DEFERRABLE INITIALLY DEFERRED;


--
-- TOC entry 3442 (class 2606 OID 71548)
-- Name: django_admin_log django_admin_log_content_type_id_c4bce8eb_fk_django_co; Type: FK CONSTRAINT; Schema: public; Owner: admin4
--

ALTER TABLE ONLY public.django_admin_log
    ADD CONSTRAINT django_admin_log_content_type_id_c4bce8eb_fk_django_co FOREIGN KEY (content_type_id) REFERENCES public.django_content_type(id) DEFERRABLE INITIALLY DEFERRED;


--
-- TOC entry 3443 (class 2606 OID 71553)
-- Name: django_admin_log django_admin_log_user_id_c564eba6_fk_auth_user_id; Type: FK CONSTRAINT; Schema: public; Owner: admin4
--

ALTER TABLE ONLY public.django_admin_log
    ADD CONSTRAINT django_admin_log_user_id_c564eba6_fk_auth_user_id FOREIGN KEY (user_id) REFERENCES public.auth_user(id) DEFERRABLE INITIALLY DEFERRED;


--
-- TOC entry 3444 (class 2606 OID 71589)
-- Name: guardian_groupobjectpermission guardian_groupobject_content_type_id_7ade36b8_fk_django_co; Type: FK CONSTRAINT; Schema: public; Owner: admin4
--

ALTER TABLE ONLY public.guardian_groupobjectpermission
    ADD CONSTRAINT guardian_groupobject_content_type_id_7ade36b8_fk_django_co FOREIGN KEY (content_type_id) REFERENCES public.django_content_type(id) DEFERRABLE INITIALLY DEFERRED;


--
-- TOC entry 3445 (class 2606 OID 71594)
-- Name: guardian_groupobjectpermission guardian_groupobject_group_id_4bbbfb62_fk_auth_grou; Type: FK CONSTRAINT; Schema: public; Owner: admin4
--

ALTER TABLE ONLY public.guardian_groupobjectpermission
    ADD CONSTRAINT guardian_groupobject_group_id_4bbbfb62_fk_auth_grou FOREIGN KEY (group_id) REFERENCES public.auth_group(id) DEFERRABLE INITIALLY DEFERRED;


--
-- TOC entry 3446 (class 2606 OID 71599)
-- Name: guardian_groupobjectpermission guardian_groupobject_permission_id_36572738_fk_auth_perm; Type: FK CONSTRAINT; Schema: public; Owner: admin4
--

ALTER TABLE ONLY public.guardian_groupobjectpermission
    ADD CONSTRAINT guardian_groupobject_permission_id_36572738_fk_auth_perm FOREIGN KEY (permission_id) REFERENCES public.auth_permission(id) DEFERRABLE INITIALLY DEFERRED;


--
-- TOC entry 3447 (class 2606 OID 71607)
-- Name: guardian_userobjectpermission guardian_userobjectp_content_type_id_2e892405_fk_django_co; Type: FK CONSTRAINT; Schema: public; Owner: admin4
--

ALTER TABLE ONLY public.guardian_userobjectpermission
    ADD CONSTRAINT guardian_userobjectp_content_type_id_2e892405_fk_django_co FOREIGN KEY (content_type_id) REFERENCES public.django_content_type(id) DEFERRABLE INITIALLY DEFERRED;


--
-- TOC entry 3448 (class 2606 OID 71612)
-- Name: guardian_userobjectpermission guardian_userobjectp_permission_id_71807bfc_fk_auth_perm; Type: FK CONSTRAINT; Schema: public; Owner: admin4
--

ALTER TABLE ONLY public.guardian_userobjectpermission
    ADD CONSTRAINT guardian_userobjectp_permission_id_71807bfc_fk_auth_perm FOREIGN KEY (permission_id) REFERENCES public.auth_permission(id) DEFERRABLE INITIALLY DEFERRED;


--
-- TOC entry 3449 (class 2606 OID 71617)
-- Name: guardian_userobjectpermission guardian_userobjectpermission_user_id_d5c1e964_fk_auth_user_id; Type: FK CONSTRAINT; Schema: public; Owner: admin4
--

ALTER TABLE ONLY public.guardian_userobjectpermission
    ADD CONSTRAINT guardian_userobjectpermission_user_id_d5c1e964_fk_auth_user_id FOREIGN KEY (user_id) REFERENCES public.auth_user(id) DEFERRABLE INITIALLY DEFERRED;


--
-- TOC entry 3492 (class 2606 OID 72148)
-- Name: proyecto_campoextravalores proyecto_campoextrav_campoExtra_id_a86744d9_fk_proyecto_; Type: FK CONSTRAINT; Schema: public; Owner: admin4
--

ALTER TABLE ONLY public.proyecto_campoextravalores
    ADD CONSTRAINT "proyecto_campoextrav_campoExtra_id_a86744d9_fk_proyecto_" FOREIGN KEY ("campoExtra_id") REFERENCES public.proyecto_campoextra(id) DEFERRABLE INITIALLY DEFERRED;


--
-- TOC entry 3486 (class 2606 OID 72108)
-- Name: proyecto_fase_items proyecto_fase_items_fase_id_32cb5f6a_fk_proyecto_fase_id; Type: FK CONSTRAINT; Schema: public; Owner: admin4
--

ALTER TABLE ONLY public.proyecto_fase_items
    ADD CONSTRAINT proyecto_fase_items_fase_id_32cb5f6a_fk_proyecto_fase_id FOREIGN KEY (fase_id) REFERENCES public.proyecto_fase(id) DEFERRABLE INITIALLY DEFERRED;


--
-- TOC entry 3487 (class 2606 OID 72113)
-- Name: proyecto_fase_items proyecto_fase_items_item_id_d1ac1a97_fk_proyecto_item_id; Type: FK CONSTRAINT; Schema: public; Owner: admin4
--

ALTER TABLE ONLY public.proyecto_fase_items
    ADD CONSTRAINT proyecto_fase_items_item_id_d1ac1a97_fk_proyecto_item_id FOREIGN KEY (item_id) REFERENCES public.proyecto_item(id) DEFERRABLE INITIALLY DEFERRED;


--
-- TOC entry 3488 (class 2606 OID 72122)
-- Name: proyecto_fase_lineasBase proyecto_fase_lineasBase_fase_id_b61d849c_fk_proyecto_fase_id; Type: FK CONSTRAINT; Schema: public; Owner: admin4
--

ALTER TABLE ONLY public."proyecto_fase_lineasBase"
    ADD CONSTRAINT "proyecto_fase_lineasBase_fase_id_b61d849c_fk_proyecto_fase_id" FOREIGN KEY (fase_id) REFERENCES public.proyecto_fase(id) DEFERRABLE INITIALLY DEFERRED;


--
-- TOC entry 3489 (class 2606 OID 72127)
-- Name: proyecto_fase_lineasBase proyecto_fase_lineas_lineabase_id_bb9a399f_fk_proyecto_; Type: FK CONSTRAINT; Schema: public; Owner: admin4
--

ALTER TABLE ONLY public."proyecto_fase_lineasBase"
    ADD CONSTRAINT proyecto_fase_lineas_lineabase_id_bb9a399f_fk_proyecto_ FOREIGN KEY (lineabase_id) REFERENCES public.proyecto_lineabase(id) DEFERRABLE INITIALLY DEFERRED;


--
-- TOC entry 3491 (class 2606 OID 72141)
-- Name: proyecto_fase_tipoItem proyecto_fase_tipoIt_tipodeitem_id_1c3c3112_fk_proyecto_; Type: FK CONSTRAINT; Schema: public; Owner: admin4
--

ALTER TABLE ONLY public."proyecto_fase_tipoItem"
    ADD CONSTRAINT "proyecto_fase_tipoIt_tipodeitem_id_1c3c3112_fk_proyecto_" FOREIGN KEY (tipodeitem_id) REFERENCES public.proyecto_tipodeitem(id) DEFERRABLE INITIALLY DEFERRED;


--
-- TOC entry 3490 (class 2606 OID 72136)
-- Name: proyecto_fase_tipoItem proyecto_fase_tipoItem_fase_id_50e7721f_fk_proyecto_fase_id; Type: FK CONSTRAINT; Schema: public; Owner: admin4
--

ALTER TABLE ONLY public."proyecto_fase_tipoItem"
    ADD CONSTRAINT "proyecto_fase_tipoItem_fase_id_50e7721f_fk_proyecto_fase_id" FOREIGN KEY (fase_id) REFERENCES public.proyecto_fase(id) DEFERRABLE INITIALLY DEFERRED;


--
-- TOC entry 3450 (class 2606 OID 71878)
-- Name: proyecto_faseuser proyecto_faseuser_fase_id_6dc1fc77_fk_proyecto_fase_id; Type: FK CONSTRAINT; Schema: public; Owner: admin4
--

ALTER TABLE ONLY public.proyecto_faseuser
    ADD CONSTRAINT proyecto_faseuser_fase_id_6dc1fc77_fk_proyecto_fase_id FOREIGN KEY (fase_id) REFERENCES public.proyecto_fase(id) DEFERRABLE INITIALLY DEFERRED;


--
-- TOC entry 3451 (class 2606 OID 71883)
-- Name: proyecto_faseuser proyecto_faseuser_user_id_e5c38dae_fk_auth_user_id; Type: FK CONSTRAINT; Schema: public; Owner: admin4
--

ALTER TABLE ONLY public.proyecto_faseuser
    ADD CONSTRAINT proyecto_faseuser_user_id_e5c38dae_fk_auth_user_id FOREIGN KEY (user_id) REFERENCES public.auth_user(id) DEFERRABLE INITIALLY DEFERRED;


--
-- TOC entry 3485 (class 2606 OID 72100)
-- Name: proyecto_files proyecto_files_item_id_8ae05767_fk_proyecto_item_id; Type: FK CONSTRAINT; Schema: public; Owner: admin4
--

ALTER TABLE ONLY public.proyecto_files
    ADD CONSTRAINT proyecto_files_item_id_8ae05767_fk_proyecto_item_id FOREIGN KEY (item_id) REFERENCES public.proyecto_item(id) DEFERRABLE INITIALLY DEFERRED;


--
-- TOC entry 3452 (class 2606 OID 71833)
-- Name: proyecto_item proyecto_item_tipoItem_id_128f6e1f_fk_proyecto_tipodeitem_id; Type: FK CONSTRAINT; Schema: public; Owner: admin4
--

ALTER TABLE ONLY public.proyecto_item
    ADD CONSTRAINT "proyecto_item_tipoItem_id_128f6e1f_fk_proyecto_tipodeitem_id" FOREIGN KEY ("tipoItem_id") REFERENCES public.proyecto_tipodeitem(id) DEFERRABLE INITIALLY DEFERRED;


--
-- TOC entry 3478 (class 2606 OID 72051)
-- Name: proyecto_lineabase proyecto_lineabase_creador_id_d1992641_fk_auth_user_id; Type: FK CONSTRAINT; Schema: public; Owner: admin4
--

ALTER TABLE ONLY public.proyecto_lineabase
    ADD CONSTRAINT proyecto_lineabase_creador_id_d1992641_fk_auth_user_id FOREIGN KEY (creador_id) REFERENCES public.auth_user(id) DEFERRABLE INITIALLY DEFERRED;


--
-- TOC entry 3479 (class 2606 OID 72059)
-- Name: proyecto_lineabase_items proyecto_lineabase_i_lineabase_id_e3c4ff62_fk_proyecto_; Type: FK CONSTRAINT; Schema: public; Owner: admin4
--

ALTER TABLE ONLY public.proyecto_lineabase_items
    ADD CONSTRAINT proyecto_lineabase_i_lineabase_id_e3c4ff62_fk_proyecto_ FOREIGN KEY (lineabase_id) REFERENCES public.proyecto_lineabase(id) DEFERRABLE INITIALLY DEFERRED;


--
-- TOC entry 3480 (class 2606 OID 72064)
-- Name: proyecto_lineabase_items proyecto_lineabase_items_item_id_712992d9_fk_proyecto_item_id; Type: FK CONSTRAINT; Schema: public; Owner: admin4
--

ALTER TABLE ONLY public.proyecto_lineabase_items
    ADD CONSTRAINT proyecto_lineabase_items_item_id_712992d9_fk_proyecto_item_id FOREIGN KEY (item_id) REFERENCES public.proyecto_item(id) DEFERRABLE INITIALLY DEFERRED;


--
-- TOC entry 3483 (class 2606 OID 72087)
-- Name: proyecto_lineabase_roturaslineasBase proyecto_lineabase_r_lineabase_id_0d7b707d_fk_proyecto_; Type: FK CONSTRAINT; Schema: public; Owner: admin4
--

ALTER TABLE ONLY public."proyecto_lineabase_roturaslineasBase"
    ADD CONSTRAINT proyecto_lineabase_r_lineabase_id_0d7b707d_fk_proyecto_ FOREIGN KEY (lineabase_id) REFERENCES public.proyecto_lineabase(id) DEFERRABLE INITIALLY DEFERRED;


--
-- TOC entry 3481 (class 2606 OID 72073)
-- Name: proyecto_lineabase_roturaLineaBaseComprometida proyecto_lineabase_r_lineabase_id_70f0363c_fk_proyecto_; Type: FK CONSTRAINT; Schema: public; Owner: admin4
--

ALTER TABLE ONLY public."proyecto_lineabase_roturaLineaBaseComprometida"
    ADD CONSTRAINT proyecto_lineabase_r_lineabase_id_70f0363c_fk_proyecto_ FOREIGN KEY (lineabase_id) REFERENCES public.proyecto_lineabase(id) DEFERRABLE INITIALLY DEFERRED;


--
-- TOC entry 3484 (class 2606 OID 72092)
-- Name: proyecto_lineabase_roturaslineasBase proyecto_lineabase_r_roturalineabase_id_ef3b2d57_fk_proyecto_; Type: FK CONSTRAINT; Schema: public; Owner: admin4
--

ALTER TABLE ONLY public."proyecto_lineabase_roturaslineasBase"
    ADD CONSTRAINT proyecto_lineabase_r_roturalineabase_id_ef3b2d57_fk_proyecto_ FOREIGN KEY (roturalineabase_id) REFERENCES public.proyecto_roturalineabase(id) DEFERRABLE INITIALLY DEFERRED;


--
-- TOC entry 3482 (class 2606 OID 72078)
-- Name: proyecto_lineabase_roturaLineaBaseComprometida proyecto_lineabase_r_roturalineabasecompr_e47fab52_fk_proyecto_; Type: FK CONSTRAINT; Schema: public; Owner: admin4
--

ALTER TABLE ONLY public."proyecto_lineabase_roturaLineaBaseComprometida"
    ADD CONSTRAINT proyecto_lineabase_r_roturalineabasecompr_e47fab52_fk_proyecto_ FOREIGN KEY (roturalineabasecomprometida_id) REFERENCES public.proyecto_roturalineabasecomprometida(id) DEFERRABLE INITIALLY DEFERRED;


--
-- TOC entry 3455 (class 2606 OID 71898)
-- Name: proyecto_proyecto_comite proyecto_proyecto_co_proyecto_id_34277348_fk_proyecto_; Type: FK CONSTRAINT; Schema: public; Owner: admin4
--

ALTER TABLE ONLY public.proyecto_proyecto_comite
    ADD CONSTRAINT proyecto_proyecto_co_proyecto_id_34277348_fk_proyecto_ FOREIGN KEY (proyecto_id) REFERENCES public.proyecto_proyecto(id) DEFERRABLE INITIALLY DEFERRED;


--
-- TOC entry 3456 (class 2606 OID 71903)
-- Name: proyecto_proyecto_comite proyecto_proyecto_comite_user_id_b493c25a_fk_auth_user_id; Type: FK CONSTRAINT; Schema: public; Owner: admin4
--

ALTER TABLE ONLY public.proyecto_proyecto_comite
    ADD CONSTRAINT proyecto_proyecto_comite_user_id_b493c25a_fk_auth_user_id FOREIGN KEY (user_id) REFERENCES public.auth_user(id) DEFERRABLE INITIALLY DEFERRED;


--
-- TOC entry 3454 (class 2606 OID 71890)
-- Name: proyecto_proyecto proyecto_proyecto_creador_id_779d238f_fk_auth_user_id; Type: FK CONSTRAINT; Schema: public; Owner: admin4
--

ALTER TABLE ONLY public.proyecto_proyecto
    ADD CONSTRAINT proyecto_proyecto_creador_id_779d238f_fk_auth_user_id FOREIGN KEY (creador_id) REFERENCES public.auth_user(id) DEFERRABLE INITIALLY DEFERRED;


--
-- TOC entry 3453 (class 2606 OID 71772)
-- Name: proyecto_proyecto proyecto_proyecto_gerente_id_ee5d5cda_fk_auth_user_id; Type: FK CONSTRAINT; Schema: public; Owner: admin4
--

ALTER TABLE ONLY public.proyecto_proyecto
    ADD CONSTRAINT proyecto_proyecto_gerente_id_ee5d5cda_fk_auth_user_id FOREIGN KEY (gerente_id) REFERENCES public.auth_user(id) DEFERRABLE INITIALLY DEFERRED;


--
-- TOC entry 3472 (class 2606 OID 72011)
-- Name: proyecto_proyecto_roles proyecto_proyecto_ro_proyecto_id_011fd0d8_fk_proyecto_; Type: FK CONSTRAINT; Schema: public; Owner: admin4
--

ALTER TABLE ONLY public.proyecto_proyecto_roles
    ADD CONSTRAINT proyecto_proyecto_ro_proyecto_id_011fd0d8_fk_proyecto_ FOREIGN KEY (proyecto_id) REFERENCES public.proyecto_proyecto(id) DEFERRABLE INITIALLY DEFERRED;


--
-- TOC entry 3473 (class 2606 OID 72016)
-- Name: proyecto_proyecto_roles proyecto_proyecto_roles_rol_id_6c488eff_fk_proyecto_rol_id; Type: FK CONSTRAINT; Schema: public; Owner: admin4
--

ALTER TABLE ONLY public.proyecto_proyecto_roles
    ADD CONSTRAINT proyecto_proyecto_roles_rol_id_6c488eff_fk_proyecto_rol_id FOREIGN KEY (rol_id) REFERENCES public.proyecto_rol(id) DEFERRABLE INITIALLY DEFERRED;


--
-- TOC entry 3474 (class 2606 OID 72025)
-- Name: proyecto_proyecto_tipoItem proyecto_proyecto_ti_proyecto_id_ff241a30_fk_proyecto_; Type: FK CONSTRAINT; Schema: public; Owner: admin4
--

ALTER TABLE ONLY public."proyecto_proyecto_tipoItem"
    ADD CONSTRAINT proyecto_proyecto_ti_proyecto_id_ff241a30_fk_proyecto_ FOREIGN KEY (proyecto_id) REFERENCES public.proyecto_proyecto(id) DEFERRABLE INITIALLY DEFERRED;


--
-- TOC entry 3475 (class 2606 OID 72030)
-- Name: proyecto_proyecto_tipoItem proyecto_proyecto_ti_tipodeitem_id_fb19887c_fk_proyecto_; Type: FK CONSTRAINT; Schema: public; Owner: admin4
--

ALTER TABLE ONLY public."proyecto_proyecto_tipoItem"
    ADD CONSTRAINT proyecto_proyecto_ti_tipodeitem_id_fb19887c_fk_proyecto_ FOREIGN KEY (tipodeitem_id) REFERENCES public.proyecto_tipodeitem(id) DEFERRABLE INITIALLY DEFERRED;


--
-- TOC entry 3476 (class 2606 OID 72039)
-- Name: proyecto_proyecto_usuarios proyecto_proyecto_us_proyecto_id_341e5c4f_fk_proyecto_; Type: FK CONSTRAINT; Schema: public; Owner: admin4
--

ALTER TABLE ONLY public.proyecto_proyecto_usuarios
    ADD CONSTRAINT proyecto_proyecto_us_proyecto_id_341e5c4f_fk_proyecto_ FOREIGN KEY (proyecto_id) REFERENCES public.proyecto_proyecto(id) DEFERRABLE INITIALLY DEFERRED;


--
-- TOC entry 3477 (class 2606 OID 72044)
-- Name: proyecto_proyecto_usuarios proyecto_proyecto_usuarios_user_id_40413335_fk_auth_user_id; Type: FK CONSTRAINT; Schema: public; Owner: admin4
--

ALTER TABLE ONLY public.proyecto_proyecto_usuarios
    ADD CONSTRAINT proyecto_proyecto_usuarios_user_id_40413335_fk_auth_user_id FOREIGN KEY (user_id) REFERENCES public.auth_user(id) DEFERRABLE INITIALLY DEFERRED;


--
-- TOC entry 3471 (class 2606 OID 72001)
-- Name: proyecto_proyectofase proyecto_proyectofas_proyecto_id_d4523139_fk_proyecto_; Type: FK CONSTRAINT; Schema: public; Owner: admin4
--

ALTER TABLE ONLY public.proyecto_proyectofase
    ADD CONSTRAINT proyecto_proyectofas_proyecto_id_d4523139_fk_proyecto_ FOREIGN KEY (proyecto_id) REFERENCES public.proyecto_proyecto(id) DEFERRABLE INITIALLY DEFERRED;


--
-- TOC entry 3470 (class 2606 OID 71996)
-- Name: proyecto_proyectofase proyecto_proyectofase_fase_id_60b0ce49_fk_proyecto_fase_id; Type: FK CONSTRAINT; Schema: public; Owner: admin4
--

ALTER TABLE ONLY public.proyecto_proyectofase
    ADD CONSTRAINT proyecto_proyectofase_fase_id_60b0ce49_fk_proyecto_fase_id FOREIGN KEY (fase_id) REFERENCES public.proyecto_fase(id) DEFERRABLE INITIALLY DEFERRED;


--
-- TOC entry 3467 (class 2606 OID 71978)
-- Name: proyecto_relacion proyecto_relacion_fase_item_to_id_b20ec32a_fk_proyecto_fase_id; Type: FK CONSTRAINT; Schema: public; Owner: admin4
--

ALTER TABLE ONLY public.proyecto_relacion
    ADD CONSTRAINT proyecto_relacion_fase_item_to_id_b20ec32a_fk_proyecto_fase_id FOREIGN KEY (fase_item_to_id) REFERENCES public.proyecto_fase(id) DEFERRABLE INITIALLY DEFERRED;


--
-- TOC entry 3468 (class 2606 OID 71983)
-- Name: proyecto_relacion proyecto_relacion_item_from_id_59c50c90_fk_proyecto_item_id; Type: FK CONSTRAINT; Schema: public; Owner: admin4
--

ALTER TABLE ONLY public.proyecto_relacion
    ADD CONSTRAINT proyecto_relacion_item_from_id_59c50c90_fk_proyecto_item_id FOREIGN KEY (item_from_id) REFERENCES public.proyecto_item(id) DEFERRABLE INITIALLY DEFERRED;


--
-- TOC entry 3469 (class 2606 OID 71988)
-- Name: proyecto_relacion proyecto_relacion_item_to_id_d568e2e7_fk_proyecto_item_id; Type: FK CONSTRAINT; Schema: public; Owner: admin4
--

ALTER TABLE ONLY public.proyecto_relacion
    ADD CONSTRAINT proyecto_relacion_item_to_id_d568e2e7_fk_proyecto_item_id FOREIGN KEY (item_to_id) REFERENCES public.proyecto_item(id) DEFERRABLE INITIALLY DEFERRED;


--
-- TOC entry 3466 (class 2606 OID 71971)
-- Name: proyecto_rol_faseUser proyecto_rol_faseUse_faseuser_id_928ffc25_fk_proyecto_; Type: FK CONSTRAINT; Schema: public; Owner: admin4
--

ALTER TABLE ONLY public."proyecto_rol_faseUser"
    ADD CONSTRAINT "proyecto_rol_faseUse_faseuser_id_928ffc25_fk_proyecto_" FOREIGN KEY (faseuser_id) REFERENCES public.proyecto_faseuser(id) DEFERRABLE INITIALLY DEFERRED;


--
-- TOC entry 3465 (class 2606 OID 71966)
-- Name: proyecto_rol_faseUser proyecto_rol_faseUser_rol_id_e6678dbd_fk_proyecto_rol_id; Type: FK CONSTRAINT; Schema: public; Owner: admin4
--

ALTER TABLE ONLY public."proyecto_rol_faseUser"
    ADD CONSTRAINT "proyecto_rol_faseUser_rol_id_e6678dbd_fk_proyecto_rol_id" FOREIGN KEY (rol_id) REFERENCES public.proyecto_rol(id) DEFERRABLE INITIALLY DEFERRED;


--
-- TOC entry 3464 (class 2606 OID 71958)
-- Name: proyecto_rol proyecto_rol_perms_id_ce959eec_fk_auth_group_id; Type: FK CONSTRAINT; Schema: public; Owner: admin4
--

ALTER TABLE ONLY public.proyecto_rol
    ADD CONSTRAINT proyecto_rol_perms_id_ce959eec_fk_auth_group_id FOREIGN KEY (perms_id) REFERENCES public.auth_group(id) DEFERRABLE INITIALLY DEFERRED;


--
-- TOC entry 3461 (class 2606 OID 71937)
-- Name: proyecto_roturalineabase_items_implicados proyecto_roturalinea_item_id_217b61f1_fk_proyecto_; Type: FK CONSTRAINT; Schema: public; Owner: admin4
--

ALTER TABLE ONLY public.proyecto_roturalineabase_items_implicados
    ADD CONSTRAINT proyecto_roturalinea_item_id_217b61f1_fk_proyecto_ FOREIGN KEY (item_id) REFERENCES public.proyecto_item(id) DEFERRABLE INITIALLY DEFERRED;


--
-- TOC entry 3462 (class 2606 OID 71946)
-- Name: proyecto_roturalineabase_votos_registrados proyecto_roturalinea_roturalineabase_id_70bcafa3_fk_proyecto_; Type: FK CONSTRAINT; Schema: public; Owner: admin4
--

ALTER TABLE ONLY public.proyecto_roturalineabase_votos_registrados
    ADD CONSTRAINT proyecto_roturalinea_roturalineabase_id_70bcafa3_fk_proyecto_ FOREIGN KEY (roturalineabase_id) REFERENCES public.proyecto_roturalineabase(id) DEFERRABLE INITIALLY DEFERRED;


--
-- TOC entry 3460 (class 2606 OID 71932)
-- Name: proyecto_roturalineabase_items_implicados proyecto_roturalinea_roturalineabase_id_8a1c5101_fk_proyecto_; Type: FK CONSTRAINT; Schema: public; Owner: admin4
--

ALTER TABLE ONLY public.proyecto_roturalineabase_items_implicados
    ADD CONSTRAINT proyecto_roturalinea_roturalineabase_id_8a1c5101_fk_proyecto_ FOREIGN KEY (roturalineabase_id) REFERENCES public.proyecto_roturalineabase(id) DEFERRABLE INITIALLY DEFERRED;


--
-- TOC entry 3457 (class 2606 OID 71912)
-- Name: proyecto_roturalineabasecomprometida_registrados_votos_comp6f7e proyecto_roturalinea_roturalineabasecompr_cd6eef26_fk_proyecto_; Type: FK CONSTRAINT; Schema: public; Owner: admin4
--

ALTER TABLE ONLY public.proyecto_roturalineabasecomprometida_registrados_votos_comp6f7e
    ADD CONSTRAINT proyecto_roturalinea_roturalineabasecompr_cd6eef26_fk_proyecto_ FOREIGN KEY (roturalineabasecomprometida_id) REFERENCES public.proyecto_roturalineabasecomprometida(id) DEFERRABLE INITIALLY DEFERRED;


--
-- TOC entry 3459 (class 2606 OID 71924)
-- Name: proyecto_roturalineabase proyecto_roturalinea_solicitante_id_74636dbb_fk_auth_user; Type: FK CONSTRAINT; Schema: public; Owner: admin4
--

ALTER TABLE ONLY public.proyecto_roturalineabase
    ADD CONSTRAINT proyecto_roturalinea_solicitante_id_74636dbb_fk_auth_user FOREIGN KEY (solicitante_id) REFERENCES public.auth_user(id) DEFERRABLE INITIALLY DEFERRED;


--
-- TOC entry 3463 (class 2606 OID 71951)
-- Name: proyecto_roturalineabase_votos_registrados proyecto_roturalinea_user_id_3dfd2dad_fk_auth_user; Type: FK CONSTRAINT; Schema: public; Owner: admin4
--

ALTER TABLE ONLY public.proyecto_roturalineabase_votos_registrados
    ADD CONSTRAINT proyecto_roturalinea_user_id_3dfd2dad_fk_auth_user FOREIGN KEY (user_id) REFERENCES public.auth_user(id) DEFERRABLE INITIALLY DEFERRED;


--
-- TOC entry 3458 (class 2606 OID 71917)
-- Name: proyecto_roturalineabasecomprometida_registrados_votos_comp6f7e proyecto_roturalinea_user_id_f3c8e163_fk_auth_user; Type: FK CONSTRAINT; Schema: public; Owner: admin4
--

ALTER TABLE ONLY public.proyecto_roturalineabasecomprometida_registrados_votos_comp6f7e
    ADD CONSTRAINT proyecto_roturalinea_user_id_f3c8e163_fk_auth_user FOREIGN KEY (user_id) REFERENCES public.auth_user(id) DEFERRABLE INITIALLY DEFERRED;


--
-- TOC entry 3493 (class 2606 OID 72179)
-- Name: reversion_revision reversion_revision_user_id_17095f45_fk_auth_user_id; Type: FK CONSTRAINT; Schema: public; Owner: admin4
--

ALTER TABLE ONLY public.reversion_revision
    ADD CONSTRAINT reversion_revision_user_id_17095f45_fk_auth_user_id FOREIGN KEY (user_id) REFERENCES public.auth_user(id) DEFERRABLE INITIALLY DEFERRED;


--
-- TOC entry 3494 (class 2606 OID 72186)
-- Name: reversion_version reversion_version_content_type_id_7d0ff25c_fk_django_co; Type: FK CONSTRAINT; Schema: public; Owner: admin4
--

ALTER TABLE ONLY public.reversion_version
    ADD CONSTRAINT reversion_version_content_type_id_7d0ff25c_fk_django_co FOREIGN KEY (content_type_id) REFERENCES public.django_content_type(id) DEFERRABLE INITIALLY DEFERRED;


--
-- TOC entry 3495 (class 2606 OID 72191)
-- Name: reversion_version reversion_version_revision_id_af9f6a9d_fk_reversion_revision_id; Type: FK CONSTRAINT; Schema: public; Owner: admin4
--

ALTER TABLE ONLY public.reversion_version
    ADD CONSTRAINT reversion_version_revision_id_af9f6a9d_fk_reversion_revision_id FOREIGN KEY (revision_id) REFERENCES public.reversion_revision(id) DEFERRABLE INITIALLY DEFERRED;


--
-- TOC entry 3499 (class 2606 OID 72281)
-- Name: socialaccount_socialtoken socialaccount_social_account_id_951f210e_fk_socialacc; Type: FK CONSTRAINT; Schema: public; Owner: admin4
--

ALTER TABLE ONLY public.socialaccount_socialtoken
    ADD CONSTRAINT socialaccount_social_account_id_951f210e_fk_socialacc FOREIGN KEY (account_id) REFERENCES public.socialaccount_socialaccount(id) DEFERRABLE INITIALLY DEFERRED;


--
-- TOC entry 3500 (class 2606 OID 72286)
-- Name: socialaccount_socialtoken socialaccount_social_app_id_636a42d7_fk_socialacc; Type: FK CONSTRAINT; Schema: public; Owner: admin4
--

ALTER TABLE ONLY public.socialaccount_socialtoken
    ADD CONSTRAINT socialaccount_social_app_id_636a42d7_fk_socialacc FOREIGN KEY (app_id) REFERENCES public.socialaccount_socialapp(id) DEFERRABLE INITIALLY DEFERRED;


--
-- TOC entry 3498 (class 2606 OID 72274)
-- Name: socialaccount_socialapp_sites socialaccount_social_site_id_2579dee5_fk_django_si; Type: FK CONSTRAINT; Schema: public; Owner: admin4
--

ALTER TABLE ONLY public.socialaccount_socialapp_sites
    ADD CONSTRAINT socialaccount_social_site_id_2579dee5_fk_django_si FOREIGN KEY (site_id) REFERENCES public.django_site(id) DEFERRABLE INITIALLY DEFERRED;


--
-- TOC entry 3497 (class 2606 OID 72269)
-- Name: socialaccount_socialapp_sites socialaccount_social_socialapp_id_97fb6e7d_fk_socialacc; Type: FK CONSTRAINT; Schema: public; Owner: admin4
--

ALTER TABLE ONLY public.socialaccount_socialapp_sites
    ADD CONSTRAINT socialaccount_social_socialapp_id_97fb6e7d_fk_socialacc FOREIGN KEY (socialapp_id) REFERENCES public.socialaccount_socialapp(id) DEFERRABLE INITIALLY DEFERRED;


--
-- TOC entry 3496 (class 2606 OID 72261)
-- Name: socialaccount_socialaccount socialaccount_socialaccount_user_id_8146e70c_fk_auth_user_id; Type: FK CONSTRAINT; Schema: public; Owner: admin4
--

ALTER TABLE ONLY public.socialaccount_socialaccount
    ADD CONSTRAINT socialaccount_socialaccount_user_id_8146e70c_fk_auth_user_id FOREIGN KEY (user_id) REFERENCES public.auth_user(id) DEFERRABLE INITIALLY DEFERRED;


-- Completed on 2020-10-15 23:37:36 -03

--
-- PostgreSQL database dump complete
--

