--
-- PostgreSQL database dump
--

-- Dumped from database version 11.8 (Ubuntu 11.8-1.pgdg18.04+1)
-- Dumped by pg_dump version 11.8 (Ubuntu 11.8-1.pgdg18.04+1)

-- Started on 2020-10-16 12:16:48 -03

SET statement_timeout = 0;
SET lock_timeout = 0;
SET idle_in_transaction_session_timeout = 0;
SET client_encoding = 'UTF8';
SET standard_conforming_strings = on;
SELECT pg_catalog.set_config('search_path', '', false);
SET check_function_bodies = false;
SET xmloption = content;
SET client_min_messages = warning;
SET row_security = off;

SET default_tablespace = '';

SET default_with_oids = false;

--
-- TOC entry 213 (class 1259 OID 71501)
-- Name: account_emailaddress; Type: TABLE; Schema: public; Owner: admin4
--

CREATE TABLE public.account_emailaddress (
    id integer NOT NULL,
    email character varying(254) NOT NULL,
    verified boolean NOT NULL,
    "primary" boolean NOT NULL,
    user_id integer NOT NULL
);


ALTER TABLE public.account_emailaddress OWNER TO admin4;

--
-- TOC entry 212 (class 1259 OID 71499)
-- Name: account_emailaddress_id_seq; Type: SEQUENCE; Schema: public; Owner: admin4
--

CREATE SEQUENCE public.account_emailaddress_id_seq
    AS integer
    START WITH 1
    INCREMENT BY 1
    NO MINVALUE
    NO MAXVALUE
    CACHE 1;


ALTER TABLE public.account_emailaddress_id_seq OWNER TO admin4;

--
-- TOC entry 3726 (class 0 OID 0)
-- Dependencies: 212
-- Name: account_emailaddress_id_seq; Type: SEQUENCE OWNED BY; Schema: public; Owner: admin4
--

ALTER SEQUENCE public.account_emailaddress_id_seq OWNED BY public.account_emailaddress.id;


--
-- TOC entry 215 (class 1259 OID 71511)
-- Name: account_emailconfirmation; Type: TABLE; Schema: public; Owner: admin4
--

CREATE TABLE public.account_emailconfirmation (
    id integer NOT NULL,
    created timestamp with time zone NOT NULL,
    sent timestamp with time zone,
    key character varying(64) NOT NULL,
    email_address_id integer NOT NULL
);


ALTER TABLE public.account_emailconfirmation OWNER TO admin4;

--
-- TOC entry 214 (class 1259 OID 71509)
-- Name: account_emailconfirmation_id_seq; Type: SEQUENCE; Schema: public; Owner: admin4
--

CREATE SEQUENCE public.account_emailconfirmation_id_seq
    AS integer
    START WITH 1
    INCREMENT BY 1
    NO MINVALUE
    NO MAXVALUE
    CACHE 1;


ALTER TABLE public.account_emailconfirmation_id_seq OWNER TO admin4;

--
-- TOC entry 3727 (class 0 OID 0)
-- Dependencies: 214
-- Name: account_emailconfirmation_id_seq; Type: SEQUENCE OWNED BY; Schema: public; Owner: admin4
--

ALTER SEQUENCE public.account_emailconfirmation_id_seq OWNED BY public.account_emailconfirmation.id;


--
-- TOC entry 203 (class 1259 OID 71405)
-- Name: auth_group; Type: TABLE; Schema: public; Owner: admin4
--

CREATE TABLE public.auth_group (
    id integer NOT NULL,
    name character varying(150) NOT NULL
);


ALTER TABLE public.auth_group OWNER TO admin4;

--
-- TOC entry 202 (class 1259 OID 71403)
-- Name: auth_group_id_seq; Type: SEQUENCE; Schema: public; Owner: admin4
--

CREATE SEQUENCE public.auth_group_id_seq
    AS integer
    START WITH 1
    INCREMENT BY 1
    NO MINVALUE
    NO MAXVALUE
    CACHE 1;


ALTER TABLE public.auth_group_id_seq OWNER TO admin4;

--
-- TOC entry 3728 (class 0 OID 0)
-- Dependencies: 202
-- Name: auth_group_id_seq; Type: SEQUENCE OWNED BY; Schema: public; Owner: admin4
--

ALTER SEQUENCE public.auth_group_id_seq OWNED BY public.auth_group.id;


--
-- TOC entry 205 (class 1259 OID 71415)
-- Name: auth_group_permissions; Type: TABLE; Schema: public; Owner: admin4
--

CREATE TABLE public.auth_group_permissions (
    id integer NOT NULL,
    group_id integer NOT NULL,
    permission_id integer NOT NULL
);


ALTER TABLE public.auth_group_permissions OWNER TO admin4;

--
-- TOC entry 204 (class 1259 OID 71413)
-- Name: auth_group_permissions_id_seq; Type: SEQUENCE; Schema: public; Owner: admin4
--

CREATE SEQUENCE public.auth_group_permissions_id_seq
    AS integer
    START WITH 1
    INCREMENT BY 1
    NO MINVALUE
    NO MAXVALUE
    CACHE 1;


ALTER TABLE public.auth_group_permissions_id_seq OWNER TO admin4;

--
-- TOC entry 3729 (class 0 OID 0)
-- Dependencies: 204
-- Name: auth_group_permissions_id_seq; Type: SEQUENCE OWNED BY; Schema: public; Owner: admin4
--

ALTER SEQUENCE public.auth_group_permissions_id_seq OWNED BY public.auth_group_permissions.id;


--
-- TOC entry 201 (class 1259 OID 71397)
-- Name: auth_permission; Type: TABLE; Schema: public; Owner: admin4
--

CREATE TABLE public.auth_permission (
    id integer NOT NULL,
    name character varying(255) NOT NULL,
    content_type_id integer NOT NULL,
    codename character varying(100) NOT NULL
);


ALTER TABLE public.auth_permission OWNER TO admin4;

--
-- TOC entry 200 (class 1259 OID 71395)
-- Name: auth_permission_id_seq; Type: SEQUENCE; Schema: public; Owner: admin4
--

CREATE SEQUENCE public.auth_permission_id_seq
    AS integer
    START WITH 1
    INCREMENT BY 1
    NO MINVALUE
    NO MAXVALUE
    CACHE 1;


ALTER TABLE public.auth_permission_id_seq OWNER TO admin4;

--
-- TOC entry 3730 (class 0 OID 0)
-- Dependencies: 200
-- Name: auth_permission_id_seq; Type: SEQUENCE OWNED BY; Schema: public; Owner: admin4
--

ALTER SEQUENCE public.auth_permission_id_seq OWNED BY public.auth_permission.id;


--
-- TOC entry 207 (class 1259 OID 71423)
-- Name: auth_user; Type: TABLE; Schema: public; Owner: admin4
--

CREATE TABLE public.auth_user (
    id integer NOT NULL,
    password character varying(128) NOT NULL,
    last_login timestamp with time zone,
    is_superuser boolean NOT NULL,
    username character varying(150) NOT NULL,
    first_name character varying(30) NOT NULL,
    last_name character varying(150) NOT NULL,
    email character varying(254) NOT NULL,
    is_staff boolean NOT NULL,
    is_active boolean NOT NULL,
    date_joined timestamp with time zone NOT NULL
);


ALTER TABLE public.auth_user OWNER TO admin4;

--
-- TOC entry 209 (class 1259 OID 71433)
-- Name: auth_user_groups; Type: TABLE; Schema: public; Owner: admin4
--

CREATE TABLE public.auth_user_groups (
    id integer NOT NULL,
    user_id integer NOT NULL,
    group_id integer NOT NULL
);


ALTER TABLE public.auth_user_groups OWNER TO admin4;

--
-- TOC entry 208 (class 1259 OID 71431)
-- Name: auth_user_groups_id_seq; Type: SEQUENCE; Schema: public; Owner: admin4
--

CREATE SEQUENCE public.auth_user_groups_id_seq
    AS integer
    START WITH 1
    INCREMENT BY 1
    NO MINVALUE
    NO MAXVALUE
    CACHE 1;


ALTER TABLE public.auth_user_groups_id_seq OWNER TO admin4;

--
-- TOC entry 3731 (class 0 OID 0)
-- Dependencies: 208
-- Name: auth_user_groups_id_seq; Type: SEQUENCE OWNED BY; Schema: public; Owner: admin4
--

ALTER SEQUENCE public.auth_user_groups_id_seq OWNED BY public.auth_user_groups.id;


--
-- TOC entry 206 (class 1259 OID 71421)
-- Name: auth_user_id_seq; Type: SEQUENCE; Schema: public; Owner: admin4
--

CREATE SEQUENCE public.auth_user_id_seq
    AS integer
    START WITH 1
    INCREMENT BY 1
    NO MINVALUE
    NO MAXVALUE
    CACHE 1;


ALTER TABLE public.auth_user_id_seq OWNER TO admin4;

--
-- TOC entry 3732 (class 0 OID 0)
-- Dependencies: 206
-- Name: auth_user_id_seq; Type: SEQUENCE OWNED BY; Schema: public; Owner: admin4
--

ALTER SEQUENCE public.auth_user_id_seq OWNED BY public.auth_user.id;


--
-- TOC entry 211 (class 1259 OID 71441)
-- Name: auth_user_user_permissions; Type: TABLE; Schema: public; Owner: admin4
--

CREATE TABLE public.auth_user_user_permissions (
    id integer NOT NULL,
    user_id integer NOT NULL,
    permission_id integer NOT NULL
);


ALTER TABLE public.auth_user_user_permissions OWNER TO admin4;

--
-- TOC entry 210 (class 1259 OID 71439)
-- Name: auth_user_user_permissions_id_seq; Type: SEQUENCE; Schema: public; Owner: admin4
--

CREATE SEQUENCE public.auth_user_user_permissions_id_seq
    AS integer
    START WITH 1
    INCREMENT BY 1
    NO MINVALUE
    NO MAXVALUE
    CACHE 1;


ALTER TABLE public.auth_user_user_permissions_id_seq OWNER TO admin4;

--
-- TOC entry 3733 (class 0 OID 0)
-- Dependencies: 210
-- Name: auth_user_user_permissions_id_seq; Type: SEQUENCE OWNED BY; Schema: public; Owner: admin4
--

ALTER SEQUENCE public.auth_user_user_permissions_id_seq OWNED BY public.auth_user_user_permissions.id;


--
-- TOC entry 217 (class 1259 OID 71538)
-- Name: django_admin_log; Type: TABLE; Schema: public; Owner: admin4
--

CREATE TABLE public.django_admin_log (
    id integer NOT NULL,
    action_time timestamp with time zone NOT NULL,
    object_id text,
    object_repr character varying(200) NOT NULL,
    action_flag smallint NOT NULL,
    change_message text NOT NULL,
    content_type_id integer,
    user_id integer NOT NULL,
    CONSTRAINT django_admin_log_action_flag_check CHECK ((action_flag >= 0))
);


ALTER TABLE public.django_admin_log OWNER TO admin4;

--
-- TOC entry 216 (class 1259 OID 71536)
-- Name: django_admin_log_id_seq; Type: SEQUENCE; Schema: public; Owner: admin4
--

CREATE SEQUENCE public.django_admin_log_id_seq
    AS integer
    START WITH 1
    INCREMENT BY 1
    NO MINVALUE
    NO MAXVALUE
    CACHE 1;


ALTER TABLE public.django_admin_log_id_seq OWNER TO admin4;

--
-- TOC entry 3734 (class 0 OID 0)
-- Dependencies: 216
-- Name: django_admin_log_id_seq; Type: SEQUENCE OWNED BY; Schema: public; Owner: admin4
--

ALTER SEQUENCE public.django_admin_log_id_seq OWNED BY public.django_admin_log.id;


--
-- TOC entry 199 (class 1259 OID 71387)
-- Name: django_content_type; Type: TABLE; Schema: public; Owner: admin4
--

CREATE TABLE public.django_content_type (
    id integer NOT NULL,
    app_label character varying(100) NOT NULL,
    model character varying(100) NOT NULL
);


ALTER TABLE public.django_content_type OWNER TO admin4;

--
-- TOC entry 198 (class 1259 OID 71385)
-- Name: django_content_type_id_seq; Type: SEQUENCE; Schema: public; Owner: admin4
--

CREATE SEQUENCE public.django_content_type_id_seq
    AS integer
    START WITH 1
    INCREMENT BY 1
    NO MINVALUE
    NO MAXVALUE
    CACHE 1;


ALTER TABLE public.django_content_type_id_seq OWNER TO admin4;

--
-- TOC entry 3735 (class 0 OID 0)
-- Dependencies: 198
-- Name: django_content_type_id_seq; Type: SEQUENCE OWNED BY; Schema: public; Owner: admin4
--

ALTER SEQUENCE public.django_content_type_id_seq OWNED BY public.django_content_type.id;


--
-- TOC entry 197 (class 1259 OID 71376)
-- Name: django_migrations; Type: TABLE; Schema: public; Owner: admin4
--

CREATE TABLE public.django_migrations (
    id integer NOT NULL,
    app character varying(255) NOT NULL,
    name character varying(255) NOT NULL,
    applied timestamp with time zone NOT NULL
);


ALTER TABLE public.django_migrations OWNER TO admin4;

--
-- TOC entry 196 (class 1259 OID 71374)
-- Name: django_migrations_id_seq; Type: SEQUENCE; Schema: public; Owner: admin4
--

CREATE SEQUENCE public.django_migrations_id_seq
    AS integer
    START WITH 1
    INCREMENT BY 1
    NO MINVALUE
    NO MAXVALUE
    CACHE 1;


ALTER TABLE public.django_migrations_id_seq OWNER TO admin4;

--
-- TOC entry 3736 (class 0 OID 0)
-- Dependencies: 196
-- Name: django_migrations_id_seq; Type: SEQUENCE OWNED BY; Schema: public; Owner: admin4
--

ALTER SEQUENCE public.django_migrations_id_seq OWNED BY public.django_migrations.id;


--
-- TOC entry 284 (class 1259 OID 72198)
-- Name: django_session; Type: TABLE; Schema: public; Owner: admin4
--

CREATE TABLE public.django_session (
    session_key character varying(40) NOT NULL,
    session_data text NOT NULL,
    expire_date timestamp with time zone NOT NULL
);


ALTER TABLE public.django_session OWNER TO admin4;

--
-- TOC entry 286 (class 1259 OID 72210)
-- Name: django_site; Type: TABLE; Schema: public; Owner: admin4
--

CREATE TABLE public.django_site (
    id integer NOT NULL,
    domain character varying(100) NOT NULL,
    name character varying(50) NOT NULL
);


ALTER TABLE public.django_site OWNER TO admin4;

--
-- TOC entry 285 (class 1259 OID 72208)
-- Name: django_site_id_seq; Type: SEQUENCE; Schema: public; Owner: admin4
--

CREATE SEQUENCE public.django_site_id_seq
    AS integer
    START WITH 1
    INCREMENT BY 1
    NO MINVALUE
    NO MAXVALUE
    CACHE 1;


ALTER TABLE public.django_site_id_seq OWNER TO admin4;

--
-- TOC entry 3737 (class 0 OID 0)
-- Dependencies: 285
-- Name: django_site_id_seq; Type: SEQUENCE OWNED BY; Schema: public; Owner: admin4
--

ALTER SEQUENCE public.django_site_id_seq OWNED BY public.django_site.id;


--
-- TOC entry 219 (class 1259 OID 71571)
-- Name: guardian_groupobjectpermission; Type: TABLE; Schema: public; Owner: admin4
--

CREATE TABLE public.guardian_groupobjectpermission (
    id integer NOT NULL,
    object_pk character varying(255) NOT NULL,
    content_type_id integer NOT NULL,
    group_id integer NOT NULL,
    permission_id integer NOT NULL
);


ALTER TABLE public.guardian_groupobjectpermission OWNER TO admin4;

--
-- TOC entry 218 (class 1259 OID 71569)
-- Name: guardian_groupobjectpermission_id_seq; Type: SEQUENCE; Schema: public; Owner: admin4
--

CREATE SEQUENCE public.guardian_groupobjectpermission_id_seq
    AS integer
    START WITH 1
    INCREMENT BY 1
    NO MINVALUE
    NO MAXVALUE
    CACHE 1;


ALTER TABLE public.guardian_groupobjectpermission_id_seq OWNER TO admin4;

--
-- TOC entry 3738 (class 0 OID 0)
-- Dependencies: 218
-- Name: guardian_groupobjectpermission_id_seq; Type: SEQUENCE OWNED BY; Schema: public; Owner: admin4
--

ALTER SEQUENCE public.guardian_groupobjectpermission_id_seq OWNED BY public.guardian_groupobjectpermission.id;


--
-- TOC entry 221 (class 1259 OID 71579)
-- Name: guardian_userobjectpermission; Type: TABLE; Schema: public; Owner: admin4
--

CREATE TABLE public.guardian_userobjectpermission (
    id integer NOT NULL,
    object_pk character varying(255) NOT NULL,
    content_type_id integer NOT NULL,
    permission_id integer NOT NULL,
    user_id integer NOT NULL
);


ALTER TABLE public.guardian_userobjectpermission OWNER TO admin4;

--
-- TOC entry 220 (class 1259 OID 71577)
-- Name: guardian_userobjectpermission_id_seq; Type: SEQUENCE; Schema: public; Owner: admin4
--

CREATE SEQUENCE public.guardian_userobjectpermission_id_seq
    AS integer
    START WITH 1
    INCREMENT BY 1
    NO MINVALUE
    NO MAXVALUE
    CACHE 1;


ALTER TABLE public.guardian_userobjectpermission_id_seq OWNER TO admin4;

--
-- TOC entry 3739 (class 0 OID 0)
-- Dependencies: 220
-- Name: guardian_userobjectpermission_id_seq; Type: SEQUENCE OWNED BY; Schema: public; Owner: admin4
--

ALTER SEQUENCE public.guardian_userobjectpermission_id_seq OWNED BY public.guardian_userobjectpermission.id;


--
-- TOC entry 223 (class 1259 OID 71629)
-- Name: perms_permisos; Type: TABLE; Schema: public; Owner: admin4
--

CREATE TABLE public.perms_permisos (
    id integer NOT NULL
);


ALTER TABLE public.perms_permisos OWNER TO admin4;

--
-- TOC entry 222 (class 1259 OID 71627)
-- Name: perms_permisos_id_seq; Type: SEQUENCE; Schema: public; Owner: admin4
--

CREATE SEQUENCE public.perms_permisos_id_seq
    AS integer
    START WITH 1
    INCREMENT BY 1
    NO MINVALUE
    NO MAXVALUE
    CACHE 1;


ALTER TABLE public.perms_permisos_id_seq OWNER TO admin4;

--
-- TOC entry 3740 (class 0 OID 0)
-- Dependencies: 222
-- Name: perms_permisos_id_seq; Type: SEQUENCE OWNED BY; Schema: public; Owner: admin4
--

ALTER SEQUENCE public.perms_permisos_id_seq OWNED BY public.perms_permisos.id;


--
-- TOC entry 225 (class 1259 OID 71637)
-- Name: proyecto_campoextra; Type: TABLE; Schema: public; Owner: admin4
--

CREATE TABLE public.proyecto_campoextra (
    id integer NOT NULL,
    titulo character varying(40) NOT NULL
);


ALTER TABLE public.proyecto_campoextra OWNER TO admin4;

--
-- TOC entry 224 (class 1259 OID 71635)
-- Name: proyecto_campoextra_id_seq; Type: SEQUENCE; Schema: public; Owner: admin4
--

CREATE SEQUENCE public.proyecto_campoextra_id_seq
    AS integer
    START WITH 1
    INCREMENT BY 1
    NO MINVALUE
    NO MAXVALUE
    CACHE 1;


ALTER TABLE public.proyecto_campoextra_id_seq OWNER TO admin4;

--
-- TOC entry 3741 (class 0 OID 0)
-- Dependencies: 224
-- Name: proyecto_campoextra_id_seq; Type: SEQUENCE OWNED BY; Schema: public; Owner: admin4
--

ALTER SEQUENCE public.proyecto_campoextra_id_seq OWNED BY public.proyecto_campoextra.id;


--
-- TOC entry 279 (class 1259 OID 71872)
-- Name: proyecto_campoextravalores; Type: TABLE; Schema: public; Owner: admin4
--

CREATE TABLE public.proyecto_campoextravalores (
    id integer NOT NULL,
    valor character varying(40) NOT NULL,
    "campoExtra_id" integer NOT NULL
);


ALTER TABLE public.proyecto_campoextravalores OWNER TO admin4;

--
-- TOC entry 278 (class 1259 OID 71870)
-- Name: proyecto_campoextravalores_id_seq; Type: SEQUENCE; Schema: public; Owner: admin4
--

CREATE SEQUENCE public.proyecto_campoextravalores_id_seq
    AS integer
    START WITH 1
    INCREMENT BY 1
    NO MINVALUE
    NO MAXVALUE
    CACHE 1;


ALTER TABLE public.proyecto_campoextravalores_id_seq OWNER TO admin4;

--
-- TOC entry 3742 (class 0 OID 0)
-- Dependencies: 278
-- Name: proyecto_campoextravalores_id_seq; Type: SEQUENCE OWNED BY; Schema: public; Owner: admin4
--

ALTER SEQUENCE public.proyecto_campoextravalores_id_seq OWNED BY public.proyecto_campoextravalores.id;


--
-- TOC entry 227 (class 1259 OID 71645)
-- Name: proyecto_fase; Type: TABLE; Schema: public; Owner: admin4
--

CREATE TABLE public.proyecto_fase (
    id integer NOT NULL,
    nombre character varying(40) NOT NULL,
    descripcion character varying(200) NOT NULL,
    estado character varying(40) NOT NULL
);


ALTER TABLE public.proyecto_fase OWNER TO admin4;

--
-- TOC entry 226 (class 1259 OID 71643)
-- Name: proyecto_fase_id_seq; Type: SEQUENCE; Schema: public; Owner: admin4
--

CREATE SEQUENCE public.proyecto_fase_id_seq
    AS integer
    START WITH 1
    INCREMENT BY 1
    NO MINVALUE
    NO MAXVALUE
    CACHE 1;


ALTER TABLE public.proyecto_fase_id_seq OWNER TO admin4;

--
-- TOC entry 3743 (class 0 OID 0)
-- Dependencies: 226
-- Name: proyecto_fase_id_seq; Type: SEQUENCE OWNED BY; Schema: public; Owner: admin4
--

ALTER SEQUENCE public.proyecto_fase_id_seq OWNED BY public.proyecto_fase.id;


--
-- TOC entry 273 (class 1259 OID 71848)
-- Name: proyecto_fase_items; Type: TABLE; Schema: public; Owner: admin4
--

CREATE TABLE public.proyecto_fase_items (
    id integer NOT NULL,
    fase_id integer NOT NULL,
    item_id integer NOT NULL
);


ALTER TABLE public.proyecto_fase_items OWNER TO admin4;

--
-- TOC entry 272 (class 1259 OID 71846)
-- Name: proyecto_fase_items_id_seq; Type: SEQUENCE; Schema: public; Owner: admin4
--

CREATE SEQUENCE public.proyecto_fase_items_id_seq
    AS integer
    START WITH 1
    INCREMENT BY 1
    NO MINVALUE
    NO MAXVALUE
    CACHE 1;


ALTER TABLE public.proyecto_fase_items_id_seq OWNER TO admin4;

--
-- TOC entry 3744 (class 0 OID 0)
-- Dependencies: 272
-- Name: proyecto_fase_items_id_seq; Type: SEQUENCE OWNED BY; Schema: public; Owner: admin4
--

ALTER SEQUENCE public.proyecto_fase_items_id_seq OWNED BY public.proyecto_fase_items.id;


--
-- TOC entry 275 (class 1259 OID 71856)
-- Name: proyecto_fase_lineasBase; Type: TABLE; Schema: public; Owner: admin4
--

CREATE TABLE public."proyecto_fase_lineasBase" (
    id integer NOT NULL,
    fase_id integer NOT NULL,
    lineabase_id integer NOT NULL
);


ALTER TABLE public."proyecto_fase_lineasBase" OWNER TO admin4;

--
-- TOC entry 274 (class 1259 OID 71854)
-- Name: proyecto_fase_lineasBase_id_seq; Type: SEQUENCE; Schema: public; Owner: admin4
--

CREATE SEQUENCE public."proyecto_fase_lineasBase_id_seq"
    AS integer
    START WITH 1
    INCREMENT BY 1
    NO MINVALUE
    NO MAXVALUE
    CACHE 1;


ALTER TABLE public."proyecto_fase_lineasBase_id_seq" OWNER TO admin4;

--
-- TOC entry 3745 (class 0 OID 0)
-- Dependencies: 274
-- Name: proyecto_fase_lineasBase_id_seq; Type: SEQUENCE OWNED BY; Schema: public; Owner: admin4
--

ALTER SEQUENCE public."proyecto_fase_lineasBase_id_seq" OWNED BY public."proyecto_fase_lineasBase".id;


--
-- TOC entry 277 (class 1259 OID 71864)
-- Name: proyecto_fase_tipoItem; Type: TABLE; Schema: public; Owner: admin4
--

CREATE TABLE public."proyecto_fase_tipoItem" (
    id integer NOT NULL,
    fase_id integer NOT NULL,
    tipodeitem_id integer NOT NULL
);


ALTER TABLE public."proyecto_fase_tipoItem" OWNER TO admin4;

--
-- TOC entry 276 (class 1259 OID 71862)
-- Name: proyecto_fase_tipoItem_id_seq; Type: SEQUENCE; Schema: public; Owner: admin4
--

CREATE SEQUENCE public."proyecto_fase_tipoItem_id_seq"
    AS integer
    START WITH 1
    INCREMENT BY 1
    NO MINVALUE
    NO MAXVALUE
    CACHE 1;


ALTER TABLE public."proyecto_fase_tipoItem_id_seq" OWNER TO admin4;

--
-- TOC entry 3746 (class 0 OID 0)
-- Dependencies: 276
-- Name: proyecto_fase_tipoItem_id_seq; Type: SEQUENCE OWNED BY; Schema: public; Owner: admin4
--

ALTER SEQUENCE public."proyecto_fase_tipoItem_id_seq" OWNED BY public."proyecto_fase_tipoItem".id;


--
-- TOC entry 229 (class 1259 OID 71653)
-- Name: proyecto_faseuser; Type: TABLE; Schema: public; Owner: admin4
--

CREATE TABLE public.proyecto_faseuser (
    id integer NOT NULL,
    fase_id integer NOT NULL,
    user_id integer NOT NULL
);


ALTER TABLE public.proyecto_faseuser OWNER TO admin4;

--
-- TOC entry 228 (class 1259 OID 71651)
-- Name: proyecto_faseuser_id_seq; Type: SEQUENCE; Schema: public; Owner: admin4
--

CREATE SEQUENCE public.proyecto_faseuser_id_seq
    AS integer
    START WITH 1
    INCREMENT BY 1
    NO MINVALUE
    NO MAXVALUE
    CACHE 1;


ALTER TABLE public.proyecto_faseuser_id_seq OWNER TO admin4;

--
-- TOC entry 3747 (class 0 OID 0)
-- Dependencies: 228
-- Name: proyecto_faseuser_id_seq; Type: SEQUENCE OWNED BY; Schema: public; Owner: admin4
--

ALTER SEQUENCE public.proyecto_faseuser_id_seq OWNED BY public.proyecto_faseuser.id;


--
-- TOC entry 271 (class 1259 OID 71840)
-- Name: proyecto_files; Type: TABLE; Schema: public; Owner: admin4
--

CREATE TABLE public.proyecto_files (
    id integer NOT NULL,
    file character varying(100),
    item_id integer NOT NULL
);


ALTER TABLE public.proyecto_files OWNER TO admin4;

--
-- TOC entry 270 (class 1259 OID 71838)
-- Name: proyecto_files_id_seq; Type: SEQUENCE; Schema: public; Owner: admin4
--

CREATE SEQUENCE public.proyecto_files_id_seq
    AS integer
    START WITH 1
    INCREMENT BY 1
    NO MINVALUE
    NO MAXVALUE
    CACHE 1;


ALTER TABLE public.proyecto_files_id_seq OWNER TO admin4;

--
-- TOC entry 3748 (class 0 OID 0)
-- Dependencies: 270
-- Name: proyecto_files_id_seq; Type: SEQUENCE OWNED BY; Schema: public; Owner: admin4
--

ALTER SEQUENCE public.proyecto_files_id_seq OWNED BY public.proyecto_files.id;


--
-- TOC entry 231 (class 1259 OID 71661)
-- Name: proyecto_item; Type: TABLE; Schema: public; Owner: admin4
--

CREATE TABLE public.proyecto_item (
    id integer NOT NULL,
    nombre character varying(100) NOT NULL,
    campo_extra_valores character varying(40)[] NOT NULL,
    fecha character varying(40) NOT NULL,
    estado character varying(40),
    observacion character varying(200) NOT NULL,
    costo integer NOT NULL,
    version integer NOT NULL,
    archivos character varying(40)[] NOT NULL,
    "tipoItem_id" integer NOT NULL,
    faseid integer NOT NULL
);


ALTER TABLE public.proyecto_item OWNER TO admin4;

--
-- TOC entry 230 (class 1259 OID 71659)
-- Name: proyecto_item_id_seq; Type: SEQUENCE; Schema: public; Owner: admin4
--

CREATE SEQUENCE public.proyecto_item_id_seq
    AS integer
    START WITH 1
    INCREMENT BY 1
    NO MINVALUE
    NO MAXVALUE
    CACHE 1;


ALTER TABLE public.proyecto_item_id_seq OWNER TO admin4;

--
-- TOC entry 3749 (class 0 OID 0)
-- Dependencies: 230
-- Name: proyecto_item_id_seq; Type: SEQUENCE OWNED BY; Schema: public; Owner: admin4
--

ALTER SEQUENCE public.proyecto_item_id_seq OWNED BY public.proyecto_item.id;


--
-- TOC entry 263 (class 1259 OID 71803)
-- Name: proyecto_lineabase; Type: TABLE; Schema: public; Owner: admin4
--

CREATE TABLE public.proyecto_lineabase (
    id integer NOT NULL,
    nombre character varying(40) NOT NULL,
    estado character varying(40) NOT NULL,
    creador_id integer
);


ALTER TABLE public.proyecto_lineabase OWNER TO admin4;

--
-- TOC entry 262 (class 1259 OID 71801)
-- Name: proyecto_lineabase_id_seq; Type: SEQUENCE; Schema: public; Owner: admin4
--

CREATE SEQUENCE public.proyecto_lineabase_id_seq
    AS integer
    START WITH 1
    INCREMENT BY 1
    NO MINVALUE
    NO MAXVALUE
    CACHE 1;


ALTER TABLE public.proyecto_lineabase_id_seq OWNER TO admin4;

--
-- TOC entry 3750 (class 0 OID 0)
-- Dependencies: 262
-- Name: proyecto_lineabase_id_seq; Type: SEQUENCE OWNED BY; Schema: public; Owner: admin4
--

ALTER SEQUENCE public.proyecto_lineabase_id_seq OWNED BY public.proyecto_lineabase.id;


--
-- TOC entry 265 (class 1259 OID 71811)
-- Name: proyecto_lineabase_items; Type: TABLE; Schema: public; Owner: admin4
--

CREATE TABLE public.proyecto_lineabase_items (
    id integer NOT NULL,
    lineabase_id integer NOT NULL,
    item_id integer NOT NULL
);


ALTER TABLE public.proyecto_lineabase_items OWNER TO admin4;

--
-- TOC entry 264 (class 1259 OID 71809)
-- Name: proyecto_lineabase_items_id_seq; Type: SEQUENCE; Schema: public; Owner: admin4
--

CREATE SEQUENCE public.proyecto_lineabase_items_id_seq
    AS integer
    START WITH 1
    INCREMENT BY 1
    NO MINVALUE
    NO MAXVALUE
    CACHE 1;


ALTER TABLE public.proyecto_lineabase_items_id_seq OWNER TO admin4;

--
-- TOC entry 3751 (class 0 OID 0)
-- Dependencies: 264
-- Name: proyecto_lineabase_items_id_seq; Type: SEQUENCE OWNED BY; Schema: public; Owner: admin4
--

ALTER SEQUENCE public.proyecto_lineabase_items_id_seq OWNED BY public.proyecto_lineabase_items.id;


--
-- TOC entry 267 (class 1259 OID 71819)
-- Name: proyecto_lineabase_roturaLineaBaseComprometida; Type: TABLE; Schema: public; Owner: admin4
--

CREATE TABLE public."proyecto_lineabase_roturaLineaBaseComprometida" (
    id integer NOT NULL,
    lineabase_id integer NOT NULL,
    roturalineabasecomprometida_id integer NOT NULL
);


ALTER TABLE public."proyecto_lineabase_roturaLineaBaseComprometida" OWNER TO admin4;

--
-- TOC entry 266 (class 1259 OID 71817)
-- Name: proyecto_lineabase_roturaLineaBaseComprometida_id_seq; Type: SEQUENCE; Schema: public; Owner: admin4
--

CREATE SEQUENCE public."proyecto_lineabase_roturaLineaBaseComprometida_id_seq"
    AS integer
    START WITH 1
    INCREMENT BY 1
    NO MINVALUE
    NO MAXVALUE
    CACHE 1;


ALTER TABLE public."proyecto_lineabase_roturaLineaBaseComprometida_id_seq" OWNER TO admin4;

--
-- TOC entry 3752 (class 0 OID 0)
-- Dependencies: 266
-- Name: proyecto_lineabase_roturaLineaBaseComprometida_id_seq; Type: SEQUENCE OWNED BY; Schema: public; Owner: admin4
--

ALTER SEQUENCE public."proyecto_lineabase_roturaLineaBaseComprometida_id_seq" OWNED BY public."proyecto_lineabase_roturaLineaBaseComprometida".id;


--
-- TOC entry 269 (class 1259 OID 71827)
-- Name: proyecto_lineabase_roturaslineasBase; Type: TABLE; Schema: public; Owner: admin4
--

CREATE TABLE public."proyecto_lineabase_roturaslineasBase" (
    id integer NOT NULL,
    lineabase_id integer NOT NULL,
    roturalineabase_id integer NOT NULL
);


ALTER TABLE public."proyecto_lineabase_roturaslineasBase" OWNER TO admin4;

--
-- TOC entry 268 (class 1259 OID 71825)
-- Name: proyecto_lineabase_roturaslineasBase_id_seq; Type: SEQUENCE; Schema: public; Owner: admin4
--

CREATE SEQUENCE public."proyecto_lineabase_roturaslineasBase_id_seq"
    AS integer
    START WITH 1
    INCREMENT BY 1
    NO MINVALUE
    NO MAXVALUE
    CACHE 1;


ALTER TABLE public."proyecto_lineabase_roturaslineasBase_id_seq" OWNER TO admin4;

--
-- TOC entry 3753 (class 0 OID 0)
-- Dependencies: 268
-- Name: proyecto_lineabase_roturaslineasBase_id_seq; Type: SEQUENCE OWNED BY; Schema: public; Owner: admin4
--

ALTER SEQUENCE public."proyecto_lineabase_roturaslineasBase_id_seq" OWNED BY public."proyecto_lineabase_roturaslineasBase".id;


--
-- TOC entry 233 (class 1259 OID 71672)
-- Name: proyecto_proyecto; Type: TABLE; Schema: public; Owner: admin4
--

CREATE TABLE public.proyecto_proyecto (
    id integer NOT NULL,
    nombre character varying(200) NOT NULL,
    descripcion character varying(400) NOT NULL,
    fecha_inicio character varying(200) NOT NULL,
    fecha_fin character varying(200) NOT NULL,
    estado character varying(100),
    creador_id integer,
    gerente_id integer NOT NULL
);


ALTER TABLE public.proyecto_proyecto OWNER TO admin4;

--
-- TOC entry 235 (class 1259 OID 71683)
-- Name: proyecto_proyecto_comite; Type: TABLE; Schema: public; Owner: admin4
--

CREATE TABLE public.proyecto_proyecto_comite (
    id integer NOT NULL,
    proyecto_id integer NOT NULL,
    user_id integer NOT NULL
);


ALTER TABLE public.proyecto_proyecto_comite OWNER TO admin4;

--
-- TOC entry 234 (class 1259 OID 71681)
-- Name: proyecto_proyecto_comite_id_seq; Type: SEQUENCE; Schema: public; Owner: admin4
--

CREATE SEQUENCE public.proyecto_proyecto_comite_id_seq
    AS integer
    START WITH 1
    INCREMENT BY 1
    NO MINVALUE
    NO MAXVALUE
    CACHE 1;


ALTER TABLE public.proyecto_proyecto_comite_id_seq OWNER TO admin4;

--
-- TOC entry 3754 (class 0 OID 0)
-- Dependencies: 234
-- Name: proyecto_proyecto_comite_id_seq; Type: SEQUENCE OWNED BY; Schema: public; Owner: admin4
--

ALTER SEQUENCE public.proyecto_proyecto_comite_id_seq OWNED BY public.proyecto_proyecto_comite.id;


--
-- TOC entry 232 (class 1259 OID 71670)
-- Name: proyecto_proyecto_id_seq; Type: SEQUENCE; Schema: public; Owner: admin4
--

CREATE SEQUENCE public.proyecto_proyecto_id_seq
    AS integer
    START WITH 1
    INCREMENT BY 1
    NO MINVALUE
    NO MAXVALUE
    CACHE 1;


ALTER TABLE public.proyecto_proyecto_id_seq OWNER TO admin4;

--
-- TOC entry 3755 (class 0 OID 0)
-- Dependencies: 232
-- Name: proyecto_proyecto_id_seq; Type: SEQUENCE OWNED BY; Schema: public; Owner: admin4
--

ALTER SEQUENCE public.proyecto_proyecto_id_seq OWNED BY public.proyecto_proyecto.id;


--
-- TOC entry 257 (class 1259 OID 71779)
-- Name: proyecto_proyecto_roles; Type: TABLE; Schema: public; Owner: admin4
--

CREATE TABLE public.proyecto_proyecto_roles (
    id integer NOT NULL,
    proyecto_id integer NOT NULL,
    rol_id integer NOT NULL
);


ALTER TABLE public.proyecto_proyecto_roles OWNER TO admin4;

--
-- TOC entry 256 (class 1259 OID 71777)
-- Name: proyecto_proyecto_roles_id_seq; Type: SEQUENCE; Schema: public; Owner: admin4
--

CREATE SEQUENCE public.proyecto_proyecto_roles_id_seq
    AS integer
    START WITH 1
    INCREMENT BY 1
    NO MINVALUE
    NO MAXVALUE
    CACHE 1;


ALTER TABLE public.proyecto_proyecto_roles_id_seq OWNER TO admin4;

--
-- TOC entry 3756 (class 0 OID 0)
-- Dependencies: 256
-- Name: proyecto_proyecto_roles_id_seq; Type: SEQUENCE OWNED BY; Schema: public; Owner: admin4
--

ALTER SEQUENCE public.proyecto_proyecto_roles_id_seq OWNED BY public.proyecto_proyecto_roles.id;


--
-- TOC entry 259 (class 1259 OID 71787)
-- Name: proyecto_proyecto_tipoItem; Type: TABLE; Schema: public; Owner: admin4
--

CREATE TABLE public."proyecto_proyecto_tipoItem" (
    id integer NOT NULL,
    proyecto_id integer NOT NULL,
    tipodeitem_id integer NOT NULL
);


ALTER TABLE public."proyecto_proyecto_tipoItem" OWNER TO admin4;

--
-- TOC entry 258 (class 1259 OID 71785)
-- Name: proyecto_proyecto_tipoItem_id_seq; Type: SEQUENCE; Schema: public; Owner: admin4
--

CREATE SEQUENCE public."proyecto_proyecto_tipoItem_id_seq"
    AS integer
    START WITH 1
    INCREMENT BY 1
    NO MINVALUE
    NO MAXVALUE
    CACHE 1;


ALTER TABLE public."proyecto_proyecto_tipoItem_id_seq" OWNER TO admin4;

--
-- TOC entry 3757 (class 0 OID 0)
-- Dependencies: 258
-- Name: proyecto_proyecto_tipoItem_id_seq; Type: SEQUENCE OWNED BY; Schema: public; Owner: admin4
--

ALTER SEQUENCE public."proyecto_proyecto_tipoItem_id_seq" OWNED BY public."proyecto_proyecto_tipoItem".id;


--
-- TOC entry 261 (class 1259 OID 71795)
-- Name: proyecto_proyecto_usuarios; Type: TABLE; Schema: public; Owner: admin4
--

CREATE TABLE public.proyecto_proyecto_usuarios (
    id integer NOT NULL,
    proyecto_id integer NOT NULL,
    user_id integer NOT NULL
);


ALTER TABLE public.proyecto_proyecto_usuarios OWNER TO admin4;

--
-- TOC entry 260 (class 1259 OID 71793)
-- Name: proyecto_proyecto_usuarios_id_seq; Type: SEQUENCE; Schema: public; Owner: admin4
--

CREATE SEQUENCE public.proyecto_proyecto_usuarios_id_seq
    AS integer
    START WITH 1
    INCREMENT BY 1
    NO MINVALUE
    NO MAXVALUE
    CACHE 1;


ALTER TABLE public.proyecto_proyecto_usuarios_id_seq OWNER TO admin4;

--
-- TOC entry 3758 (class 0 OID 0)
-- Dependencies: 260
-- Name: proyecto_proyecto_usuarios_id_seq; Type: SEQUENCE OWNED BY; Schema: public; Owner: admin4
--

ALTER SEQUENCE public.proyecto_proyecto_usuarios_id_seq OWNED BY public.proyecto_proyecto_usuarios.id;


--
-- TOC entry 255 (class 1259 OID 71766)
-- Name: proyecto_proyectofase; Type: TABLE; Schema: public; Owner: admin4
--

CREATE TABLE public.proyecto_proyectofase (
    id integer NOT NULL,
    fase_id integer NOT NULL,
    proyecto_id integer NOT NULL
);


ALTER TABLE public.proyecto_proyectofase OWNER TO admin4;

--
-- TOC entry 254 (class 1259 OID 71764)
-- Name: proyecto_proyectofase_id_seq; Type: SEQUENCE; Schema: public; Owner: admin4
--

CREATE SEQUENCE public.proyecto_proyectofase_id_seq
    AS integer
    START WITH 1
    INCREMENT BY 1
    NO MINVALUE
    NO MAXVALUE
    CACHE 1;


ALTER TABLE public.proyecto_proyectofase_id_seq OWNER TO admin4;

--
-- TOC entry 3759 (class 0 OID 0)
-- Dependencies: 254
-- Name: proyecto_proyectofase_id_seq; Type: SEQUENCE OWNED BY; Schema: public; Owner: admin4
--

ALTER SEQUENCE public.proyecto_proyectofase_id_seq OWNED BY public.proyecto_proyectofase.id;


--
-- TOC entry 253 (class 1259 OID 71758)
-- Name: proyecto_relacion; Type: TABLE; Schema: public; Owner: admin4
--

CREATE TABLE public.proyecto_relacion (
    id integer NOT NULL,
    tipo character varying(40) NOT NULL,
    fase_item_to_id integer NOT NULL,
    item_from_id integer NOT NULL,
    item_to_id integer NOT NULL
);


ALTER TABLE public.proyecto_relacion OWNER TO admin4;

--
-- TOC entry 252 (class 1259 OID 71756)
-- Name: proyecto_relacion_id_seq; Type: SEQUENCE; Schema: public; Owner: admin4
--

CREATE SEQUENCE public.proyecto_relacion_id_seq
    AS integer
    START WITH 1
    INCREMENT BY 1
    NO MINVALUE
    NO MAXVALUE
    CACHE 1;


ALTER TABLE public.proyecto_relacion_id_seq OWNER TO admin4;

--
-- TOC entry 3760 (class 0 OID 0)
-- Dependencies: 252
-- Name: proyecto_relacion_id_seq; Type: SEQUENCE OWNED BY; Schema: public; Owner: admin4
--

ALTER SEQUENCE public.proyecto_relacion_id_seq OWNED BY public.proyecto_relacion.id;


--
-- TOC entry 249 (class 1259 OID 71742)
-- Name: proyecto_rol; Type: TABLE; Schema: public; Owner: admin4
--

CREATE TABLE public.proyecto_rol (
    id integer NOT NULL,
    nombre character varying(40) NOT NULL,
    perms_id integer
);


ALTER TABLE public.proyecto_rol OWNER TO admin4;

--
-- TOC entry 251 (class 1259 OID 71750)
-- Name: proyecto_rol_faseUser; Type: TABLE; Schema: public; Owner: admin4
--

CREATE TABLE public."proyecto_rol_faseUser" (
    id integer NOT NULL,
    rol_id integer NOT NULL,
    faseuser_id integer NOT NULL
);


ALTER TABLE public."proyecto_rol_faseUser" OWNER TO admin4;

--
-- TOC entry 250 (class 1259 OID 71748)
-- Name: proyecto_rol_faseUser_id_seq; Type: SEQUENCE; Schema: public; Owner: admin4
--

CREATE SEQUENCE public."proyecto_rol_faseUser_id_seq"
    AS integer
    START WITH 1
    INCREMENT BY 1
    NO MINVALUE
    NO MAXVALUE
    CACHE 1;


ALTER TABLE public."proyecto_rol_faseUser_id_seq" OWNER TO admin4;

--
-- TOC entry 3761 (class 0 OID 0)
-- Dependencies: 250
-- Name: proyecto_rol_faseUser_id_seq; Type: SEQUENCE OWNED BY; Schema: public; Owner: admin4
--

ALTER SEQUENCE public."proyecto_rol_faseUser_id_seq" OWNED BY public."proyecto_rol_faseUser".id;


--
-- TOC entry 248 (class 1259 OID 71740)
-- Name: proyecto_rol_id_seq; Type: SEQUENCE; Schema: public; Owner: admin4
--

CREATE SEQUENCE public.proyecto_rol_id_seq
    AS integer
    START WITH 1
    INCREMENT BY 1
    NO MINVALUE
    NO MAXVALUE
    CACHE 1;


ALTER TABLE public.proyecto_rol_id_seq OWNER TO admin4;

--
-- TOC entry 3762 (class 0 OID 0)
-- Dependencies: 248
-- Name: proyecto_rol_id_seq; Type: SEQUENCE OWNED BY; Schema: public; Owner: admin4
--

ALTER SEQUENCE public.proyecto_rol_id_seq OWNED BY public.proyecto_rol.id;


--
-- TOC entry 243 (class 1259 OID 71718)
-- Name: proyecto_roturalineabase; Type: TABLE; Schema: public; Owner: admin4
--

CREATE TABLE public.proyecto_roturalineabase (
    id integer NOT NULL,
    descripcion_solicitud character varying(200) NOT NULL,
    voto_uno smallint NOT NULL,
    voto_dos smallint NOT NULL,
    voto_tres smallint NOT NULL,
    fecha character varying(40) NOT NULL,
    estado character varying(40) NOT NULL,
    solicitante_id integer
);


ALTER TABLE public.proyecto_roturalineabase OWNER TO admin4;

--
-- TOC entry 242 (class 1259 OID 71716)
-- Name: proyecto_roturalineabase_id_seq; Type: SEQUENCE; Schema: public; Owner: admin4
--

CREATE SEQUENCE public.proyecto_roturalineabase_id_seq
    AS integer
    START WITH 1
    INCREMENT BY 1
    NO MINVALUE
    NO MAXVALUE
    CACHE 1;


ALTER TABLE public.proyecto_roturalineabase_id_seq OWNER TO admin4;

--
-- TOC entry 3763 (class 0 OID 0)
-- Dependencies: 242
-- Name: proyecto_roturalineabase_id_seq; Type: SEQUENCE OWNED BY; Schema: public; Owner: admin4
--

ALTER SEQUENCE public.proyecto_roturalineabase_id_seq OWNED BY public.proyecto_roturalineabase.id;


--
-- TOC entry 245 (class 1259 OID 71726)
-- Name: proyecto_roturalineabase_items_implicados; Type: TABLE; Schema: public; Owner: admin4
--

CREATE TABLE public.proyecto_roturalineabase_items_implicados (
    id integer NOT NULL,
    roturalineabase_id integer NOT NULL,
    item_id integer NOT NULL
);


ALTER TABLE public.proyecto_roturalineabase_items_implicados OWNER TO admin4;

--
-- TOC entry 244 (class 1259 OID 71724)
-- Name: proyecto_roturalineabase_items_implicados_id_seq; Type: SEQUENCE; Schema: public; Owner: admin4
--

CREATE SEQUENCE public.proyecto_roturalineabase_items_implicados_id_seq
    AS integer
    START WITH 1
    INCREMENT BY 1
    NO MINVALUE
    NO MAXVALUE
    CACHE 1;


ALTER TABLE public.proyecto_roturalineabase_items_implicados_id_seq OWNER TO admin4;

--
-- TOC entry 3764 (class 0 OID 0)
-- Dependencies: 244
-- Name: proyecto_roturalineabase_items_implicados_id_seq; Type: SEQUENCE OWNED BY; Schema: public; Owner: admin4
--

ALTER SEQUENCE public.proyecto_roturalineabase_items_implicados_id_seq OWNED BY public.proyecto_roturalineabase_items_implicados.id;


--
-- TOC entry 247 (class 1259 OID 71734)
-- Name: proyecto_roturalineabase_votos_registrados; Type: TABLE; Schema: public; Owner: admin4
--

CREATE TABLE public.proyecto_roturalineabase_votos_registrados (
    id integer NOT NULL,
    roturalineabase_id integer NOT NULL,
    user_id integer NOT NULL
);


ALTER TABLE public.proyecto_roturalineabase_votos_registrados OWNER TO admin4;

--
-- TOC entry 246 (class 1259 OID 71732)
-- Name: proyecto_roturalineabase_votos_registrados_id_seq; Type: SEQUENCE; Schema: public; Owner: admin4
--

CREATE SEQUENCE public.proyecto_roturalineabase_votos_registrados_id_seq
    AS integer
    START WITH 1
    INCREMENT BY 1
    NO MINVALUE
    NO MAXVALUE
    CACHE 1;


ALTER TABLE public.proyecto_roturalineabase_votos_registrados_id_seq OWNER TO admin4;

--
-- TOC entry 3765 (class 0 OID 0)
-- Dependencies: 246
-- Name: proyecto_roturalineabase_votos_registrados_id_seq; Type: SEQUENCE OWNED BY; Schema: public; Owner: admin4
--

ALTER SEQUENCE public.proyecto_roturalineabase_votos_registrados_id_seq OWNED BY public.proyecto_roturalineabase_votos_registrados.id;


--
-- TOC entry 239 (class 1259 OID 71702)
-- Name: proyecto_roturalineabasecomprometida; Type: TABLE; Schema: public; Owner: admin4
--

CREATE TABLE public.proyecto_roturalineabasecomprometida (
    id integer NOT NULL,
    uno_voto_comprometida smallint NOT NULL,
    dos_voto_comprometida smallint NOT NULL,
    tres_voto_comprometida smallint NOT NULL,
    comprometida_estado character varying(40) NOT NULL
);


ALTER TABLE public.proyecto_roturalineabasecomprometida OWNER TO admin4;

--
-- TOC entry 238 (class 1259 OID 71700)
-- Name: proyecto_roturalineabasecomprometida_id_seq; Type: SEQUENCE; Schema: public; Owner: admin4
--

CREATE SEQUENCE public.proyecto_roturalineabasecomprometida_id_seq
    AS integer
    START WITH 1
    INCREMENT BY 1
    NO MINVALUE
    NO MAXVALUE
    CACHE 1;


ALTER TABLE public.proyecto_roturalineabasecomprometida_id_seq OWNER TO admin4;

--
-- TOC entry 3766 (class 0 OID 0)
-- Dependencies: 238
-- Name: proyecto_roturalineabasecomprometida_id_seq; Type: SEQUENCE OWNED BY; Schema: public; Owner: admin4
--

ALTER SEQUENCE public.proyecto_roturalineabasecomprometida_id_seq OWNED BY public.proyecto_roturalineabasecomprometida.id;


--
-- TOC entry 241 (class 1259 OID 71710)
-- Name: proyecto_roturalineabasecomprometida_registrados_votos_comp6f7e; Type: TABLE; Schema: public; Owner: admin4
--

CREATE TABLE public.proyecto_roturalineabasecomprometida_registrados_votos_comp6f7e (
    id integer NOT NULL,
    roturalineabasecomprometida_id integer NOT NULL,
    user_id integer NOT NULL
);


ALTER TABLE public.proyecto_roturalineabasecomprometida_registrados_votos_comp6f7e OWNER TO admin4;

--
-- TOC entry 240 (class 1259 OID 71708)
-- Name: proyecto_roturalineabasecomprometida_registrados_votos_c_id_seq; Type: SEQUENCE; Schema: public; Owner: admin4
--

CREATE SEQUENCE public.proyecto_roturalineabasecomprometida_registrados_votos_c_id_seq
    AS integer
    START WITH 1
    INCREMENT BY 1
    NO MINVALUE
    NO MAXVALUE
    CACHE 1;


ALTER TABLE public.proyecto_roturalineabasecomprometida_registrados_votos_c_id_seq OWNER TO admin4;

--
-- TOC entry 3767 (class 0 OID 0)
-- Dependencies: 240
-- Name: proyecto_roturalineabasecomprometida_registrados_votos_c_id_seq; Type: SEQUENCE OWNED BY; Schema: public; Owner: admin4
--

ALTER SEQUENCE public.proyecto_roturalineabasecomprometida_registrados_votos_c_id_seq OWNED BY public.proyecto_roturalineabasecomprometida_registrados_votos_comp6f7e.id;


--
-- TOC entry 237 (class 1259 OID 71691)
-- Name: proyecto_tipodeitem; Type: TABLE; Schema: public; Owner: admin4
--

CREATE TABLE public.proyecto_tipodeitem (
    id integer NOT NULL,
    "nombreTipo" character varying(40) NOT NULL,
    descripcion character varying(200) NOT NULL,
    campo_extra character varying(40)[] NOT NULL
);


ALTER TABLE public.proyecto_tipodeitem OWNER TO admin4;

--
-- TOC entry 236 (class 1259 OID 71689)
-- Name: proyecto_tipodeitem_id_seq; Type: SEQUENCE; Schema: public; Owner: admin4
--

CREATE SEQUENCE public.proyecto_tipodeitem_id_seq
    AS integer
    START WITH 1
    INCREMENT BY 1
    NO MINVALUE
    NO MAXVALUE
    CACHE 1;


ALTER TABLE public.proyecto_tipodeitem_id_seq OWNER TO admin4;

--
-- TOC entry 3768 (class 0 OID 0)
-- Dependencies: 236
-- Name: proyecto_tipodeitem_id_seq; Type: SEQUENCE OWNED BY; Schema: public; Owner: admin4
--

ALTER SEQUENCE public.proyecto_tipodeitem_id_seq OWNED BY public.proyecto_tipodeitem.id;


--
-- TOC entry 281 (class 1259 OID 72157)
-- Name: reversion_revision; Type: TABLE; Schema: public; Owner: admin4
--

CREATE TABLE public.reversion_revision (
    id integer NOT NULL,
    date_created timestamp with time zone NOT NULL,
    comment text NOT NULL,
    user_id integer
);


ALTER TABLE public.reversion_revision OWNER TO admin4;

--
-- TOC entry 280 (class 1259 OID 72155)
-- Name: reversion_revision_id_seq; Type: SEQUENCE; Schema: public; Owner: admin4
--

CREATE SEQUENCE public.reversion_revision_id_seq
    AS integer
    START WITH 1
    INCREMENT BY 1
    NO MINVALUE
    NO MAXVALUE
    CACHE 1;


ALTER TABLE public.reversion_revision_id_seq OWNER TO admin4;

--
-- TOC entry 3769 (class 0 OID 0)
-- Dependencies: 280
-- Name: reversion_revision_id_seq; Type: SEQUENCE OWNED BY; Schema: public; Owner: admin4
--

ALTER SEQUENCE public.reversion_revision_id_seq OWNED BY public.reversion_revision.id;


--
-- TOC entry 283 (class 1259 OID 72168)
-- Name: reversion_version; Type: TABLE; Schema: public; Owner: admin4
--

CREATE TABLE public.reversion_version (
    id integer NOT NULL,
    object_id character varying(191) NOT NULL,
    format character varying(255) NOT NULL,
    serialized_data text NOT NULL,
    object_repr text NOT NULL,
    content_type_id integer NOT NULL,
    revision_id integer NOT NULL,
    db character varying(191) NOT NULL
);


ALTER TABLE public.reversion_version OWNER TO admin4;

--
-- TOC entry 282 (class 1259 OID 72166)
-- Name: reversion_version_id_seq; Type: SEQUENCE; Schema: public; Owner: admin4
--

CREATE SEQUENCE public.reversion_version_id_seq
    AS integer
    START WITH 1
    INCREMENT BY 1
    NO MINVALUE
    NO MAXVALUE
    CACHE 1;


ALTER TABLE public.reversion_version_id_seq OWNER TO admin4;

--
-- TOC entry 3770 (class 0 OID 0)
-- Dependencies: 282
-- Name: reversion_version_id_seq; Type: SEQUENCE OWNED BY; Schema: public; Owner: admin4
--

ALTER SEQUENCE public.reversion_version_id_seq OWNED BY public.reversion_version.id;


--
-- TOC entry 288 (class 1259 OID 72221)
-- Name: socialaccount_socialaccount; Type: TABLE; Schema: public; Owner: admin4
--

CREATE TABLE public.socialaccount_socialaccount (
    id integer NOT NULL,
    provider character varying(30) NOT NULL,
    uid character varying(191) NOT NULL,
    last_login timestamp with time zone NOT NULL,
    date_joined timestamp with time zone NOT NULL,
    extra_data text NOT NULL,
    user_id integer NOT NULL
);


ALTER TABLE public.socialaccount_socialaccount OWNER TO admin4;

--
-- TOC entry 287 (class 1259 OID 72219)
-- Name: socialaccount_socialaccount_id_seq; Type: SEQUENCE; Schema: public; Owner: admin4
--

CREATE SEQUENCE public.socialaccount_socialaccount_id_seq
    AS integer
    START WITH 1
    INCREMENT BY 1
    NO MINVALUE
    NO MAXVALUE
    CACHE 1;


ALTER TABLE public.socialaccount_socialaccount_id_seq OWNER TO admin4;

--
-- TOC entry 3771 (class 0 OID 0)
-- Dependencies: 287
-- Name: socialaccount_socialaccount_id_seq; Type: SEQUENCE OWNED BY; Schema: public; Owner: admin4
--

ALTER SEQUENCE public.socialaccount_socialaccount_id_seq OWNED BY public.socialaccount_socialaccount.id;


--
-- TOC entry 290 (class 1259 OID 72232)
-- Name: socialaccount_socialapp; Type: TABLE; Schema: public; Owner: admin4
--

CREATE TABLE public.socialaccount_socialapp (
    id integer NOT NULL,
    provider character varying(30) NOT NULL,
    name character varying(40) NOT NULL,
    client_id character varying(191) NOT NULL,
    secret character varying(191) NOT NULL,
    key character varying(191) NOT NULL
);


ALTER TABLE public.socialaccount_socialapp OWNER TO admin4;

--
-- TOC entry 289 (class 1259 OID 72230)
-- Name: socialaccount_socialapp_id_seq; Type: SEQUENCE; Schema: public; Owner: admin4
--

CREATE SEQUENCE public.socialaccount_socialapp_id_seq
    AS integer
    START WITH 1
    INCREMENT BY 1
    NO MINVALUE
    NO MAXVALUE
    CACHE 1;


ALTER TABLE public.socialaccount_socialapp_id_seq OWNER TO admin4;

--
-- TOC entry 3772 (class 0 OID 0)
-- Dependencies: 289
-- Name: socialaccount_socialapp_id_seq; Type: SEQUENCE OWNED BY; Schema: public; Owner: admin4
--

ALTER SEQUENCE public.socialaccount_socialapp_id_seq OWNED BY public.socialaccount_socialapp.id;


--
-- TOC entry 292 (class 1259 OID 72240)
-- Name: socialaccount_socialapp_sites; Type: TABLE; Schema: public; Owner: admin4
--

CREATE TABLE public.socialaccount_socialapp_sites (
    id integer NOT NULL,
    socialapp_id integer NOT NULL,
    site_id integer NOT NULL
);


ALTER TABLE public.socialaccount_socialapp_sites OWNER TO admin4;

--
-- TOC entry 291 (class 1259 OID 72238)
-- Name: socialaccount_socialapp_sites_id_seq; Type: SEQUENCE; Schema: public; Owner: admin4
--

CREATE SEQUENCE public.socialaccount_socialapp_sites_id_seq
    AS integer
    START WITH 1
    INCREMENT BY 1
    NO MINVALUE
    NO MAXVALUE
    CACHE 1;


ALTER TABLE public.socialaccount_socialapp_sites_id_seq OWNER TO admin4;

--
-- TOC entry 3773 (class 0 OID 0)
-- Dependencies: 291
-- Name: socialaccount_socialapp_sites_id_seq; Type: SEQUENCE OWNED BY; Schema: public; Owner: admin4
--

ALTER SEQUENCE public.socialaccount_socialapp_sites_id_seq OWNED BY public.socialaccount_socialapp_sites.id;


--
-- TOC entry 294 (class 1259 OID 72248)
-- Name: socialaccount_socialtoken; Type: TABLE; Schema: public; Owner: admin4
--

CREATE TABLE public.socialaccount_socialtoken (
    id integer NOT NULL,
    token text NOT NULL,
    token_secret text NOT NULL,
    expires_at timestamp with time zone,
    account_id integer NOT NULL,
    app_id integer NOT NULL
);


ALTER TABLE public.socialaccount_socialtoken OWNER TO admin4;

--
-- TOC entry 293 (class 1259 OID 72246)
-- Name: socialaccount_socialtoken_id_seq; Type: SEQUENCE; Schema: public; Owner: admin4
--

CREATE SEQUENCE public.socialaccount_socialtoken_id_seq
    AS integer
    START WITH 1
    INCREMENT BY 1
    NO MINVALUE
    NO MAXVALUE
    CACHE 1;


ALTER TABLE public.socialaccount_socialtoken_id_seq OWNER TO admin4;

--
-- TOC entry 3774 (class 0 OID 0)
-- Dependencies: 293
-- Name: socialaccount_socialtoken_id_seq; Type: SEQUENCE OWNED BY; Schema: public; Owner: admin4
--

ALTER SEQUENCE public.socialaccount_socialtoken_id_seq OWNED BY public.socialaccount_socialtoken.id;


--
-- TOC entry 3153 (class 2604 OID 71504)
-- Name: account_emailaddress id; Type: DEFAULT; Schema: public; Owner: admin4
--

ALTER TABLE ONLY public.account_emailaddress ALTER COLUMN id SET DEFAULT nextval('public.account_emailaddress_id_seq'::regclass);


--
-- TOC entry 3154 (class 2604 OID 71514)
-- Name: account_emailconfirmation id; Type: DEFAULT; Schema: public; Owner: admin4
--

ALTER TABLE ONLY public.account_emailconfirmation ALTER COLUMN id SET DEFAULT nextval('public.account_emailconfirmation_id_seq'::regclass);


--
-- TOC entry 3148 (class 2604 OID 71408)
-- Name: auth_group id; Type: DEFAULT; Schema: public; Owner: admin4
--

ALTER TABLE ONLY public.auth_group ALTER COLUMN id SET DEFAULT nextval('public.auth_group_id_seq'::regclass);


--
-- TOC entry 3149 (class 2604 OID 71418)
-- Name: auth_group_permissions id; Type: DEFAULT; Schema: public; Owner: admin4
--

ALTER TABLE ONLY public.auth_group_permissions ALTER COLUMN id SET DEFAULT nextval('public.auth_group_permissions_id_seq'::regclass);


--
-- TOC entry 3147 (class 2604 OID 71400)
-- Name: auth_permission id; Type: DEFAULT; Schema: public; Owner: admin4
--

ALTER TABLE ONLY public.auth_permission ALTER COLUMN id SET DEFAULT nextval('public.auth_permission_id_seq'::regclass);


--
-- TOC entry 3150 (class 2604 OID 71426)
-- Name: auth_user id; Type: DEFAULT; Schema: public; Owner: admin4
--

ALTER TABLE ONLY public.auth_user ALTER COLUMN id SET DEFAULT nextval('public.auth_user_id_seq'::regclass);


--
-- TOC entry 3151 (class 2604 OID 71436)
-- Name: auth_user_groups id; Type: DEFAULT; Schema: public; Owner: admin4
--

ALTER TABLE ONLY public.auth_user_groups ALTER COLUMN id SET DEFAULT nextval('public.auth_user_groups_id_seq'::regclass);


--
-- TOC entry 3152 (class 2604 OID 71444)
-- Name: auth_user_user_permissions id; Type: DEFAULT; Schema: public; Owner: admin4
--

ALTER TABLE ONLY public.auth_user_user_permissions ALTER COLUMN id SET DEFAULT nextval('public.auth_user_user_permissions_id_seq'::regclass);


--
-- TOC entry 3155 (class 2604 OID 71541)
-- Name: django_admin_log id; Type: DEFAULT; Schema: public; Owner: admin4
--

ALTER TABLE ONLY public.django_admin_log ALTER COLUMN id SET DEFAULT nextval('public.django_admin_log_id_seq'::regclass);


--
-- TOC entry 3146 (class 2604 OID 71390)
-- Name: django_content_type id; Type: DEFAULT; Schema: public; Owner: admin4
--

ALTER TABLE ONLY public.django_content_type ALTER COLUMN id SET DEFAULT nextval('public.django_content_type_id_seq'::regclass);


--
-- TOC entry 3145 (class 2604 OID 71379)
-- Name: django_migrations id; Type: DEFAULT; Schema: public; Owner: admin4
--

ALTER TABLE ONLY public.django_migrations ALTER COLUMN id SET DEFAULT nextval('public.django_migrations_id_seq'::regclass);


--
-- TOC entry 3190 (class 2604 OID 72213)
-- Name: django_site id; Type: DEFAULT; Schema: public; Owner: admin4
--

ALTER TABLE ONLY public.django_site ALTER COLUMN id SET DEFAULT nextval('public.django_site_id_seq'::regclass);


--
-- TOC entry 3157 (class 2604 OID 71574)
-- Name: guardian_groupobjectpermission id; Type: DEFAULT; Schema: public; Owner: admin4
--

ALTER TABLE ONLY public.guardian_groupobjectpermission ALTER COLUMN id SET DEFAULT nextval('public.guardian_groupobjectpermission_id_seq'::regclass);


--
-- TOC entry 3158 (class 2604 OID 71582)
-- Name: guardian_userobjectpermission id; Type: DEFAULT; Schema: public; Owner: admin4
--

ALTER TABLE ONLY public.guardian_userobjectpermission ALTER COLUMN id SET DEFAULT nextval('public.guardian_userobjectpermission_id_seq'::regclass);


--
-- TOC entry 3159 (class 2604 OID 71632)
-- Name: perms_permisos id; Type: DEFAULT; Schema: public; Owner: admin4
--

ALTER TABLE ONLY public.perms_permisos ALTER COLUMN id SET DEFAULT nextval('public.perms_permisos_id_seq'::regclass);


--
-- TOC entry 3160 (class 2604 OID 71640)
-- Name: proyecto_campoextra id; Type: DEFAULT; Schema: public; Owner: admin4
--

ALTER TABLE ONLY public.proyecto_campoextra ALTER COLUMN id SET DEFAULT nextval('public.proyecto_campoextra_id_seq'::regclass);


--
-- TOC entry 3187 (class 2604 OID 71875)
-- Name: proyecto_campoextravalores id; Type: DEFAULT; Schema: public; Owner: admin4
--

ALTER TABLE ONLY public.proyecto_campoextravalores ALTER COLUMN id SET DEFAULT nextval('public.proyecto_campoextravalores_id_seq'::regclass);


--
-- TOC entry 3161 (class 2604 OID 71648)
-- Name: proyecto_fase id; Type: DEFAULT; Schema: public; Owner: admin4
--

ALTER TABLE ONLY public.proyecto_fase ALTER COLUMN id SET DEFAULT nextval('public.proyecto_fase_id_seq'::regclass);


--
-- TOC entry 3184 (class 2604 OID 71851)
-- Name: proyecto_fase_items id; Type: DEFAULT; Schema: public; Owner: admin4
--

ALTER TABLE ONLY public.proyecto_fase_items ALTER COLUMN id SET DEFAULT nextval('public.proyecto_fase_items_id_seq'::regclass);


--
-- TOC entry 3185 (class 2604 OID 71859)
-- Name: proyecto_fase_lineasBase id; Type: DEFAULT; Schema: public; Owner: admin4
--

ALTER TABLE ONLY public."proyecto_fase_lineasBase" ALTER COLUMN id SET DEFAULT nextval('public."proyecto_fase_lineasBase_id_seq"'::regclass);


--
-- TOC entry 3186 (class 2604 OID 71867)
-- Name: proyecto_fase_tipoItem id; Type: DEFAULT; Schema: public; Owner: admin4
--

ALTER TABLE ONLY public."proyecto_fase_tipoItem" ALTER COLUMN id SET DEFAULT nextval('public."proyecto_fase_tipoItem_id_seq"'::regclass);


--
-- TOC entry 3162 (class 2604 OID 71656)
-- Name: proyecto_faseuser id; Type: DEFAULT; Schema: public; Owner: admin4
--

ALTER TABLE ONLY public.proyecto_faseuser ALTER COLUMN id SET DEFAULT nextval('public.proyecto_faseuser_id_seq'::regclass);


--
-- TOC entry 3183 (class 2604 OID 71843)
-- Name: proyecto_files id; Type: DEFAULT; Schema: public; Owner: admin4
--

ALTER TABLE ONLY public.proyecto_files ALTER COLUMN id SET DEFAULT nextval('public.proyecto_files_id_seq'::regclass);


--
-- TOC entry 3163 (class 2604 OID 71664)
-- Name: proyecto_item id; Type: DEFAULT; Schema: public; Owner: admin4
--

ALTER TABLE ONLY public.proyecto_item ALTER COLUMN id SET DEFAULT nextval('public.proyecto_item_id_seq'::regclass);


--
-- TOC entry 3179 (class 2604 OID 71806)
-- Name: proyecto_lineabase id; Type: DEFAULT; Schema: public; Owner: admin4
--

ALTER TABLE ONLY public.proyecto_lineabase ALTER COLUMN id SET DEFAULT nextval('public.proyecto_lineabase_id_seq'::regclass);


--
-- TOC entry 3180 (class 2604 OID 71814)
-- Name: proyecto_lineabase_items id; Type: DEFAULT; Schema: public; Owner: admin4
--

ALTER TABLE ONLY public.proyecto_lineabase_items ALTER COLUMN id SET DEFAULT nextval('public.proyecto_lineabase_items_id_seq'::regclass);


--
-- TOC entry 3181 (class 2604 OID 71822)
-- Name: proyecto_lineabase_roturaLineaBaseComprometida id; Type: DEFAULT; Schema: public; Owner: admin4
--

ALTER TABLE ONLY public."proyecto_lineabase_roturaLineaBaseComprometida" ALTER COLUMN id SET DEFAULT nextval('public."proyecto_lineabase_roturaLineaBaseComprometida_id_seq"'::regclass);


--
-- TOC entry 3182 (class 2604 OID 71830)
-- Name: proyecto_lineabase_roturaslineasBase id; Type: DEFAULT; Schema: public; Owner: admin4
--

ALTER TABLE ONLY public."proyecto_lineabase_roturaslineasBase" ALTER COLUMN id SET DEFAULT nextval('public."proyecto_lineabase_roturaslineasBase_id_seq"'::regclass);


--
-- TOC entry 3164 (class 2604 OID 71675)
-- Name: proyecto_proyecto id; Type: DEFAULT; Schema: public; Owner: admin4
--

ALTER TABLE ONLY public.proyecto_proyecto ALTER COLUMN id SET DEFAULT nextval('public.proyecto_proyecto_id_seq'::regclass);


--
-- TOC entry 3165 (class 2604 OID 71686)
-- Name: proyecto_proyecto_comite id; Type: DEFAULT; Schema: public; Owner: admin4
--

ALTER TABLE ONLY public.proyecto_proyecto_comite ALTER COLUMN id SET DEFAULT nextval('public.proyecto_proyecto_comite_id_seq'::regclass);


--
-- TOC entry 3176 (class 2604 OID 71782)
-- Name: proyecto_proyecto_roles id; Type: DEFAULT; Schema: public; Owner: admin4
--

ALTER TABLE ONLY public.proyecto_proyecto_roles ALTER COLUMN id SET DEFAULT nextval('public.proyecto_proyecto_roles_id_seq'::regclass);


--
-- TOC entry 3177 (class 2604 OID 71790)
-- Name: proyecto_proyecto_tipoItem id; Type: DEFAULT; Schema: public; Owner: admin4
--

ALTER TABLE ONLY public."proyecto_proyecto_tipoItem" ALTER COLUMN id SET DEFAULT nextval('public."proyecto_proyecto_tipoItem_id_seq"'::regclass);


--
-- TOC entry 3178 (class 2604 OID 71798)
-- Name: proyecto_proyecto_usuarios id; Type: DEFAULT; Schema: public; Owner: admin4
--

ALTER TABLE ONLY public.proyecto_proyecto_usuarios ALTER COLUMN id SET DEFAULT nextval('public.proyecto_proyecto_usuarios_id_seq'::regclass);


--
-- TOC entry 3175 (class 2604 OID 71769)
-- Name: proyecto_proyectofase id; Type: DEFAULT; Schema: public; Owner: admin4
--

ALTER TABLE ONLY public.proyecto_proyectofase ALTER COLUMN id SET DEFAULT nextval('public.proyecto_proyectofase_id_seq'::regclass);


--
-- TOC entry 3174 (class 2604 OID 71761)
-- Name: proyecto_relacion id; Type: DEFAULT; Schema: public; Owner: admin4
--

ALTER TABLE ONLY public.proyecto_relacion ALTER COLUMN id SET DEFAULT nextval('public.proyecto_relacion_id_seq'::regclass);


--
-- TOC entry 3172 (class 2604 OID 71745)
-- Name: proyecto_rol id; Type: DEFAULT; Schema: public; Owner: admin4
--

ALTER TABLE ONLY public.proyecto_rol ALTER COLUMN id SET DEFAULT nextval('public.proyecto_rol_id_seq'::regclass);


--
-- TOC entry 3173 (class 2604 OID 71753)
-- Name: proyecto_rol_faseUser id; Type: DEFAULT; Schema: public; Owner: admin4
--

ALTER TABLE ONLY public."proyecto_rol_faseUser" ALTER COLUMN id SET DEFAULT nextval('public."proyecto_rol_faseUser_id_seq"'::regclass);


--
-- TOC entry 3169 (class 2604 OID 71721)
-- Name: proyecto_roturalineabase id; Type: DEFAULT; Schema: public; Owner: admin4
--

ALTER TABLE ONLY public.proyecto_roturalineabase ALTER COLUMN id SET DEFAULT nextval('public.proyecto_roturalineabase_id_seq'::regclass);


--
-- TOC entry 3170 (class 2604 OID 71729)
-- Name: proyecto_roturalineabase_items_implicados id; Type: DEFAULT; Schema: public; Owner: admin4
--

ALTER TABLE ONLY public.proyecto_roturalineabase_items_implicados ALTER COLUMN id SET DEFAULT nextval('public.proyecto_roturalineabase_items_implicados_id_seq'::regclass);


--
-- TOC entry 3171 (class 2604 OID 71737)
-- Name: proyecto_roturalineabase_votos_registrados id; Type: DEFAULT; Schema: public; Owner: admin4
--

ALTER TABLE ONLY public.proyecto_roturalineabase_votos_registrados ALTER COLUMN id SET DEFAULT nextval('public.proyecto_roturalineabase_votos_registrados_id_seq'::regclass);


--
-- TOC entry 3167 (class 2604 OID 71705)
-- Name: proyecto_roturalineabasecomprometida id; Type: DEFAULT; Schema: public; Owner: admin4
--

ALTER TABLE ONLY public.proyecto_roturalineabasecomprometida ALTER COLUMN id SET DEFAULT nextval('public.proyecto_roturalineabasecomprometida_id_seq'::regclass);


--
-- TOC entry 3168 (class 2604 OID 71713)
-- Name: proyecto_roturalineabasecomprometida_registrados_votos_comp6f7e id; Type: DEFAULT; Schema: public; Owner: admin4
--

ALTER TABLE ONLY public.proyecto_roturalineabasecomprometida_registrados_votos_comp6f7e ALTER COLUMN id SET DEFAULT nextval('public.proyecto_roturalineabasecomprometida_registrados_votos_c_id_seq'::regclass);


--
-- TOC entry 3166 (class 2604 OID 71694)
-- Name: proyecto_tipodeitem id; Type: DEFAULT; Schema: public; Owner: admin4
--

ALTER TABLE ONLY public.proyecto_tipodeitem ALTER COLUMN id SET DEFAULT nextval('public.proyecto_tipodeitem_id_seq'::regclass);


--
-- TOC entry 3188 (class 2604 OID 72160)
-- Name: reversion_revision id; Type: DEFAULT; Schema: public; Owner: admin4
--

ALTER TABLE ONLY public.reversion_revision ALTER COLUMN id SET DEFAULT nextval('public.reversion_revision_id_seq'::regclass);


--
-- TOC entry 3189 (class 2604 OID 72171)
-- Name: reversion_version id; Type: DEFAULT; Schema: public; Owner: admin4
--

ALTER TABLE ONLY public.reversion_version ALTER COLUMN id SET DEFAULT nextval('public.reversion_version_id_seq'::regclass);


--
-- TOC entry 3191 (class 2604 OID 72224)
-- Name: socialaccount_socialaccount id; Type: DEFAULT; Schema: public; Owner: admin4
--

ALTER TABLE ONLY public.socialaccount_socialaccount ALTER COLUMN id SET DEFAULT nextval('public.socialaccount_socialaccount_id_seq'::regclass);


--
-- TOC entry 3192 (class 2604 OID 72235)
-- Name: socialaccount_socialapp id; Type: DEFAULT; Schema: public; Owner: admin4
--

ALTER TABLE ONLY public.socialaccount_socialapp ALTER COLUMN id SET DEFAULT nextval('public.socialaccount_socialapp_id_seq'::regclass);


--
-- TOC entry 3193 (class 2604 OID 72243)
-- Name: socialaccount_socialapp_sites id; Type: DEFAULT; Schema: public; Owner: admin4
--

ALTER TABLE ONLY public.socialaccount_socialapp_sites ALTER COLUMN id SET DEFAULT nextval('public.socialaccount_socialapp_sites_id_seq'::regclass);


--
-- TOC entry 3194 (class 2604 OID 72251)
-- Name: socialaccount_socialtoken id; Type: DEFAULT; Schema: public; Owner: admin4
--

ALTER TABLE ONLY public.socialaccount_socialtoken ALTER COLUMN id SET DEFAULT nextval('public.socialaccount_socialtoken_id_seq'::regclass);


--
-- TOC entry 3639 (class 0 OID 71501)
-- Dependencies: 213
-- Data for Name: account_emailaddress; Type: TABLE DATA; Schema: public; Owner: admin4
--

COPY public.account_emailaddress (id, email, verified, "primary", user_id) FROM stdin;
2	pcdruizdiaz@fpuna.edu.py	t	t	4
12	mariajo.gimenez98@gmail.com	t	t	14
13	josefinasalinas863@gmail.com	t	t	15
14	salinasestef087@gmail.com	t	t	16
15	nombre.2020.10.apellido@gmail.com	t	t	17
16	luca20costa20@gmail.com	t	t	18
17	lucililopez90@gmail.com	t	t	19
18	gojara982@gmail.com	t	t	20
\.


--
-- TOC entry 3641 (class 0 OID 71511)
-- Dependencies: 215
-- Data for Name: account_emailconfirmation; Type: TABLE DATA; Schema: public; Owner: admin4
--

COPY public.account_emailconfirmation (id, created, sent, key, email_address_id) FROM stdin;
\.


--
-- TOC entry 3629 (class 0 OID 71405)
-- Dependencies: 203
-- Data for Name: auth_group; Type: TABLE DATA; Schema: public; Owner: admin4
--

COPY public.auth_group (id, name) FROM stdin;
17	Desarrollador
18	LBasero
19	QA
20	Desarrollador1
21	QA1
22	LBasero1
23	Desarrollador2
24	QA2
25	LBasero2
26	Desarrollador3
27	QA3
28	LBasero3
\.


--
-- TOC entry 3631 (class 0 OID 71415)
-- Dependencies: 205
-- Data for Name: auth_group_permissions; Type: TABLE DATA; Schema: public; Owner: admin4
--

COPY public.auth_group_permissions (id, group_id, permission_id) FROM stdin;
89	17	72
90	17	70
91	17	83
92	17	73
93	17	75
94	17	77
95	17	78
96	17	82
97	17	85
98	17	80
99	18	72
100	18	86
101	18	88
102	18	87
103	18	90
104	19	72
105	19	71
106	19	91
107	19	83
108	19	75
109	19	84
110	19	74
111	19	82
112	19	85
113	19	81
114	19	80
115	20	72
116	20	70
117	20	83
118	20	73
119	20	75
120	20	77
121	20	78
122	20	82
123	20	85
124	20	80
125	21	72
126	21	71
127	21	91
128	21	83
129	21	75
130	21	84
131	21	74
132	21	82
133	21	85
134	21	81
135	21	80
136	22	72
137	22	86
138	22	88
139	22	87
140	22	90
141	23	72
142	23	70
143	23	83
144	23	73
145	23	75
146	23	77
147	23	78
148	23	82
149	23	85
150	23	80
151	24	72
152	24	71
153	24	91
154	24	83
155	24	75
156	24	84
157	24	74
158	24	82
159	24	85
160	24	81
161	24	80
162	25	72
163	25	86
164	25	88
165	25	87
166	25	90
167	26	72
168	26	70
169	26	83
170	26	73
171	26	75
172	26	77
173	26	78
174	26	82
175	26	85
176	26	80
177	27	72
178	27	71
179	27	91
180	27	83
181	27	75
182	27	84
183	27	74
184	27	82
185	27	85
186	27	81
187	27	80
188	28	72
189	28	86
190	28	88
191	28	87
192	28	90
\.


--
-- TOC entry 3627 (class 0 OID 71397)
-- Dependencies: 201
-- Data for Name: auth_permission; Type: TABLE DATA; Schema: public; Owner: admin4
--

COPY public.auth_permission (id, name, content_type_id, codename) FROM stdin;
1	Can add log entry	1	add_logentry
2	Can change log entry	1	change_logentry
3	Can delete log entry	1	delete_logentry
4	Can view log entry	1	view_logentry
5	Can add permission	2	add_permission
6	Can change permission	2	change_permission
7	Can delete permission	2	delete_permission
8	Can view permission	2	view_permission
9	Can add group	3	add_group
10	Can change group	3	change_group
11	Can delete group	3	delete_group
12	Can view group	3	view_group
13	Can add user	4	add_user
14	Can change user	4	change_user
15	Can delete user	4	delete_user
16	Can view user	4	view_user
17	Can add content type	5	add_contenttype
18	Can change content type	5	change_contenttype
19	Can delete content type	5	delete_contenttype
20	Can view content type	5	view_contenttype
21	Can add session	6	add_session
22	Can change session	6	change_session
23	Can delete session	6	delete_session
24	Can view session	6	view_session
25	Can add site	7	add_site
26	Can change site	7	change_site
27	Can delete site	7	delete_site
28	Can view site	7	view_site
29	Can add email address	8	add_emailaddress
30	Can change email address	8	change_emailaddress
31	Can delete email address	8	delete_emailaddress
32	Can view email address	8	view_emailaddress
33	Can add email confirmation	9	add_emailconfirmation
34	Can change email confirmation	9	change_emailconfirmation
35	Can delete email confirmation	9	delete_emailconfirmation
36	Can view email confirmation	9	view_emailconfirmation
37	Can add social account	10	add_socialaccount
38	Can change social account	10	change_socialaccount
39	Can delete social account	10	delete_socialaccount
40	Can view social account	10	view_socialaccount
41	Can add social application	11	add_socialapp
42	Can change social application	11	change_socialapp
43	Can delete social application	11	delete_socialapp
44	Can view social application	11	view_socialapp
45	Can add social application token	12	add_socialtoken
46	Can change social application token	12	change_socialtoken
47	Can delete social application token	12	delete_socialtoken
48	Can view social application token	12	view_socialtoken
49	Can add group object permission	13	add_groupobjectpermission
50	Can change group object permission	13	change_groupobjectpermission
51	Can delete group object permission	13	delete_groupobjectpermission
52	Can view group object permission	13	view_groupobjectpermission
53	Can add user object permission	14	add_userobjectpermission
54	Can change user object permission	14	change_userobjectpermission
55	Can delete user object permission	14	delete_userobjectpermission
56	Can view user object permission	14	view_userobjectpermission
57	Can add permisos	15	add_permisos
58	Can change permisos	15	change_permisos
59	Can delete permisos	15	delete_permisos
60	Can view permisos	15	view_permisos
61	Can view menu	15	view_menu
62	Can assign perms	15	assign_perms
63	Can unable user	15	unable_user
64	Van view report	15	view_report
65	Can add campo extra	16	add_campoextra
66	Can change campo extra	16	change_campoextra
67	Can delete campo extra	16	delete_campoextra
68	Can view campo extra	16	view_campoextra
69	Can add fase	17	add_fase
70	Can change fase	17	change_fase
71	Can delete fase	17	delete_fase
72	Can view fase	17	view_fase
73	Can create item	17	create_item
74	Can aprove item	17	aprove_item
75	Can modify item	17	modify_item
76	Can unable item	17	unable_item
77	Reversionar item	17	reversionar_item
78	Relacionar item	17	relacionar_item
79	Can change item	17	change_item
80	Establecer tem como pendiente de aprobacin.	17	establecer_itemPendienteAprob
81	Establecer tem como en desarrollo.	17	establecer_itemDesarrollo
82	Obtener trazabilidad de tem.	17	obtener_trazabilidadItem
83	Visualizar tem.	17	ver_item
84	Deshabilitar Item	17	deshabilitar_item
85	Obtener clculo de impacto de tem.	17	obtener_calculoImpacto
86	Crear Lnea Base.	17	create_lineaBase
87	Modificar Linea Base.	17	modify_lineaBase
88	Ver Lnea Base.	17	ver_lineaBase
89	Romper Lnea Base.	17	break_lineaBase
90	Solicitar rotura de lnea base.	17	solicitar_roturaLineaBase
91	cerrar fase	17	cerrar_fase
92	Can add fase user	18	add_faseuser
93	Can change fase user	18	change_faseuser
94	Can delete fase user	18	delete_faseuser
95	Can view fase user	18	view_faseuser
96	Can add item	19	add_item
97	Can change item	19	change_item
98	Can delete item	19	delete_item
99	Can view item	19	view_item
100	Can add Proyecto	20	add_proyecto
101	Can change Proyecto	20	change_proyecto
102	Can delete Proyecto	20	delete_proyecto
103	Can view Proyecto	20	view_proyecto
104	Can do anything in project	20	is_gerente
105	Can inicialize proyecto	20	inicialize_proyecto
106	Can cancel proyecto	20	cancel_proyecto
107	Crear tipo de item	20	create_tipoItem
108	Importar tipo de item	20	import_tipoItem
109	Visualizar tipo de tem.	20	view_tipoItem
110	Modificar tipo de item	20	change_tipoItem
111	Eliminar tipo de item	20	delete_tipoItem
112	Can add miembros	20	add_miembros
113	Can delete miembros	20	delete_miembros
114	Can view miembros	20	view_miembros
115	Can create rol	20	create_rol
116	Can change rol	20	change_rol
117	Can delete rol	20	delete_rol
118	Can view rol	20	view_rol
119	Can assign rol	20	assign_rol
120	Can remove rol	20	remove_rol
121	Can create comite	20	create_comite
122	Can change comite	20	change_comite
123	Can view_comite comite	20	view_comite
124	Romper Lnea Base.	20	aprobar_rotura_lineaBase
125	Can add tipode item	21	add_tipodeitem
126	Can change tipode item	21	change_tipodeitem
127	Can delete tipode item	21	delete_tipodeitem
128	Can view tipode item	21	view_tipodeitem
129	Can add rotura linea base comprometida	22	add_roturalineabasecomprometida
130	Can change rotura linea base comprometida	22	change_roturalineabasecomprometida
131	Can delete rotura linea base comprometida	22	delete_roturalineabasecomprometida
132	Can view rotura linea base comprometida	22	view_roturalineabasecomprometida
133	Can add rotura linea base	23	add_roturalineabase
134	Can change rotura linea base	23	change_roturalineabase
135	Can delete rotura linea base	23	delete_roturalineabase
136	Can view rotura linea base	23	view_roturalineabase
137	Can add rol	24	add_rol
138	Can change rol	24	change_rol
139	Can delete rol	24	delete_rol
140	Can view rol	24	view_rol
141	Can add relacion	25	add_relacion
142	Can change relacion	25	change_relacion
143	Can delete relacion	25	delete_relacion
144	Can view relacion	25	view_relacion
145	Can add proyecto fase	26	add_proyectofase
146	Can change proyecto fase	26	change_proyectofase
147	Can delete proyecto fase	26	delete_proyectofase
148	Can view proyecto fase	26	view_proyectofase
149	Can add linea base	27	add_lineabase
150	Can change linea base	27	change_lineabase
151	Can delete linea base	27	delete_lineabase
152	Can view linea base	27	view_lineabase
153	Can add files	28	add_files
154	Can change files	28	change_files
155	Can delete files	28	delete_files
156	Can view files	28	view_files
157	Can add campo extra valores	29	add_campoextravalores
158	Can change campo extra valores	29	change_campoextravalores
159	Can delete campo extra valores	29	delete_campoextravalores
160	Can view campo extra valores	29	view_campoextravalores
161	Can add revision	30	add_revision
162	Can change revision	30	change_revision
163	Can delete revision	30	delete_revision
164	Can view revision	30	view_revision
165	Can add version	31	add_version
166	Can change version	31	change_version
167	Can delete version	31	delete_version
168	Can view version	31	view_version
169	Romper Lnea Base.	20	break_lineaBase
\.


--
-- TOC entry 3633 (class 0 OID 71423)
-- Dependencies: 207
-- Data for Name: auth_user; Type: TABLE DATA; Schema: public; Owner: admin4
--

COPY public.auth_user (id, password, last_login, is_superuser, username, first_name, last_name, email, is_staff, is_active, date_joined) FROM stdin;
1	!USZlOYDAqs1KAejFcVuPLiVh2WvLLGK7aJPzRzB6	\N	f	AnonymousUser				f	t	2020-10-10 15:10:32.182334-03
4	!H7Wg1QmgVncLSu3RWgmcCgNiqMjkoxcBhWnXGz0w	2020-10-10 18:17:40.099079-03	f	bruno_santiago	Bruno Santiago	Ruiz Diaz Sosa	pcdruizdiaz@fpuna.edu.py	f	f	2020-10-10 15:12:50.308155-03
15	!zrL7bLZUI9eegmZmYjwFrEgn83tKCwYlH4tYu0ui	2020-10-16 09:17:06.43401-03	f	josefina	josefina	salinas	josefinasalinas863@gmail.com	f	t	2020-10-16 09:05:11.350708-03
2	pbkdf2_sha256$180000$DrEjRxtvwBfq$AOScNupUoLLI17jjm635sMeWN4uUpzOSUKC8l2ZBvqI=	2020-10-16 09:30:20.716004-03	t	bruno			hplaaaaa@gmail.com	t	t	2020-10-10 15:10:59.411282-03
18	!GHrIQrJbMQ8swBPStTq0giYkXzNxXR40ZHe91DJX	2020-10-16 09:53:23.348427-03	f	lucas	Lucas	Acosta	luca20costa20@gmail.com	f	t	2020-10-16 09:53:23.144506-03
20	!UZxCUqCaDOZ6n7tYBnplZ9ig39aAPfD8keqzCofV	2020-10-16 10:51:15.647965-03	f	gloria	Gloria	Jara	gojara982@gmail.com	f	t	2020-10-16 10:51:15.492546-03
16	!81fGCSkqSb9QeCELAGB1dkAgTHi3tV63lSLjzris	2020-10-16 09:47:50.580953-03	f	estefi	Estefi	Salinas	salinasestef087@gmail.com	f	t	2020-10-16 09:18:49.113636-03
17	!UZC0bpghlsIb2ZZd8z9SFNklFSebsV5RBMFrUBiw	2020-10-16 09:47:16.947702-03	f	guadalupe	Guadalupe	Adorno	nombre.2020.10.apellido@gmail.com	f	t	2020-10-16 09:47:01.694171-03
19	!UB7caf4MguxsD4iK4qYDZLPsNmwS9VkQnDcq4Inh	2020-10-16 09:53:49.998371-03	f	lucia	lucia	lopez	lucililopez90@gmail.com	f	t	2020-10-16 09:53:49.865611-03
14	!8nwvHZZc0GZwJh0CZ8jQLT8htSfdiAGFVKf7LhTn	2020-10-16 09:21:07.049963-03	f	mariajose	mariajose	gimenez	mariajo.gimenez98@gmail.com	f	t	2020-10-16 09:04:52.438123-03
\.


--
-- TOC entry 3635 (class 0 OID 71433)
-- Dependencies: 209
-- Data for Name: auth_user_groups; Type: TABLE DATA; Schema: public; Owner: admin4
--

COPY public.auth_user_groups (id, user_id, group_id) FROM stdin;
\.


--
-- TOC entry 3637 (class 0 OID 71441)
-- Dependencies: 211
-- Data for Name: auth_user_user_permissions; Type: TABLE DATA; Schema: public; Owner: admin4
--

COPY public.auth_user_user_permissions (id, user_id, permission_id) FROM stdin;
189	20	61
3	4	61
190	20	62
191	20	13
192	20	100
193	16	61
194	16	100
166	15	61
167	17	61
170	19	61
173	18	61
174	18	62
175	18	13
176	18	14
177	18	63
178	18	16
179	18	64
180	18	100
181	14	61
182	14	62
183	14	13
184	14	14
185	14	16
186	14	64
187	14	100
\.


--
-- TOC entry 3643 (class 0 OID 71538)
-- Dependencies: 217
-- Data for Name: django_admin_log; Type: TABLE DATA; Schema: public; Owner: admin4
--

COPY public.django_admin_log (id, action_time, object_id, object_repr, action_flag, change_message, content_type_id, user_id) FROM stdin;
1	2020-10-10 15:12:22.35971-03	1	GL	1	[{"added": {}}]	11	2
2	2020-10-10 15:36:17.0422-03	1	Proyecto object (1)	2	[{"changed": {"fields": ["Estado"]}}]	20	2
3	2020-10-10 16:06:30.091425-03	1	RoturaLineaBase object (1)	2	[{"changed": {"fields": ["Voto tres", "Votos registrados", "Estado"]}}]	23	2
4	2020-10-10 16:07:02.975677-03	1	LineaBase object (1)	2	[{"changed": {"fields": ["Estado"]}}]	27	2
5	2020-10-10 16:07:39.655734-03	1	Item object (1)	2	[{"changed": {"fields": ["Estado"]}}]	19	2
6	2020-10-10 16:07:55.720033-03	3	Item object (3)	2	[{"changed": {"fields": ["Estado"]}}]	19	2
7	2020-10-10 16:18:42.005015-03	1	RoturaLineaBase object (1)	2	[{"changed": {"fields": ["Voto tres", "Votos registrados", "Estado"]}}]	23	2
8	2020-10-10 16:19:01.478546-03	1	Item object (1)	2	[{"changed": {"fields": ["Estado"]}}]	19	2
9	2020-10-10 16:19:20.813141-03	3	Item object (3)	2	[{"changed": {"fields": ["Estado"]}}]	19	2
10	2020-10-10 16:19:34.576955-03	4	Item object (4)	2	[{"changed": {"fields": ["Estado"]}}]	19	2
11	2020-10-10 16:20:05.109873-03	1	RoturaLineaBaseComprometida object (1)	3		22	2
12	2020-10-10 16:20:30.613226-03	1	LineaBase object (1)	2	[{"changed": {"fields": ["Estado"]}}]	27	2
13	2020-10-10 16:20:44.883695-03	3	LineaBase object (3)	2	[{"changed": {"fields": ["Estado"]}}]	27	2
14	2020-10-10 16:47:42.054303-03	1	Item object (1)	2	[{"changed": {"fields": ["Estado"]}}]	19	2
15	2020-10-10 16:47:55.468867-03	3	Item object (3)	2	[{"changed": {"fields": ["Estado"]}}]	19	2
16	2020-10-10 16:48:08.320205-03	4	Item object (4)	2	[{"changed": {"fields": ["Estado"]}}]	19	2
17	2020-10-10 16:48:25.486032-03	1	LineaBase object (1)	2	[{"changed": {"fields": ["Estado"]}}]	27	2
18	2020-10-10 16:48:40.36414-03	3	LineaBase object (3)	2	[{"changed": {"fields": ["Estado"]}}]	27	2
19	2020-10-10 16:49:12.886334-03	1	RoturaLineaBase object (1)	2	[{"changed": {"fields": ["Voto tres", "Votos registrados", "Estado"]}}]	23	2
20	2020-10-10 16:49:27.048396-03	2	RoturaLineaBaseComprometida object (2)	3		22	2
21	2020-10-10 17:12:22.655237-03	11	Item object (11)	2	[{"changed": {"fields": ["Estado"]}}]	19	2
22	2020-10-10 17:13:43.877902-03	1	Item object (1)	2	[{"changed": {"fields": ["Estado"]}}]	19	2
23	2020-10-10 17:13:54.634478-03	3	Item object (3)	2	[{"changed": {"fields": ["Estado"]}}]	19	2
24	2020-10-10 17:14:14.637374-03	4	Item object (4)	2	[{"changed": {"fields": ["Estado"]}}]	19	2
25	2020-10-10 17:14:34.01476-03	10	Item object (10)	2	[{"changed": {"fields": ["Estado"]}}]	19	2
26	2020-10-10 17:14:58.922374-03	1	RoturaLineaBase object (1)	2	[{"changed": {"fields": ["Voto tres", "Votos registrados", "Estado"]}}]	23	2
27	2020-10-10 17:15:11.100981-03	1	LineaBase object (1)	2	[{"changed": {"fields": ["Estado"]}}]	27	2
28	2020-10-10 17:15:25.216633-03	3	LineaBase object (3)	2	[{"changed": {"fields": ["Estado"]}}]	27	2
29	2020-10-11 16:17:37.203863-03	3	bruno4	2	[{"changed": {"fields": ["Groups"]}}]	4	2
30	2020-10-11 16:54:37.205225-03	3	bruno4	2	[{"changed": {"fields": ["Groups"]}}]	4	2
31	2020-10-11 19:31:28.996165-03	2	Proyecto object (2)	2	[{"changed": {"fields": ["Estado"]}}]	20	2
32	2020-10-11 22:43:28.33968-03	5	cristina	2	[{"changed": {"fields": ["Active"]}}]	4	2
33	2020-10-12 22:57:33.125955-03	6	sonia	2	[{"changed": {"fields": ["Active"]}}]	4	2
34	2020-10-12 23:04:17.741213-03	7	norma_gisselle	3		4	2
35	2020-10-12 23:07:10.762704-03	8	norma_gisselle	3		4	2
36	2020-10-13 23:44:38.990956-03	5	cristina	3		4	2
37	2020-10-13 23:44:39.0622-03	9	norma_gisselle	3		4	2
38	2020-10-13 23:44:39.066267-03	6	sonia	3		4	2
39	2020-10-14 02:13:05.744253-03	1	Proyecto object (1)	2	[{"changed": {"fields": ["Creador"]}}]	20	2
40	2020-10-14 02:15:07.796677-03	1	Proyecto object (1)	2	[{"changed": {"fields": ["Gerente"]}}]	20	2
41	2020-10-14 03:32:27.746763-03	10	norma_gisselle	3		4	2
42	2020-10-15 01:00:07.463267-03	1	GL	2	[]	11	2
43	2020-10-15 03:05:00.51011-03	2	Proyecto object (2)	2	[{"changed": {"fields": ["Gerente"]}}]	20	2
44	2020-10-15 04:48:48.162106-03	4	RoturaLineaBase object (4)	2	[{"changed": {"fields": ["Voto uno", "Voto dos", "Voto tres", "Votos registrados", "Estado"]}}]	23	2
45	2020-10-15 04:49:49.773988-03	4	RoturaLineaBase object (4)	2	[{"changed": {"fields": ["Voto tres", "Votos registrados", "Estado"]}}]	23	2
46	2020-10-15 05:02:47.545307-03	5	LineaBase object (5)	2	[{"changed": {"fields": ["RoturaLineaBaseComprometida"]}}]	27	2
47	2020-10-15 05:03:27.996019-03	4	LineaBase object (4)	2	[{"changed": {"fields": ["RoturaLineaBaseComprometida"]}}]	27	2
48	2020-10-15 15:33:06.806669-03	1	GL	2	[{"changed": {"fields": ["Client id", "Secret key"]}}]	11	2
49	2020-10-15 16:46:57.982934-03	16	Item object (16)	2	[{"changed": {"fields": ["Estado"]}}]	19	2
50	2020-10-15 20:59:07.784497-03	19	Item object (19)	2	[{"changed": {"fields": ["Estado"]}}]	19	2
51	2020-10-16 01:19:55.979614-03	1	Fase object (1)	2	[{"changed": {"fields": ["Estado"]}}]	17	2
52	2020-10-16 01:20:10.040062-03	2	Fase object (2)	2	[{"changed": {"fields": ["Estado"]}}]	17	2
53	2020-10-16 01:20:33.313144-03	3	Fase object (3)	2	[{"changed": {"fields": ["Estado"]}}]	17	2
54	2020-10-16 01:30:10.831004-03	2	Fase object (2)	2	[{"changed": {"fields": ["Estado"]}}]	17	2
55	2020-10-16 01:30:27.043049-03	2	Fase object (2)	2	[{"changed": {"fields": ["Estado"]}}]	17	2
56	2020-10-16 01:30:52.511786-03	1	Proyecto object (1)	2	[{"changed": {"fields": ["Estado"]}}]	20	2
57	2020-10-16 01:34:27.334052-03	1	Proyecto object (1)	2	[{"changed": {"fields": ["Estado"]}}]	20	2
58	2020-10-16 01:45:23.450311-03	1	Proyecto object (1)	2	[{"changed": {"fields": ["Estado"]}}]	20	2
59	2020-10-16 02:55:52.03653-03	23	Item object (23)	2	[{"changed": {"fields": ["Estado"]}}]	19	2
60	2020-10-16 03:01:04.340575-03	1	Fase object (1)	2	[{"changed": {"fields": ["Estado"]}}]	17	2
61	2020-10-16 08:54:14.085009-03	2	Proyecto object (2)	3		20	2
62	2020-10-16 08:54:14.130927-03	4	Proyecto object (4)	3		20	2
63	2020-10-16 08:54:14.13481-03	3	Proyecto object (3)	3		20	2
64	2020-10-16 08:54:14.138616-03	5	Proyecto object (5)	3		20	2
65	2020-10-16 08:54:14.141678-03	1	Proyecto object (1)	3		20	2
66	2020-10-16 08:54:29.687198-03	8	Fase object (8)	3		17	2
67	2020-10-16 08:54:29.691241-03	7	Fase object (7)	3		17	2
68	2020-10-16 08:54:29.695008-03	6	Fase object (6)	3		17	2
69	2020-10-16 08:54:29.698051-03	5	Fase object (5)	3		17	2
70	2020-10-16 08:54:29.701732-03	4	Fase object (4)	3		17	2
71	2020-10-16 08:54:29.704943-03	3	Fase object (3)	3		17	2
72	2020-10-16 08:54:29.709496-03	2	Fase object (2)	3		17	2
73	2020-10-16 08:54:29.712455-03	1	Fase object (1)	3		17	2
74	2020-10-16 08:54:49.275072-03	20	Files object (20)	3		28	2
75	2020-10-16 08:54:49.279877-03	19	Files object (19)	3		28	2
76	2020-10-16 08:54:49.283133-03	18	Files object (18)	3		28	2
77	2020-10-16 08:54:49.286775-03	17	Files object (17)	3		28	2
78	2020-10-16 08:54:49.291576-03	16	Files object (16)	3		28	2
79	2020-10-16 08:54:49.294496-03	15	Files object (15)	3		28	2
80	2020-10-16 08:54:49.297486-03	14	Files object (14)	3		28	2
81	2020-10-16 08:54:49.300822-03	13	Files object (13)	3		28	2
82	2020-10-16 08:54:49.303996-03	12	Files object (12)	3		28	2
83	2020-10-16 08:54:49.306851-03	11	Files object (11)	3		28	2
84	2020-10-16 08:54:49.309604-03	10	Files object (10)	3		28	2
85	2020-10-16 08:54:49.312663-03	9	Files object (9)	3		28	2
86	2020-10-16 08:54:49.316223-03	8	Files object (8)	3		28	2
87	2020-10-16 08:54:49.319617-03	7	Files object (7)	3		28	2
88	2020-10-16 08:54:49.32251-03	6	Files object (6)	3		28	2
89	2020-10-16 08:54:49.325595-03	5	Files object (5)	3		28	2
90	2020-10-16 08:54:49.329232-03	4	Files object (4)	3		28	2
91	2020-10-16 08:54:49.332175-03	3	Files object (3)	3		28	2
92	2020-10-16 08:54:49.335096-03	2	Files object (2)	3		28	2
93	2020-10-16 08:54:49.33787-03	1	Files object (1)	3		28	2
94	2020-10-16 08:55:03.764079-03	26	Item object (26)	3		19	2
95	2020-10-16 08:55:03.768061-03	25	Item object (25)	3		19	2
96	2020-10-16 08:55:03.771024-03	24	Item object (24)	3		19	2
97	2020-10-16 08:55:03.774271-03	23	Item object (23)	3		19	2
98	2020-10-16 08:55:03.777723-03	22	Item object (22)	3		19	2
99	2020-10-16 08:55:03.781137-03	21	Item object (21)	3		19	2
100	2020-10-16 08:55:03.784009-03	20	Item object (20)	3		19	2
101	2020-10-16 08:55:03.787529-03	19	Item object (19)	3		19	2
102	2020-10-16 08:55:03.790654-03	18	Item object (18)	3		19	2
103	2020-10-16 08:55:03.794181-03	17	Item object (17)	3		19	2
104	2020-10-16 08:55:03.79775-03	16	Item object (16)	3		19	2
105	2020-10-16 08:55:03.800923-03	15	Item object (15)	3		19	2
106	2020-10-16 08:55:03.803958-03	14	Item object (14)	3		19	2
107	2020-10-16 08:55:03.80737-03	12	Item object (12)	3		19	2
108	2020-10-16 08:55:03.810917-03	11	Item object (11)	3		19	2
109	2020-10-16 08:55:03.814298-03	10	Item object (10)	3		19	2
110	2020-10-16 08:55:03.818112-03	9	Item object (9)	3		19	2
111	2020-10-16 08:55:03.820942-03	8	Item object (8)	3		19	2
112	2020-10-16 08:55:03.824366-03	7	Item object (7)	3		19	2
113	2020-10-16 08:55:03.828265-03	6	Item object (6)	3		19	2
114	2020-10-16 08:55:03.831311-03	5	Item object (5)	3		19	2
115	2020-10-16 08:55:03.834073-03	4	Item object (4)	3		19	2
116	2020-10-16 08:55:03.836843-03	3	Item object (3)	3		19	2
117	2020-10-16 08:55:03.839717-03	2	Item object (2)	3		19	2
118	2020-10-16 08:55:03.843564-03	1	Item object (1)	3		19	2
119	2020-10-16 08:55:22.298853-03	14	LineaBase object (14)	3		27	2
120	2020-10-16 08:55:22.304473-03	13	LineaBase object (13)	3		27	2
121	2020-10-16 08:55:22.30762-03	12	LineaBase object (12)	3		27	2
122	2020-10-16 08:55:22.311025-03	11	LineaBase object (11)	3		27	2
123	2020-10-16 08:55:22.314861-03	10	LineaBase object (10)	3		27	2
124	2020-10-16 08:55:22.318274-03	9	LineaBase object (9)	3		27	2
125	2020-10-16 08:55:22.321412-03	8	LineaBase object (8)	3		27	2
126	2020-10-16 08:55:22.326461-03	7	LineaBase object (7)	3		27	2
127	2020-10-16 08:55:22.329707-03	6	LineaBase object (6)	3		27	2
128	2020-10-16 08:55:22.332894-03	5	LineaBase object (5)	3		27	2
129	2020-10-16 08:55:22.335621-03	4	LineaBase object (4)	3		27	2
130	2020-10-16 08:55:22.338477-03	3	LineaBase object (3)	3		27	2
131	2020-10-16 08:55:22.341881-03	2	LineaBase object (2)	3		27	2
132	2020-10-16 08:55:22.345273-03	1	LineaBase object (1)	3		27	2
133	2020-10-16 08:55:47.427238-03	16	Rol object (16)	3		24	2
134	2020-10-16 08:55:47.433933-03	15	Rol object (15)	3		24	2
135	2020-10-16 08:55:47.440213-03	13	Rol object (13)	3		24	2
136	2020-10-16 08:55:47.443179-03	12	Rol object (12)	3		24	2
137	2020-10-16 08:55:47.446823-03	11	Rol object (11)	3		24	2
138	2020-10-16 08:55:47.450015-03	10	Rol object (10)	3		24	2
139	2020-10-16 08:55:47.453742-03	8	Rol object (8)	3		24	2
140	2020-10-16 08:55:47.456783-03	7	Rol object (7)	3		24	2
141	2020-10-16 08:55:47.459728-03	6	Rol object (6)	3		24	2
142	2020-10-16 08:55:47.462804-03	5	Rol object (5)	3		24	2
143	2020-10-16 08:55:47.466437-03	4	Rol object (4)	3		24	2
144	2020-10-16 08:55:47.469999-03	3	Rol object (3)	3		24	2
145	2020-10-16 08:55:47.473484-03	2	Rol object (2)	3		24	2
146	2020-10-16 08:55:47.476233-03	1	Rol object (1)	3		24	2
147	2020-10-16 08:56:01.085156-03	6	RoturaLineaBaseComprometida object (6)	3		22	2
148	2020-10-16 08:56:01.089043-03	5	RoturaLineaBaseComprometida object (5)	3		22	2
149	2020-10-16 08:56:01.0923-03	4	RoturaLineaBaseComprometida object (4)	3		22	2
150	2020-10-16 08:56:01.095845-03	3	RoturaLineaBaseComprometida object (3)	3		22	2
151	2020-10-16 08:56:15.377397-03	16	RoturaLineaBase object (16)	3		23	2
152	2020-10-16 08:56:15.381902-03	15	RoturaLineaBase object (15)	3		23	2
153	2020-10-16 08:56:15.385645-03	6	RoturaLineaBase object (6)	3		23	2
154	2020-10-16 08:56:15.389055-03	5	RoturaLineaBase object (5)	3		23	2
155	2020-10-16 08:56:15.392046-03	4	RoturaLineaBase object (4)	3		23	2
156	2020-10-16 08:56:15.395321-03	3	RoturaLineaBase object (3)	3		23	2
157	2020-10-16 08:56:15.398974-03	2	RoturaLineaBase object (2)	3		23	2
158	2020-10-16 08:56:15.402572-03	1	RoturaLineaBase object (1)	3		23	2
159	2020-10-16 08:56:28.876649-03	19	TipodeItem object (19)	3		21	2
160	2020-10-16 08:56:28.881274-03	18	TipodeItem object (18)	3		21	2
161	2020-10-16 08:56:28.884757-03	17	TipodeItem object (17)	3		21	2
162	2020-10-16 08:56:28.888162-03	16	TipodeItem object (16)	3		21	2
163	2020-10-16 08:56:28.891176-03	15	TipodeItem object (15)	3		21	2
164	2020-10-16 08:56:28.894394-03	14	TipodeItem object (14)	3		21	2
165	2020-10-16 08:56:28.89828-03	13	TipodeItem object (13)	3		21	2
166	2020-10-16 08:56:28.902243-03	12	TipodeItem object (12)	3		21	2
167	2020-10-16 08:56:28.905265-03	11	TipodeItem object (11)	3		21	2
168	2020-10-16 08:56:28.908006-03	10	TipodeItem object (10)	3		21	2
169	2020-10-16 08:56:28.912086-03	9	TipodeItem object (9)	3		21	2
170	2020-10-16 08:56:28.916202-03	8	TipodeItem object (8)	3		21	2
171	2020-10-16 08:56:28.919257-03	7	TipodeItem object (7)	3		21	2
172	2020-10-16 08:56:28.922459-03	6	TipodeItem object (6)	3		21	2
173	2020-10-16 08:56:28.925638-03	5	TipodeItem object (5)	3		21	2
174	2020-10-16 08:56:28.928764-03	4	TipodeItem object (4)	3		21	2
175	2020-10-16 08:56:28.932154-03	3	TipodeItem object (3)	3		21	2
176	2020-10-16 08:56:28.935978-03	2	TipodeItem object (2)	3		21	2
177	2020-10-16 08:56:28.938946-03	1	TipodeItem object (1)	3		21	2
178	2020-10-16 08:56:58.508965-03	1	dios	3		3	2
179	2020-10-16 08:56:58.513876-03	16	fasd	3		3	2
180	2020-10-16 08:56:58.516876-03	10	fasdfasd	3		3	2
181	2020-10-16 08:56:58.520101-03	13	gffff	3		3	2
182	2020-10-16 08:56:58.523082-03	15	hj	3		3	2
183	2020-10-16 08:56:58.526238-03	2	hola	3		3	2
184	2020-10-16 08:56:58.529881-03	4	nocorrupto	3		3	2
185	2020-10-16 08:56:58.533302-03	11	rolprua	3		3	2
186	2020-10-16 08:56:58.540258-03	3	sincrear	3		3	2
187	2020-10-16 08:56:58.543587-03	7	SolicitarLB	3		3	2
188	2020-10-16 08:56:58.547299-03	5	SoloVERLB	3		3	2
189	2020-10-16 08:56:58.550405-03	6	TodoMenosSolicitarxd	3		3	2
190	2020-10-16 08:56:58.554406-03	8	xs	3		3	2
191	2020-10-16 08:56:58.557536-03	12	xsssss	3		3	2
192	2020-10-16 09:57:36.209131-03	3	bruno44	3		4	2
193	2020-10-16 09:57:36.213462-03	12	cristina18	3		4	2
194	2020-10-16 09:57:36.216423-03	13	norma_gisselle	3		4	2
195	2020-10-16 09:57:36.219293-03	11	sonia45	3		4	2
196	2020-10-16 10:26:52.574076-03	7	Proyecto object (7)	3		20	2
197	2020-10-16 10:36:58.862829-03	9	Proyecto object (9)	3		20	2
198	2020-10-16 10:37:48.338733-03	8	Proyecto object (8)	3		20	2
199	2020-10-16 12:11:59.7321-03	12	Proyecto object (12)	2	[{"changed": {"fields": ["Estado"]}}]	20	2
200	2020-10-16 12:12:30.902478-03	19	Fase object (19)	2	[{"changed": {"fields": ["Estado"]}}]	17	2
\.


--
-- TOC entry 3625 (class 0 OID 71387)
-- Dependencies: 199
-- Data for Name: django_content_type; Type: TABLE DATA; Schema: public; Owner: admin4
--

COPY public.django_content_type (id, app_label, model) FROM stdin;
1	admin	logentry
2	auth	permission
3	auth	group
4	auth	user
5	contenttypes	contenttype
6	sessions	session
7	sites	site
8	account	emailaddress
9	account	emailconfirmation
10	socialaccount	socialaccount
11	socialaccount	socialapp
12	socialaccount	socialtoken
13	guardian	groupobjectpermission
14	guardian	userobjectpermission
15	perms	permisos
16	proyecto	campoextra
17	proyecto	fase
18	proyecto	faseuser
19	proyecto	item
20	proyecto	proyecto
21	proyecto	tipodeitem
22	proyecto	roturalineabasecomprometida
23	proyecto	roturalineabase
24	proyecto	rol
25	proyecto	relacion
26	proyecto	proyectofase
27	proyecto	lineabase
28	proyecto	files
29	proyecto	campoextravalores
30	reversion	revision
31	reversion	version
\.


--
-- TOC entry 3623 (class 0 OID 71376)
-- Dependencies: 197
-- Data for Name: django_migrations; Type: TABLE DATA; Schema: public; Owner: admin4
--

COPY public.django_migrations (id, app, name, applied) FROM stdin;
1	contenttypes	0001_initial	2020-10-10 15:10:21.642508-03
2	auth	0001_initial	2020-10-10 15:10:22.013442-03
3	account	0001_initial	2020-10-10 15:10:22.646084-03
4	account	0002_email_max_length	2020-10-10 15:10:22.832359-03
5	admin	0001_initial	2020-10-10 15:10:22.95697-03
6	admin	0002_logentry_remove_auto_add	2020-10-10 15:10:23.087422-03
7	admin	0003_logentry_add_action_flag_choices	2020-10-10 15:10:23.134481-03
8	contenttypes	0002_remove_content_type_name	2020-10-10 15:10:23.221494-03
9	auth	0002_alter_permission_name_max_length	2020-10-10 15:10:23.25572-03
10	auth	0003_alter_user_email_max_length	2020-10-10 15:10:23.310644-03
11	auth	0004_alter_user_username_opts	2020-10-10 15:10:23.367582-03
12	auth	0005_alter_user_last_login_null	2020-10-10 15:10:23.497864-03
13	auth	0006_require_contenttypes_0002	2020-10-10 15:10:23.511978-03
14	auth	0007_alter_validators_add_error_messages	2020-10-10 15:10:23.562212-03
15	auth	0008_alter_user_username_max_length	2020-10-10 15:10:23.653855-03
16	auth	0009_alter_user_last_name_max_length	2020-10-10 15:10:23.707419-03
17	auth	0010_alter_group_name_max_length	2020-10-10 15:10:23.752296-03
18	auth	0011_update_proxy_permissions	2020-10-10 15:10:23.806594-03
19	guardian	0001_initial	2020-10-10 15:10:24.091452-03
20	guardian	0002_generic_permissions_index	2020-10-10 15:10:24.445782-03
21	perms	0001_initial	2020-10-10 15:10:24.522267-03
22	proyecto	0001_initial	2020-10-10 15:10:27.412107-03
23	proyecto	0002_item_faseid	2020-10-10 15:10:29.461206-03
24	reversion	0001_squashed_0004_auto_20160611_1202	2020-10-10 15:10:30.111941-03
25	sessions	0001_initial	2020-10-10 15:10:30.316698-03
26	sites	0001_initial	2020-10-10 15:10:30.424284-03
27	sites	0002_alter_domain_unique	2020-10-10 15:10:30.507432-03
28	socialaccount	0001_initial	2020-10-10 15:10:31.128445-03
29	socialaccount	0002_token_max_lengths	2020-10-10 15:10:31.48602-03
30	socialaccount	0003_extra_data_default_dict	2020-10-10 15:10:31.543781-03
31	proyecto	0003_auto_20201011_2015	2020-10-11 20:15:55.574071-03
32	proyecto	0004_auto_20201011_2019	2020-10-11 20:19:50.846486-03
\.


--
-- TOC entry 3710 (class 0 OID 72198)
-- Dependencies: 284
-- Data for Name: django_session; Type: TABLE DATA; Schema: public; Owner: admin4
--

COPY public.django_session (session_key, session_data, expire_date) FROM stdin;
cag8dzhs0mr73qvn4n2zdp48dd6l7706	YjZkYTdlNWZlOTg4NGNmMjFmYmZiOTEwNjhmYTg4MzM5NDU2NzlmZTp7Il9hdXRoX3VzZXJfaWQiOiIyIiwiX2F1dGhfdXNlcl9iYWNrZW5kIjoiZGphbmdvLmNvbnRyaWIuYXV0aC5iYWNrZW5kcy5Nb2RlbEJhY2tlbmQiLCJfYXV0aF91c2VyX2hhc2giOiI4MGFmMTQzYTRiNzgxNDYxM2Q4MmEwMWViYTcxNzJlMzJmN2VkMjA0IiwiX3Nlc3Npb25fZXhwaXJ5IjowfQ==	2020-10-24 21:22:44.188883-03
ce3aubylari8dxv6oi3msqma14izq4sy	OTkyYzE2YmU3MjhmYjcyNDI3Yjc3OWIzNTZhMjk4ZjJhODZiMzEwMzp7Il9hdXRoX3VzZXJfaWQiOiIxNSIsIl9hdXRoX3VzZXJfYmFja2VuZCI6ImFsbGF1dGguYWNjb3VudC5hdXRoX2JhY2tlbmRzLkF1dGhlbnRpY2F0aW9uQmFja2VuZCIsIl9hdXRoX3VzZXJfaGFzaCI6ImFjZGE3ZmVhMjA2YWZhMzBhMzY1NzU5YmU1NTY1NzA3YWI3MDhlNTQifQ==	2020-10-30 09:17:06.44321-03
nn43r47dmq1uoxtf3z2d7yo1hn7x1onu	YjZkYTdlNWZlOTg4NGNmMjFmYmZiOTEwNjhmYTg4MzM5NDU2NzlmZTp7Il9hdXRoX3VzZXJfaWQiOiIyIiwiX2F1dGhfdXNlcl9iYWNrZW5kIjoiZGphbmdvLmNvbnRyaWIuYXV0aC5iYWNrZW5kcy5Nb2RlbEJhY2tlbmQiLCJfYXV0aF91c2VyX2hhc2giOiI4MGFmMTQzYTRiNzgxNDYxM2Q4MmEwMWViYTcxNzJlMzJmN2VkMjA0IiwiX3Nlc3Npb25fZXhwaXJ5IjowfQ==	2020-10-26 23:07:44.453418-03
donru454rtqff6jgtecd53dngmpfb3f5	YjZkYTdlNWZlOTg4NGNmMjFmYmZiOTEwNjhmYTg4MzM5NDU2NzlmZTp7Il9hdXRoX3VzZXJfaWQiOiIyIiwiX2F1dGhfdXNlcl9iYWNrZW5kIjoiZGphbmdvLmNvbnRyaWIuYXV0aC5iYWNrZW5kcy5Nb2RlbEJhY2tlbmQiLCJfYXV0aF91c2VyX2hhc2giOiI4MGFmMTQzYTRiNzgxNDYxM2Q4MmEwMWViYTcxNzJlMzJmN2VkMjA0IiwiX3Nlc3Npb25fZXhwaXJ5IjowfQ==	2020-10-27 16:37:08.381024-03
0ufyuhqs3lwbqn70de3jz1zwh40xs6xc	YjZkYTdlNWZlOTg4NGNmMjFmYmZiOTEwNjhmYTg4MzM5NDU2NzlmZTp7Il9hdXRoX3VzZXJfaWQiOiIyIiwiX2F1dGhfdXNlcl9iYWNrZW5kIjoiZGphbmdvLmNvbnRyaWIuYXV0aC5iYWNrZW5kcy5Nb2RlbEJhY2tlbmQiLCJfYXV0aF91c2VyX2hhc2giOiI4MGFmMTQzYTRiNzgxNDYxM2Q4MmEwMWViYTcxNzJlMzJmN2VkMjA0IiwiX3Nlc3Npb25fZXhwaXJ5IjowfQ==	2020-10-27 19:14:16.91694-03
e1e8eqe0r7ehkeeyrtb34vjbt6sd12le	OTEyMGU5NjFhZmI1ZDllYzdiY2I0YTc3MGZmMTVlODA3NzJiOWIzOTp7Il9hdXRoX3VzZXJfaWQiOiIxNCIsIl9hdXRoX3VzZXJfYmFja2VuZCI6ImFsbGF1dGguYWNjb3VudC5hdXRoX2JhY2tlbmRzLkF1dGhlbnRpY2F0aW9uQmFja2VuZCIsIl9hdXRoX3VzZXJfaGFzaCI6ImE4MDc0OWI0YjAyMTQ0NGFhZTljMWYzNjJhZmY5YjhlYzBjOTQ1NDMifQ==	2020-10-30 09:21:07.07754-03
iq03e9wk6397d3mb2witkhouakoeg3lf	Yjk1MjFmMzc5ZThiY2Q2ZTBkNTRmN2RmZTkxOGQ2OTI2MzI4ZmJjZjp7Il9hdXRoX3VzZXJfaWQiOiIyIiwiX2F1dGhfdXNlcl9iYWNrZW5kIjoiZGphbmdvLmNvbnRyaWIuYXV0aC5iYWNrZW5kcy5Nb2RlbEJhY2tlbmQiLCJfYXV0aF91c2VyX2hhc2giOiI4MGFmMTQzYTRiNzgxNDYxM2Q4MmEwMWViYTcxNzJlMzJmN2VkMjA0In0=	2020-10-30 09:30:20.746366-03
9jm9mfd1vsox6q57y8qo3r4y8uxwjpdl	M2NiMTJlZWZlMzYzYjE2MTRmZjUyMmY4Njk5ODJiNjIyNmEyYWU4MDp7Il9hdXRoX3VzZXJfaWQiOiIxNyIsIl9hdXRoX3VzZXJfYmFja2VuZCI6ImFsbGF1dGguYWNjb3VudC5hdXRoX2JhY2tlbmRzLkF1dGhlbnRpY2F0aW9uQmFja2VuZCIsIl9hdXRoX3VzZXJfaGFzaCI6IjM0Y2Q2MGMyMTdlYmNjYjA1NjMzZjQ5ZjBkMjc5NDk0MjNjM2U2NTgifQ==	2020-10-30 09:47:16.966806-03
angeo0lt3japxx2zuh21ptc2nlij5c3r	YWJjZjdmMmM1NzNhYmNjOGM1MzgwMWEyM2U0Y2VlNzFhNGFhMThkOTp7Il9hdXRoX3VzZXJfaWQiOiIxNiIsIl9hdXRoX3VzZXJfYmFja2VuZCI6ImFsbGF1dGguYWNjb3VudC5hdXRoX2JhY2tlbmRzLkF1dGhlbnRpY2F0aW9uQmFja2VuZCIsIl9hdXRoX3VzZXJfaGFzaCI6IjNlZmM4YmJlYTQwOTM5N2VlMGJmMTUzZjk1ZTJiNDE4ZTc1NDlkYWQifQ==	2020-10-30 09:47:50.590553-03
p08j643qe5t76gayrxfk8vmy2d6sohi7	ZDI5YmU4ZmI5Yjg2OTA0ZjE1Y2Q0NWU3NmQwZTI2ODVhYzlhYjY5ZTp7ImFjY291bnRfdmVyaWZpZWRfZW1haWwiOm51bGwsIl9hdXRoX3VzZXJfaWQiOiIxOCIsIl9hdXRoX3VzZXJfYmFja2VuZCI6ImFsbGF1dGguYWNjb3VudC5hdXRoX2JhY2tlbmRzLkF1dGhlbnRpY2F0aW9uQmFja2VuZCIsIl9hdXRoX3VzZXJfaGFzaCI6Ijg0N2Y1MmFkMDcyNDE3NGYwNTlkOGM4NTU0MmU4NmFhODhiODc1MzUifQ==	2020-10-30 09:53:23.365952-03
vewnj1sbn966n6sy0vsmyzfc0nyxm0bi	YjZkYTdlNWZlOTg4NGNmMjFmYmZiOTEwNjhmYTg4MzM5NDU2NzlmZTp7Il9hdXRoX3VzZXJfaWQiOiIyIiwiX2F1dGhfdXNlcl9iYWNrZW5kIjoiZGphbmdvLmNvbnRyaWIuYXV0aC5iYWNrZW5kcy5Nb2RlbEJhY2tlbmQiLCJfYXV0aF91c2VyX2hhc2giOiI4MGFmMTQzYTRiNzgxNDYxM2Q4MmEwMWViYTcxNzJlMzJmN2VkMjA0IiwiX3Nlc3Npb25fZXhwaXJ5IjowfQ==	2020-10-25 18:17:41.529714-03
zpv2om4fpr157qe4kgte8mjznqegu0v5	MDNjNDc1MTZmZDIwYWYxZmI0Y2YyMzg5ODRmNjY5MGU3ZmI3YWIwNTp7ImFjY291bnRfdmVyaWZpZWRfZW1haWwiOm51bGwsIl9hdXRoX3VzZXJfaWQiOiIxOSIsIl9hdXRoX3VzZXJfYmFja2VuZCI6ImFsbGF1dGguYWNjb3VudC5hdXRoX2JhY2tlbmRzLkF1dGhlbnRpY2F0aW9uQmFja2VuZCIsIl9hdXRoX3VzZXJfaGFzaCI6IjgyZDY3YmIzZThmMDk1N2Y4NzJjOTNiZTk4MDkwOTVjZTZhYTVjOTIifQ==	2020-10-30 09:53:50.008835-03
8tnqcasv6westa658sj87tw422spof9r	YjZkYTdlNWZlOTg4NGNmMjFmYmZiOTEwNjhmYTg4MzM5NDU2NzlmZTp7Il9hdXRoX3VzZXJfaWQiOiIyIiwiX2F1dGhfdXNlcl9iYWNrZW5kIjoiZGphbmdvLmNvbnRyaWIuYXV0aC5iYWNrZW5kcy5Nb2RlbEJhY2tlbmQiLCJfYXV0aF91c2VyX2hhc2giOiI4MGFmMTQzYTRiNzgxNDYxM2Q4MmEwMWViYTcxNzJlMzJmN2VkMjA0IiwiX3Nlc3Npb25fZXhwaXJ5IjowfQ==	2020-10-29 15:57:46.310428-03
680kosamnt6eyrhiqteh9nvhkn4dp511	YjZkYTdlNWZlOTg4NGNmMjFmYmZiOTEwNjhmYTg4MzM5NDU2NzlmZTp7Il9hdXRoX3VzZXJfaWQiOiIyIiwiX2F1dGhfdXNlcl9iYWNrZW5kIjoiZGphbmdvLmNvbnRyaWIuYXV0aC5iYWNrZW5kcy5Nb2RlbEJhY2tlbmQiLCJfYXV0aF91c2VyX2hhc2giOiI4MGFmMTQzYTRiNzgxNDYxM2Q4MmEwMWViYTcxNzJlMzJmN2VkMjA0IiwiX3Nlc3Npb25fZXhwaXJ5IjowfQ==	2020-10-29 06:28:11.073438-03
n7iwtb7e5u75bhveojrjxgy4g5luhuu4	YjZkYTdlNWZlOTg4NGNmMjFmYmZiOTEwNjhmYTg4MzM5NDU2NzlmZTp7Il9hdXRoX3VzZXJfaWQiOiIyIiwiX2F1dGhfdXNlcl9iYWNrZW5kIjoiZGphbmdvLmNvbnRyaWIuYXV0aC5iYWNrZW5kcy5Nb2RlbEJhY2tlbmQiLCJfYXV0aF91c2VyX2hhc2giOiI4MGFmMTQzYTRiNzgxNDYxM2Q4MmEwMWViYTcxNzJlMzJmN2VkMjA0IiwiX3Nlc3Npb25fZXhwaXJ5IjowfQ==	2020-10-28 03:57:54.85928-03
ek0w3e4erp3gbfmmrvecazndbii35ppo	M2E3NmFhNzVlY2UzMTQ5ODUwMzJhYzcxMWRhOGQyZmQ3Mzg0Y2FhYzp7InNvY2lhbGFjY291bnRfc3RhdGUiOlt7InByb2Nlc3MiOiJsb2dpbiIsInNjb3BlIjoiIiwiYXV0aF9wYXJhbXMiOiIifSwiMGthRjhsUkNwMm0zIl19	2020-10-29 14:06:05.042368-03
dlgrcd1amm6l89zt3plxzidp069ng0i7	YjZkYTdlNWZlOTg4NGNmMjFmYmZiOTEwNjhmYTg4MzM5NDU2NzlmZTp7Il9hdXRoX3VzZXJfaWQiOiIyIiwiX2F1dGhfdXNlcl9iYWNrZW5kIjoiZGphbmdvLmNvbnRyaWIuYXV0aC5iYWNrZW5kcy5Nb2RlbEJhY2tlbmQiLCJfYXV0aF91c2VyX2hhc2giOiI4MGFmMTQzYTRiNzgxNDYxM2Q4MmEwMWViYTcxNzJlMzJmN2VkMjA0IiwiX3Nlc3Npb25fZXhwaXJ5IjowfQ==	2020-10-28 22:37:11.257242-03
41fttt3av9545lbezha026j968skydba	YjZkYTdlNWZlOTg4NGNmMjFmYmZiOTEwNjhmYTg4MzM5NDU2NzlmZTp7Il9hdXRoX3VzZXJfaWQiOiIyIiwiX2F1dGhfdXNlcl9iYWNrZW5kIjoiZGphbmdvLmNvbnRyaWIuYXV0aC5iYWNrZW5kcy5Nb2RlbEJhY2tlbmQiLCJfYXV0aF91c2VyX2hhc2giOiI4MGFmMTQzYTRiNzgxNDYxM2Q4MmEwMWViYTcxNzJlMzJmN2VkMjA0IiwiX3Nlc3Npb25fZXhwaXJ5IjowfQ==	2020-10-30 04:17:33.415984-03
s57ni9y00kkes6kdykuz7x61ncc9suz2	YjZkYTdlNWZlOTg4NGNmMjFmYmZiOTEwNjhmYTg4MzM5NDU2NzlmZTp7Il9hdXRoX3VzZXJfaWQiOiIyIiwiX2F1dGhfdXNlcl9iYWNrZW5kIjoiZGphbmdvLmNvbnRyaWIuYXV0aC5iYWNrZW5kcy5Nb2RlbEJhY2tlbmQiLCJfYXV0aF91c2VyX2hhc2giOiI4MGFmMTQzYTRiNzgxNDYxM2Q4MmEwMWViYTcxNzJlMzJmN2VkMjA0IiwiX3Nlc3Npb25fZXhwaXJ5IjowfQ==	2020-10-30 06:25:48.838075-03
e2937w6zsc1bez7o26qer85l2obz91wl	YjZkYTdlNWZlOTg4NGNmMjFmYmZiOTEwNjhmYTg4MzM5NDU2NzlmZTp7Il9hdXRoX3VzZXJfaWQiOiIyIiwiX2F1dGhfdXNlcl9iYWNrZW5kIjoiZGphbmdvLmNvbnRyaWIuYXV0aC5iYWNrZW5kcy5Nb2RlbEJhY2tlbmQiLCJfYXV0aF91c2VyX2hhc2giOiI4MGFmMTQzYTRiNzgxNDYxM2Q4MmEwMWViYTcxNzJlMzJmN2VkMjA0IiwiX3Nlc3Npb25fZXhwaXJ5IjowfQ==	2020-10-25 22:44:15.967169-03
ucai3ei03k48kw1h2n5vhl6p9od4pgkr	YjZkYTdlNWZlOTg4NGNmMjFmYmZiOTEwNjhmYTg4MzM5NDU2NzlmZTp7Il9hdXRoX3VzZXJfaWQiOiIyIiwiX2F1dGhfdXNlcl9iYWNrZW5kIjoiZGphbmdvLmNvbnRyaWIuYXV0aC5iYWNrZW5kcy5Nb2RlbEJhY2tlbmQiLCJfYXV0aF91c2VyX2hhc2giOiI4MGFmMTQzYTRiNzgxNDYxM2Q4MmEwMWViYTcxNzJlMzJmN2VkMjA0IiwiX3Nlc3Npb25fZXhwaXJ5IjowfQ==	2020-10-25 23:31:54.591527-03
1vk6q3fnfzbjckcedzdnme1ql796ys50	YjZkYTdlNWZlOTg4NGNmMjFmYmZiOTEwNjhmYTg4MzM5NDU2NzlmZTp7Il9hdXRoX3VzZXJfaWQiOiIyIiwiX2F1dGhfdXNlcl9iYWNrZW5kIjoiZGphbmdvLmNvbnRyaWIuYXV0aC5iYWNrZW5kcy5Nb2RlbEJhY2tlbmQiLCJfYXV0aF91c2VyX2hhc2giOiI4MGFmMTQzYTRiNzgxNDYxM2Q4MmEwMWViYTcxNzJlMzJmN2VkMjA0IiwiX3Nlc3Npb25fZXhwaXJ5IjowfQ==	2020-10-26 15:36:04.204689-03
d4agkxlj7an0hg9l4vzq42fuiqwhzg4n	ODJlZGI5M2I4YjY1NjlkODM1ZTRkNmEwYmNjMmNjYzRiMzIyYTI4Njp7ImFjY291bnRfdmVyaWZpZWRfZW1haWwiOm51bGwsIl9hdXRoX3VzZXJfaWQiOiIyMCIsIl9hdXRoX3VzZXJfYmFja2VuZCI6ImFsbGF1dGguYWNjb3VudC5hdXRoX2JhY2tlbmRzLkF1dGhlbnRpY2F0aW9uQmFja2VuZCIsIl9hdXRoX3VzZXJfaGFzaCI6Ijc4YWRhOTRmNDUyZDQ3ZjA0ZGNiNGM5OTQ2OTQyNGEwMTFmMWFiNWIifQ==	2020-10-30 10:51:15.667197-03
\.


--
-- TOC entry 3712 (class 0 OID 72210)
-- Dependencies: 286
-- Data for Name: django_site; Type: TABLE DATA; Schema: public; Owner: admin4
--

COPY public.django_site (id, domain, name) FROM stdin;
1	example.com	example.com
\.


--
-- TOC entry 3645 (class 0 OID 71571)
-- Dependencies: 219
-- Data for Name: guardian_groupobjectpermission; Type: TABLE DATA; Schema: public; Owner: admin4
--

COPY public.guardian_groupobjectpermission (id, object_pk, content_type_id, group_id, permission_id) FROM stdin;
\.


--
-- TOC entry 3647 (class 0 OID 71579)
-- Dependencies: 221
-- Data for Name: guardian_userobjectpermission; Type: TABLE DATA; Schema: public; Owner: admin4
--

COPY public.guardian_userobjectpermission (id, object_pk, content_type_id, permission_id, user_id) FROM stdin;
1	1	20	104	2
2	1	20	103	2
4	1	20	103	4
6	1	20	124	2
9	1	20	124	4
246	5	17	91	2
12	2	20	104	4
13	2	20	103	4
14	3	20	104	4
15	3	20	103	4
17	2	20	124	2
18	2	20	124	4
247	5	17	70	2
248	5	17	71	2
249	5	17	72	2
250	5	17	91	4
251	5	17	70	4
252	5	17	71	4
253	5	17	72	4
271	4	20	104	2
272	4	20	103	2
276	5	20	169	2
277	7	17	88	2
278	7	17	72	2
279	8	17	88	2
280	8	17	72	2
291	6	20	104	16
292	6	20	103	16
293	6	20	103	15
294	6	20	103	14
295	6	20	103	17
296	6	20	103	19
297	7	20	104	15
298	7	20	103	15
299	8	20	104	15
300	8	20	103	15
301	9	20	104	15
302	9	20	103	15
303	9	20	103	14
304	10	20	104	15
305	10	20	103	15
306	10	20	103	14
307	10	20	103	18
308	10	20	103	17
309	10	20	103	16
310	10	20	103	19
311	10	20	169	14
312	11	17	88	14
313	11	17	72	14
314	12	17	88	14
315	12	17	72	14
316	13	17	88	14
317	13	17	72	14
318	14	17	88	14
319	14	17	72	14
320	10	20	169	19
321	11	17	88	19
322	11	17	72	19
323	12	17	88	19
324	12	17	72	19
325	13	17	88	19
326	13	17	72	19
327	14	17	88	19
328	14	17	72	19
329	10	20	169	18
330	11	17	88	18
331	11	17	72	18
332	12	17	88	18
333	12	17	72	18
334	13	17	88	18
335	13	17	72	18
336	14	17	88	18
337	14	17	72	18
338	11	17	70	17
339	11	17	73	17
340	11	17	80	17
341	11	17	75	17
342	11	17	85	17
343	11	17	82	17
344	11	17	78	17
345	11	17	77	17
346	11	17	83	17
347	11	17	72	17
348	11	17	86	16
349	11	17	87	16
350	11	17	90	16
351	11	17	88	16
352	11	17	72	16
353	10	20	103	20
354	11	17	74	20
355	11	17	91	20
356	11	17	71	20
357	11	17	84	20
358	11	17	81	20
359	11	17	80	20
360	11	17	75	20
361	11	17	85	20
362	11	17	82	20
363	11	17	83	20
364	11	17	72	20
375	12	17	72	17
376	12	17	70	20
377	12	17	73	20
378	12	17	80	20
379	12	17	75	20
380	12	17	85	20
381	12	17	82	20
382	12	17	78	20
383	12	17	77	20
384	12	17	83	20
385	12	17	72	20
386	12	17	86	17
387	12	17	87	17
388	12	17	90	17
389	12	17	88	17
390	12	17	74	16
391	12	17	91	16
392	12	17	71	16
393	12	17	84	16
394	12	17	81	16
395	12	17	80	16
396	12	17	75	16
397	12	17	85	16
398	12	17	82	16
399	12	17	83	16
400	12	17	72	16
401	13	17	70	17
402	13	17	73	17
403	13	17	80	17
404	13	17	75	17
405	13	17	85	17
406	13	17	82	17
407	13	17	78	17
408	13	17	77	17
409	13	17	83	17
410	13	17	72	17
411	13	17	86	16
412	13	17	87	16
413	13	17	90	16
414	13	17	88	16
415	13	17	72	16
416	13	17	74	20
417	13	17	91	20
418	13	17	71	20
419	13	17	84	20
420	13	17	81	20
421	13	17	80	20
422	13	17	75	20
423	13	17	85	20
424	13	17	82	20
425	13	17	83	20
426	13	17	72	20
427	14	17	86	17
428	14	17	87	17
429	14	17	90	17
430	14	17	88	17
431	14	17	72	17
432	14	17	74	16
433	14	17	91	16
434	14	17	71	16
435	14	17	84	16
436	14	17	81	16
437	14	17	80	16
438	14	17	75	16
439	14	17	85	16
440	14	17	82	16
441	14	17	83	16
442	14	17	72	16
443	14	17	70	20
444	14	17	73	20
445	14	17	80	20
446	14	17	75	20
447	14	17	85	20
448	14	17	82	20
449	14	17	78	20
450	14	17	77	20
451	14	17	83	20
452	14	17	72	20
453	11	20	104	14
454	11	20	103	14
455	11	20	103	20
456	11	20	103	18
457	11	20	103	17
458	11	20	103	16
459	11	20	103	15
460	11	20	103	19
461	11	20	169	15
462	15	17	88	15
463	15	17	72	15
464	16	17	88	15
465	16	17	72	15
466	17	17	88	15
467	17	17	72	15
468	11	20	169	19
469	15	17	88	19
470	15	17	72	19
471	16	17	88	19
472	16	17	72	19
473	17	17	88	19
474	17	17	72	19
475	11	20	169	16
476	15	17	88	16
477	15	17	72	16
478	16	17	88	16
479	16	17	72	16
480	17	17	88	16
481	17	17	72	16
482	15	17	70	18
483	15	17	73	18
484	15	17	80	18
485	15	17	75	18
486	15	17	85	18
487	15	17	82	18
488	15	17	78	18
489	15	17	77	18
490	15	17	83	18
491	15	17	72	18
492	15	17	74	20
493	15	17	91	20
494	15	17	71	20
495	15	17	84	20
496	15	17	81	20
497	15	17	80	20
498	15	17	75	20
499	15	17	85	20
500	15	17	82	20
501	15	17	83	20
502	15	17	72	20
503	15	17	86	17
504	15	17	87	17
505	15	17	90	17
506	15	17	88	17
507	15	17	72	17
508	16	17	74	18
509	16	17	91	18
510	16	17	71	18
511	16	17	84	18
512	16	17	81	18
513	16	17	80	18
514	16	17	75	18
515	16	17	85	18
516	16	17	82	18
517	16	17	83	18
518	16	17	72	18
519	16	17	70	17
520	16	17	73	17
521	16	17	80	17
522	16	17	75	17
523	16	17	85	17
524	16	17	82	17
525	16	17	78	17
526	16	17	77	17
527	16	17	83	17
528	16	17	72	17
529	16	17	86	20
530	16	17	87	20
531	16	17	90	20
532	16	17	88	20
533	16	17	72	20
534	17	17	70	18
535	17	17	73	18
536	17	17	80	18
537	17	17	75	18
538	17	17	85	18
539	17	17	82	18
540	17	17	78	18
541	17	17	77	18
542	17	17	83	18
543	17	17	72	18
544	17	17	86	17
545	17	17	87	17
546	17	17	90	17
547	17	17	88	17
548	17	17	72	17
549	17	17	74	20
550	17	17	91	20
551	17	17	71	20
552	17	17	84	20
553	17	17	81	20
554	17	17	80	20
555	17	17	75	20
556	17	17	85	20
557	17	17	82	20
558	17	17	83	20
559	17	17	72	20
560	12	20	104	18
561	12	20	103	18
562	12	20	103	16
563	12	20	103	14
564	12	20	103	15
565	12	20	103	19
566	12	20	103	17
567	12	20	103	20
568	12	20	169	19
569	18	17	88	19
570	18	17	72	19
571	19	17	88	19
572	19	17	72	19
573	12	20	169	15
574	18	17	88	15
575	18	17	72	15
576	19	17	88	15
577	19	17	72	15
578	12	20	169	20
579	18	17	88	20
580	18	17	72	20
581	19	17	88	20
582	19	17	72	20
583	18	17	70	14
584	18	17	73	14
585	18	17	80	14
586	18	17	75	14
587	18	17	85	14
588	18	17	82	14
589	18	17	78	14
590	18	17	77	14
591	18	17	83	14
592	18	17	72	14
593	18	17	74	17
594	18	17	91	17
595	18	17	71	17
596	18	17	84	17
597	18	17	81	17
598	18	17	80	17
599	18	17	75	17
600	18	17	85	17
601	18	17	82	17
602	18	17	83	17
603	18	17	72	17
604	18	17	86	19
605	18	17	87	19
606	18	17	90	19
607	19	17	70	17
608	19	17	73	17
609	19	17	80	17
610	19	17	75	17
611	19	17	85	17
612	19	17	82	17
613	19	17	78	17
614	19	17	77	17
615	19	17	83	17
616	19	17	72	17
617	19	17	74	19
618	19	17	91	19
619	19	17	71	19
620	19	17	84	19
621	19	17	81	19
622	19	17	80	19
623	19	17	75	19
624	19	17	85	19
625	19	17	82	19
626	19	17	83	19
627	19	17	86	14
628	19	17	87	14
629	19	17	90	14
630	19	17	88	14
631	19	17	72	14
\.


--
-- TOC entry 3649 (class 0 OID 71629)
-- Dependencies: 223
-- Data for Name: perms_permisos; Type: TABLE DATA; Schema: public; Owner: admin4
--

COPY public.perms_permisos (id) FROM stdin;
\.


--
-- TOC entry 3651 (class 0 OID 71637)
-- Dependencies: 225
-- Data for Name: proyecto_campoextra; Type: TABLE DATA; Schema: public; Owner: admin4
--

COPY public.proyecto_campoextra (id, titulo) FROM stdin;
\.


--
-- TOC entry 3705 (class 0 OID 71872)
-- Dependencies: 279
-- Data for Name: proyecto_campoextravalores; Type: TABLE DATA; Schema: public; Owner: admin4
--

COPY public.proyecto_campoextravalores (id, valor, "campoExtra_id") FROM stdin;
\.


--
-- TOC entry 3653 (class 0 OID 71645)
-- Dependencies: 227
-- Data for Name: proyecto_fase; Type: TABLE DATA; Schema: public; Owner: admin4
--

COPY public.proyecto_fase (id, nombre, descripcion, estado) FROM stdin;
17	Fase3	tercera	abierta
15	Fase1	Primera	abierta
16	Fase2	fdsafas	abierta
18	Fase1	Fase1	cerrada
19	Fase2	jfsadk	abierta
9	Fase1	Primera fase.	abierta
10	Fase2	Segunda fase	abierta
11	Fase1	Fase1	abierta
12	Fase2	segunda fase	abierta
13	Fase3	tercera	abierta
14	Fase4	Cuarta fase	abierta
\.


--
-- TOC entry 3699 (class 0 OID 71848)
-- Dependencies: 273
-- Data for Name: proyecto_fase_items; Type: TABLE DATA; Schema: public; Owner: admin4
--

COPY public.proyecto_fase_items (id, fase_id, item_id) FROM stdin;
27	15	27
28	15	28
29	15	29
30	16	30
31	16	31
32	16	32
33	17	33
34	18	34
35	18	35
36	19	36
37	19	37
\.


--
-- TOC entry 3701 (class 0 OID 71856)
-- Dependencies: 275
-- Data for Name: proyecto_fase_lineasBase; Type: TABLE DATA; Schema: public; Owner: admin4
--

COPY public."proyecto_fase_lineasBase" (id, fase_id, lineabase_id) FROM stdin;
15	15	15
16	15	16
17	16	17
18	18	18
19	18	19
20	19	20
\.


--
-- TOC entry 3703 (class 0 OID 71864)
-- Dependencies: 277
-- Data for Name: proyecto_fase_tipoItem; Type: TABLE DATA; Schema: public; Owner: admin4
--

COPY public."proyecto_fase_tipoItem" (id, fase_id, tipodeitem_id) FROM stdin;
8	11	22
9	11	23
10	12	22
11	12	23
12	13	22
13	13	23
14	14	22
15	14	23
16	15	22
17	15	20
18	16	20
19	16	22
20	17	20
21	17	22
22	18	20
23	19	21
\.


--
-- TOC entry 3655 (class 0 OID 71653)
-- Dependencies: 229
-- Data for Name: proyecto_faseuser; Type: TABLE DATA; Schema: public; Owner: admin4
--

COPY public.proyecto_faseuser (id, fase_id, user_id) FROM stdin;
36	11	17
37	11	16
38	11	20
39	12	17
40	12	20
41	12	16
42	13	17
43	13	16
44	13	20
45	14	17
46	14	16
47	14	20
48	15	18
49	15	20
50	15	17
51	16	18
52	16	17
53	16	20
54	17	18
55	17	17
56	17	20
57	18	14
58	18	17
59	18	19
60	19	17
61	19	19
62	19	14
\.


--
-- TOC entry 3697 (class 0 OID 71840)
-- Dependencies: 271
-- Data for Name: proyecto_files; Type: TABLE DATA; Schema: public; Owner: admin4
--

COPY public.proyecto_files (id, file, item_id) FROM stdin;
\.


--
-- TOC entry 3657 (class 0 OID 71661)
-- Dependencies: 231
-- Data for Name: proyecto_item; Type: TABLE DATA; Schema: public; Owner: admin4
--

COPY public.proyecto_item (id, nombre, campo_extra_valores, fecha, estado, observacion, costo, version, archivos, "tipoItem_id", faseid) FROM stdin;
27	item1	{Pedro}	2020-10-18	en linea base	Es un item	9	0	{}	20	15
29	item3	{Tigo}	2020-10-25	en linea base	Es un item pero 3	12	0	{}	22	15
28	item2	{Gisselle}	2020-10-18	en linea base	Es un item pero 2	14	0	{}	20	15
30	item4	{Pedro}	2020-10-08	aprobado	Es un item	16	0	{}	20	16
32	item6	{Pedro}	2020-10-30	en linea base	Es un item6	20	0	{}	20	16
31	item5	{Gisselle}	2020-10-18	en linea base	Es un item5	7	0	{}	20	16
33	item7	{Personal}	2020-11-01	aprobado	Es un item pero 7	23	0	{}	22	17
34	item1	{Kath}	2020-10-17	en linea base	adfjadf	3	0	{}	20	18
35	item2	{Pedro}	2020-10-31	en linea base	adfjadf	23	0	{}	20	18
36	item3	{Claro}	2020-10-21	en linea base	Es un item3	32	0	{}	21	19
37	item4	{Claro}	2020-10-24	en linea base	Es un item5	10	0	{}	21	19
\.


--
-- TOC entry 3689 (class 0 OID 71803)
-- Dependencies: 263
-- Data for Name: proyecto_lineabase; Type: TABLE DATA; Schema: public; Owner: admin4
--

COPY public.proyecto_lineabase (id, nombre, estado, creador_id) FROM stdin;
17	LineaBase1-Fase2	cerrada	20
18	LineaBase1-Fase1	cerrada	19
19	LineaBase2-Fase1	cerrada	19
20	LineaBase1-Fase2	cerrada	14
15	LineaBase1-Fase1	cerrada	17
16	LineaBase2-Fase1	cerrada	17
\.


--
-- TOC entry 3691 (class 0 OID 71811)
-- Dependencies: 265
-- Data for Name: proyecto_lineabase_items; Type: TABLE DATA; Schema: public; Owner: admin4
--

COPY public.proyecto_lineabase_items (id, lineabase_id, item_id) FROM stdin;
16	15	27
17	16	29
18	16	28
19	17	32
20	17	31
21	18	34
22	19	35
23	20	36
24	20	37
\.


--
-- TOC entry 3693 (class 0 OID 71819)
-- Dependencies: 267
-- Data for Name: proyecto_lineabase_roturaLineaBaseComprometida; Type: TABLE DATA; Schema: public; Owner: admin4
--

COPY public."proyecto_lineabase_roturaLineaBaseComprometida" (id, lineabase_id, roturalineabasecomprometida_id) FROM stdin;
\.


--
-- TOC entry 3695 (class 0 OID 71827)
-- Dependencies: 269
-- Data for Name: proyecto_lineabase_roturaslineasBase; Type: TABLE DATA; Schema: public; Owner: admin4
--

COPY public."proyecto_lineabase_roturaslineasBase" (id, lineabase_id, roturalineabase_id) FROM stdin;
\.


--
-- TOC entry 3659 (class 0 OID 71672)
-- Dependencies: 233
-- Data for Name: proyecto_proyecto; Type: TABLE DATA; Schema: public; Owner: admin4
--

COPY public.proyecto_proyecto (id, nombre, descripcion, fecha_inicio, fecha_fin, estado, creador_id, gerente_id) FROM stdin;
12	ProyectoFinalizable	Proyecto listo para finalizar	2020-10-07	2020-10-29	inicializado	16	18
6	ProyectoPendiente	Proyecto en estado pendiente para la revision de la it5	2020-10-15	2021-01-15	pendiente	18	16
10	ProIniciadoSinItems	Proyecto iteracion 5, iniciado sin items.	2020-10-16	2020-10-24	inicializado	14	15
11	IniciadoAvanzado	Proyecto it5 con items y relaciones, se le puede hallar trazabilidad  e impacto	2020-10-16	2021-05-27	inicializado	20	14
\.


--
-- TOC entry 3661 (class 0 OID 71683)
-- Dependencies: 235
-- Data for Name: proyecto_proyecto_comite; Type: TABLE DATA; Schema: public; Owner: admin4
--

COPY public.proyecto_proyecto_comite (id, proyecto_id, user_id) FROM stdin;
25	6	18
26	6	17
27	6	15
28	10	14
29	10	19
30	10	18
31	11	15
32	11	19
33	11	16
34	12	19
35	12	15
36	12	20
\.


--
-- TOC entry 3683 (class 0 OID 71779)
-- Dependencies: 257
-- Data for Name: proyecto_proyecto_roles; Type: TABLE DATA; Schema: public; Owner: admin4
--

COPY public.proyecto_proyecto_roles (id, proyecto_id, rol_id) FROM stdin;
17	6	17
18	6	18
19	6	19
20	10	20
21	10	21
22	10	22
23	11	23
24	11	24
25	11	25
26	12	26
27	12	27
28	12	28
\.


--
-- TOC entry 3685 (class 0 OID 71787)
-- Dependencies: 259
-- Data for Name: proyecto_proyecto_tipoItem; Type: TABLE DATA; Schema: public; Owner: admin4
--

COPY public."proyecto_proyecto_tipoItem" (id, proyecto_id, tipodeitem_id) FROM stdin;
22	6	20
23	6	21
24	10	22
25	10	23
26	11	20
27	11	22
28	12	20
29	12	21
30	12	22
31	12	23
\.


--
-- TOC entry 3687 (class 0 OID 71795)
-- Dependencies: 261
-- Data for Name: proyecto_proyecto_usuarios; Type: TABLE DATA; Schema: public; Owner: admin4
--

COPY public.proyecto_proyecto_usuarios (id, proyecto_id, user_id) FROM stdin;
19	6	18
20	6	16
21	6	15
22	6	14
23	6	17
24	6	19
31	10	14
32	10	15
33	10	18
34	10	17
35	10	16
36	10	19
37	10	20
38	11	20
39	11	14
40	11	18
41	11	17
42	11	16
43	11	15
44	11	19
45	12	16
46	12	18
47	12	14
48	12	15
49	12	19
50	12	17
51	12	20
\.


--
-- TOC entry 3681 (class 0 OID 71766)
-- Dependencies: 255
-- Data for Name: proyecto_proyectofase; Type: TABLE DATA; Schema: public; Owner: admin4
--

COPY public.proyecto_proyectofase (id, fase_id, proyecto_id) FROM stdin;
9	9	6
10	10	6
11	11	10
12	12	10
13	13	10
14	14	10
15	15	11
16	16	11
17	17	11
18	18	12
19	19	12
\.


--
-- TOC entry 3679 (class 0 OID 71758)
-- Dependencies: 253
-- Data for Name: proyecto_relacion; Type: TABLE DATA; Schema: public; Owner: admin4
--

COPY public.proyecto_relacion (id, tipo, fase_item_to_id, item_from_id, item_to_id) FROM stdin;
31	padre	15	28	29
32	hijo	15	29	28
33	antecesor	16	27	30
34	sucesor	15	30	27
37	antecesor	16	28	32
38	sucesor	15	32	28
39	antecesor	17	32	33
40	sucesor	16	33	32
41	padre	16	31	32
42	hijo	16	32	31
43	padre	16	30	31
44	hijo	16	31	30
45	antecesor	19	34	36
46	sucesor	18	36	34
47	antecesor	19	35	37
48	sucesor	18	37	35
\.


--
-- TOC entry 3675 (class 0 OID 71742)
-- Dependencies: 249
-- Data for Name: proyecto_rol; Type: TABLE DATA; Schema: public; Owner: admin4
--

COPY public.proyecto_rol (id, nombre, perms_id) FROM stdin;
26	Desarrollador	26
27	QA	27
17	Desarrollador	17
28	LBasero	28
18	LBasero	18
19	QA	19
22	LBasero	22
21	QA	21
20	Desarrollador	20
23	Desarrollador	23
25	LBasero	25
24	QA	24
\.


--
-- TOC entry 3677 (class 0 OID 71750)
-- Dependencies: 251
-- Data for Name: proyecto_rol_faseUser; Type: TABLE DATA; Schema: public; Owner: admin4
--

COPY public."proyecto_rol_faseUser" (id, rol_id, faseuser_id) FROM stdin;
49	20	36
50	22	37
51	21	38
53	20	40
54	22	39
55	21	41
56	20	42
57	22	43
58	21	44
59	22	45
60	21	46
61	20	47
62	23	48
63	24	49
64	25	50
65	24	51
66	23	52
67	25	53
68	23	54
69	25	55
70	24	56
71	26	57
72	27	58
73	28	59
74	26	60
75	27	61
76	28	62
\.


--
-- TOC entry 3669 (class 0 OID 71718)
-- Dependencies: 243
-- Data for Name: proyecto_roturalineabase; Type: TABLE DATA; Schema: public; Owner: admin4
--

COPY public.proyecto_roturalineabase (id, descripcion_solicitud, voto_uno, voto_dos, voto_tres, fecha, estado, solicitante_id) FROM stdin;
\.


--
-- TOC entry 3671 (class 0 OID 71726)
-- Dependencies: 245
-- Data for Name: proyecto_roturalineabase_items_implicados; Type: TABLE DATA; Schema: public; Owner: admin4
--

COPY public.proyecto_roturalineabase_items_implicados (id, roturalineabase_id, item_id) FROM stdin;
\.


--
-- TOC entry 3673 (class 0 OID 71734)
-- Dependencies: 247
-- Data for Name: proyecto_roturalineabase_votos_registrados; Type: TABLE DATA; Schema: public; Owner: admin4
--

COPY public.proyecto_roturalineabase_votos_registrados (id, roturalineabase_id, user_id) FROM stdin;
\.


--
-- TOC entry 3665 (class 0 OID 71702)
-- Dependencies: 239
-- Data for Name: proyecto_roturalineabasecomprometida; Type: TABLE DATA; Schema: public; Owner: admin4
--

COPY public.proyecto_roturalineabasecomprometida (id, uno_voto_comprometida, dos_voto_comprometida, tres_voto_comprometida, comprometida_estado) FROM stdin;
\.


--
-- TOC entry 3667 (class 0 OID 71710)
-- Dependencies: 241
-- Data for Name: proyecto_roturalineabasecomprometida_registrados_votos_comp6f7e; Type: TABLE DATA; Schema: public; Owner: admin4
--

COPY public.proyecto_roturalineabasecomprometida_registrados_votos_comp6f7e (id, roturalineabasecomprometida_id, user_id) FROM stdin;
\.


--
-- TOC entry 3663 (class 0 OID 71691)
-- Dependencies: 237
-- Data for Name: proyecto_tipodeitem; Type: TABLE DATA; Schema: public; Owner: admin4
--

COPY public.proyecto_tipodeitem (id, "nombreTipo", descripcion, campo_extra) FROM stdin;
20	RF	Requerimiento funcional	{Encargado}
21	RNF	Requerimiento no funcional	{Empresa}
22	RFPI	Requerimiento Funcional	{Empresa}
23	RNFPI	Requerimiento no Funcional	{Comercio}
\.


--
-- TOC entry 3707 (class 0 OID 72157)
-- Dependencies: 281
-- Data for Name: reversion_revision; Type: TABLE DATA; Schema: public; Owner: admin4
--

COPY public.reversion_revision (id, date_created, comment, user_id) FROM stdin;
1	2020-10-10 15:17:18.01435-03		2
2	2020-10-10 15:17:24.636155-03		2
3	2020-10-10 15:17:30.80339-03		2
4	2020-10-10 15:18:05.58805-03		2
5	2020-10-10 15:19:08.197311-03	holibb...	2
6	2020-10-10 15:19:27.026701-03	holibb...	2
7	2020-10-10 15:21:58.394119-03		2
8	2020-10-10 15:22:01.997027-03		2
9	2020-10-10 15:23:32.127484-03		2
10	2020-10-10 15:24:01.343159-03	holibb...	2
11	2020-10-10 15:24:24.990271-03	holibb...	2
12	2020-10-10 15:25:04.943655-03		2
13	2020-10-10 15:25:27.002493-03		2
14	2020-10-10 15:25:58.301622-03	holibb...	2
15	2020-10-10 15:26:47.971339-03		2
16	2020-10-10 15:27:31.229302-03		2
17	2020-10-10 15:28:07.360844-03		2
18	2020-10-10 15:29:03.653512-03		2
19	2020-10-10 15:29:54.30405-03		2
20	2020-10-10 15:31:01.943014-03	holibb...	2
21	2020-10-10 15:31:26.779864-03	holibb...	2
22	2020-10-10 15:32:06.331202-03		2
23	2020-10-10 15:32:22.328325-03		2
24	2020-10-10 15:36:36.933374-03		2
25	2020-10-10 15:37:05.173326-03		2
26	2020-10-10 15:37:33.514285-03	holibb...	2
27	2020-10-10 15:37:52.217885-03	holibb...	2
28	2020-10-10 15:38:22.931387-03		2
29	2020-10-10 15:38:44.597504-03		2
30	2020-10-10 15:39:12.570004-03		2
31	2020-10-10 15:46:46.32186-03		2
32	2020-10-10 16:07:02.690839-03		2
33	2020-10-10 16:07:39.589441-03	Modificado Estado.	2
34	2020-10-10 16:07:55.667864-03	Modificado Estado.	2
35	2020-10-10 16:19:01.389209-03	Modificado Estado.	2
36	2020-10-10 16:19:20.743829-03	Modificado Estado.	2
37	2020-10-10 16:19:34.517033-03	Modificado Estado.	2
38	2020-10-10 16:20:30.483959-03		2
39	2020-10-10 16:20:44.764002-03		2
42	2020-10-10 16:47:41.999184-03	Modificado Estado.	2
43	2020-10-10 16:47:55.410268-03	Modificado Estado.	2
44	2020-10-10 16:48:08.268302-03	Modificado Estado.	2
45	2020-10-10 16:48:25.306956-03		2
46	2020-10-10 16:48:40.225152-03		2
47	2020-10-10 16:50:02.371306-03		2
48	2020-10-10 16:50:35.673722-03		2
49	2020-10-10 17:12:22.563064-03	Modificado Estado.	2
50	2020-10-10 17:13:43.822989-03	Modificado Estado.	2
51	2020-10-10 17:13:54.564157-03	Modificado Estado.	2
52	2020-10-10 17:14:14.567436-03	Modificado Estado.	2
53	2020-10-10 17:14:33.965303-03	Modificado Estado.	2
54	2020-10-10 17:15:10.974851-03		2
55	2020-10-10 17:15:25.085899-03		2
56	2020-10-10 17:33:50.673479-03		2
57	2020-10-10 18:16:59.600169-03		2
58	2020-10-11 12:04:25.650826-03	holibb...	2
59	2020-10-11 14:07:47.045174-03		2
60	2020-10-11 16:14:04.595054-03		2
62	2020-10-11 20:29:16.123093-03	modificada...	2
63	2020-10-11 20:58:07.545286-03	modificada...	2
64	2020-10-11 20:59:25.573196-03	modificada...	2
65	2020-10-11 21:02:14.715305-03	modificada...	2
66	2020-10-11 21:02:38.25272-03	modificada...	2
67	2020-10-11 21:02:57.930747-03	modificada...	2
68	2020-10-11 21:03:20.569453-03	modificada...	2
69	2020-10-11 21:04:12.346557-03	modificada...	2
70	2020-10-11 21:05:17.121278-03	modificada...	2
71	2020-10-11 21:05:47.419122-03	modificada...	2
72	2020-10-11 21:06:50.688382-03	modificada...	2
73	2020-10-11 21:10:24.692765-03	modificada...	2
74	2020-10-11 21:12:24.494858-03	modificada...	2
75	2020-10-11 21:12:49.627499-03	modificada...	2
76	2020-10-11 21:14:21.200487-03	modificada...	2
77	2020-10-11 21:16:41.999288-03	modificada...	2
78	2020-10-11 21:17:08.923033-03	modificada...	2
79	2020-10-11 21:17:41.878224-03	modificada...	2
80	2020-10-11 21:57:01.728238-03		2
40	2020-10-10 16:46:34.659776-03	holibb...	\N
41	2020-10-10 16:47:07.376886-03	holibb...	\N
81	2020-10-15 04:43:29.350509-03		2
82	2020-10-15 04:46:12.647584-03	holibb...	2
83	2020-10-15 04:46:46.300021-03		2
84	2020-10-15 04:47:06.236116-03		2
85	2020-10-15 04:51:20.116348-03	holibb...	2
86	2020-10-15 04:51:48.51481-03		2
87	2020-10-15 04:52:23.762842-03		2
88	2020-10-15 05:02:47.355015-03		2
89	2020-10-15 05:03:27.842396-03		2
93	2020-10-15 16:04:21.434702-03		2
94	2020-10-15 16:46:05.549857-03	holibb...	2
95	2020-10-15 16:46:57.936944-03	Modificado Estado.	2
96	2020-10-15 20:23:47.16153-03	holibb...	2
97	2020-10-15 20:24:35.038871-03	holibb...	2
98	2020-10-15 20:26:18.427437-03	holibb...	2
99	2020-10-15 20:27:48.209007-03	holibb...	2
100	2020-10-15 20:29:54.143283-03	holibb...	2
101	2020-10-15 20:32:09.996709-03	holibb...	2
102	2020-10-15 20:35:25.014159-03	modificada...	2
103	2020-10-15 20:40:52.656274-03	modificada...	2
104	2020-10-15 20:59:07.714979-03	Modificado Estado.	2
105	2020-10-15 21:14:43.106824-03		2
106	2020-10-16 01:19:55.803364-03	Modificado Estado.	2
107	2020-10-16 01:20:09.927435-03	Modificado Estado.	2
108	2020-10-16 01:20:33.195305-03	Modificado Estado.	2
109	2020-10-16 01:30:10.689243-03	Modificado Estado.	2
110	2020-10-16 01:30:26.926112-03	Modificado Estado.	2
111	2020-10-16 01:45:42.854146-03	holibb...	2
112	2020-10-16 01:46:09.108178-03		2
113	2020-10-16 01:49:12.831516-03		2
114	2020-10-16 01:50:58.688785-03		2
115	2020-10-16 02:55:51.961693-03	Modificado Estado.	2
116	2020-10-16 02:56:06.988878-03		2
117	2020-10-16 03:01:04.217267-03	Modificado Estado.	2
118	2020-10-16 04:10:19.117755-03		2
119	2020-10-16 04:10:25.618153-03		2
120	2020-10-16 04:10:54.766959-03		2
121	2020-10-16 04:11:16.564723-03	holibb...	2
122	2020-10-16 04:11:40.156436-03	holibb...	2
123	2020-10-16 04:12:37.83956-03		2
124	2020-10-16 04:12:41.059036-03		2
125	2020-10-16 04:13:18.725145-03		2
126	2020-10-16 04:13:34.747692-03	holibb...	2
127	2020-10-16 04:13:54.003556-03		2
128	2020-10-16 04:14:54.898068-03		2
129	2020-10-16 04:18:06.115867-03		2
61	2020-10-11 19:37:28.519816-03		\N
90	2020-10-15 05:45:14.545348-03		\N
91	2020-10-15 05:45:34.313345-03		\N
92	2020-10-15 06:24:17.084741-03		\N
130	2020-10-16 10:17:34.850492-03		16
131	2020-10-16 10:17:56.415767-03		16
132	2020-10-16 10:45:14.517668-03		15
133	2020-10-16 10:45:30.432576-03		15
134	2020-10-16 10:45:38.964167-03		15
135	2020-10-16 10:45:49.673522-03		15
136	2020-10-16 10:47:29.98501-03		15
137	2020-10-16 10:47:33.706036-03		15
138	2020-10-16 10:47:47.488709-03		15
139	2020-10-16 10:47:51.270826-03		15
140	2020-10-16 10:48:14.881744-03		15
141	2020-10-16 10:48:18.570953-03		15
142	2020-10-16 10:48:36.177532-03		15
143	2020-10-16 10:48:39.931887-03		15
144	2020-10-16 11:05:40.20434-03		14
145	2020-10-16 11:05:49.780019-03		14
146	2020-10-16 11:05:59.538174-03		14
147	2020-10-16 11:06:56.433975-03		14
148	2020-10-16 11:07:00.196988-03		14
149	2020-10-16 11:08:32.089436-03		14
150	2020-10-16 11:08:36.03723-03		14
151	2020-10-16 11:09:57.261884-03		14
152	2020-10-16 11:10:00.950149-03		14
153	2020-10-16 11:16:42.992658-03		18
154	2020-10-16 11:17:11.244101-03		18
155	2020-10-16 11:17:41.523292-03		18
156	2020-10-16 11:21:25.484745-03		18
157	2020-10-16 11:23:00.650646-03		17
158	2020-10-16 11:23:11.435481-03		17
159	2020-10-16 11:24:58.029696-03		17
160	2020-10-16 11:25:34.31878-03		17
161	2020-10-16 11:26:08.229634-03		17
162	2020-10-16 11:27:53.926559-03		18
163	2020-10-16 11:28:02.966896-03		18
164	2020-10-16 11:28:38.291275-03		18
165	2020-10-16 11:37:04.885169-03		20
166	2020-10-16 11:38:19.525445-03		18
167	2020-10-16 11:39:54.867741-03		17
168	2020-10-16 11:43:53.755248-03		17
169	2020-10-16 11:44:56.670022-03		17
170	2020-10-16 11:51:49.071364-03		18
171	2020-10-16 11:51:59.809124-03		18
172	2020-10-16 11:52:24.54571-03		18
173	2020-10-16 11:54:25.259689-03		14
174	2020-10-16 11:54:53.738925-03		14
175	2020-10-16 11:58:20.534945-03		19
176	2020-10-16 11:58:26.746236-03		19
177	2020-10-16 11:59:23.835696-03		18
178	2020-10-16 12:00:44.942118-03		17
179	2020-10-16 12:01:12.218113-03		17
180	2020-10-16 12:04:33.41322-03		14
181	2020-10-16 12:04:59.767952-03		14
182	2020-10-16 12:05:35.902225-03		14
183	2020-10-16 12:09:29.587939-03		14
184	2020-10-16 12:12:30.786526-03	Modificado Estado.	2
\.


--
-- TOC entry 3709 (class 0 OID 72168)
-- Dependencies: 283
-- Data for Name: reversion_version; Type: TABLE DATA; Schema: public; Owner: admin4
--

COPY public.reversion_version (id, object_id, format, serialized_data, object_repr, content_type_id, revision_id, db) FROM stdin;
1	1	json	[{"model": "proyecto.fase", "pk": 1, "fields": {"nombre": "Fase1", "descripcion": "fadsfasfa", "estado": "abierta", "items": [], "tipoItem": [], "lineasBase": []}}]	Fase object (1)	17	1	default
2	2	json	[{"model": "proyecto.fase", "pk": 2, "fields": {"nombre": "Fase2", "descripcion": "fdasfasfas", "estado": "abierta", "items": [], "tipoItem": [], "lineasBase": []}}]	Fase object (2)	17	2	default
3	3	json	[{"model": "proyecto.fase", "pk": 3, "fields": {"nombre": "Fase3", "descripcion": "fadsfaf", "estado": "abierta", "items": [], "tipoItem": [], "lineasBase": []}}]	Fase object (3)	17	3	default
4	1	json	[{"model": "proyecto.fase", "pk": 1, "fields": {"nombre": "Fase1", "descripcion": "fadsfasfa", "estado": "abierta", "items": [], "tipoItem": [1], "lineasBase": []}}]	Fase object (1)	17	4	default
5	1	json	[{"model": "proyecto.item", "pk": 1, "fields": {"tipoItem": 1, "nombre": "Mitem1_1", "campo_extra_valores": "[\\"fadsf\\"]", "fecha": "2020-10-09", "estado": "en desarrollo", "observacion": "fasd", "costo": "123", "version": 0, "archivos": "[]", "faseid": "1"}}]	Item object (1)	19	5	default
6	1	json	[{"model": "proyecto.fase", "pk": 1, "fields": {"nombre": "Fase1", "descripcion": "fadsfasfa", "estado": "abierta", "items": [1], "tipoItem": [1], "lineasBase": []}}]	Fase object (1)	17	5	default
7	2	json	[{"model": "proyecto.item", "pk": 2, "fields": {"tipoItem": 1, "nombre": "MItem1_2", "campo_extra_valores": "[\\"fadsf\\"]", "fecha": "2020-10-18", "estado": "en desarrollo", "observacion": "fasd", "costo": "123", "version": 0, "archivos": "[]", "faseid": "1"}}]	Item object (2)	19	6	default
8	1	json	[{"model": "proyecto.fase", "pk": 1, "fields": {"nombre": "Fase1", "descripcion": "fadsfasfa", "estado": "abierta", "items": [1, 2], "tipoItem": [1], "lineasBase": []}}]	Fase object (1)	17	6	default
9	1	json	[{"model": "proyecto.lineabase", "pk": 1, "fields": {"nombre": "LineaBase1-Fase1", "estado": "abierta", "creador": 2, "items": [1], "roturaslineasBase": [], "roturaLineaBaseComprometida": []}}]	LineaBase object (1)	27	7	default
10	1	json	[{"model": "proyecto.item", "pk": 1, "fields": {"tipoItem": 1, "nombre": "Mitem1_1", "campo_extra_valores": "[\\"fadsf\\"]", "fecha": "2020-10-09", "estado": "en linea base", "observacion": "fasd", "costo": 123, "version": 0, "archivos": "[]", "faseid": 1}}]	Item object (1)	19	7	default
11	1	json	[{"model": "proyecto.fase", "pk": 1, "fields": {"nombre": "Fase1", "descripcion": "fadsfasfa", "estado": "abierta", "items": [1, 2], "tipoItem": [1], "lineasBase": [1]}}]	Fase object (1)	17	7	default
12	2	json	[{"model": "proyecto.lineabase", "pk": 2, "fields": {"nombre": "LineaBase2-Fase1", "estado": "abierta", "creador": 2, "items": [2], "roturaslineasBase": [], "roturaLineaBaseComprometida": []}}]	LineaBase object (2)	27	8	default
13	2	json	[{"model": "proyecto.item", "pk": 2, "fields": {"tipoItem": 1, "nombre": "MItem1_2", "campo_extra_valores": "[\\"fadsf\\"]", "fecha": "2020-10-18", "estado": "en linea base", "observacion": "fasd", "costo": 123, "version": 0, "archivos": "[]", "faseid": 1}}]	Item object (2)	19	8	default
14	1	json	[{"model": "proyecto.fase", "pk": 1, "fields": {"nombre": "Fase1", "descripcion": "fadsfasfa", "estado": "abierta", "items": [1, 2], "tipoItem": [1], "lineasBase": [1, 2]}}]	Fase object (1)	17	8	default
15	2	json	[{"model": "proyecto.fase", "pk": 2, "fields": {"nombre": "Fase2", "descripcion": "fdasfasfas", "estado": "abierta", "items": [], "tipoItem": [1], "lineasBase": []}}]	Fase object (2)	17	9	default
16	3	json	[{"model": "proyecto.item", "pk": 3, "fields": {"tipoItem": 1, "nombre": "Mitem2_1", "campo_extra_valores": "[\\"fadsf\\"]", "fecha": "2020-10-25", "estado": "en desarrollo", "observacion": "gasdgas", "costo": "123", "version": 0, "archivos": "[]", "faseid": "2"}}]	Item object (3)	19	10	default
17	2	json	[{"model": "proyecto.fase", "pk": 2, "fields": {"nombre": "Fase2", "descripcion": "fdasfasfas", "estado": "abierta", "items": [3], "tipoItem": [1], "lineasBase": []}}]	Fase object (2)	17	10	default
18	4	json	[{"model": "proyecto.item", "pk": 4, "fields": {"tipoItem": 1, "nombre": "Mitem2_2", "campo_extra_valores": "[\\"fadsf\\"]", "fecha": "2020-10-11", "estado": "en desarrollo", "observacion": "fasd", "costo": "13", "version": 0, "archivos": "[]", "faseid": "2"}}]	Item object (4)	19	11	default
19	2	json	[{"model": "proyecto.fase", "pk": 2, "fields": {"nombre": "Fase2", "descripcion": "fdasfasfas", "estado": "abierta", "items": [3, 4], "tipoItem": [1], "lineasBase": []}}]	Fase object (2)	17	11	default
20	1	json	[{"model": "proyecto.relacion", "pk": 1, "fields": {"tipo": "antecesor", "fase_item_to": 2, "item_from": 1, "item_to": 3}}]	Relacion object (1)	25	12	default
21	2	json	[{"model": "proyecto.relacion", "pk": 2, "fields": {"tipo": "sucesor", "fase_item_to": 1, "item_from": 3, "item_to": 1}}]	Relacion object (2)	25	12	default
22	3	json	[{"model": "proyecto.relacion", "pk": 3, "fields": {"tipo": "antecesor", "fase_item_to": 2, "item_from": 2, "item_to": 4}}]	Relacion object (3)	25	13	default
23	4	json	[{"model": "proyecto.relacion", "pk": 4, "fields": {"tipo": "sucesor", "fase_item_to": 1, "item_from": 4, "item_to": 2}}]	Relacion object (4)	25	13	default
24	5	json	[{"model": "proyecto.item", "pk": 5, "fields": {"tipoItem": 1, "nombre": "Mitem2_3", "campo_extra_valores": "[\\"fadsf\\"]", "fecha": "2020-10-18", "estado": "en desarrollo", "observacion": "fasdf", "costo": "123", "version": 0, "archivos": "[]", "faseid": "2"}}]	Item object (5)	19	14	default
25	2	json	[{"model": "proyecto.fase", "pk": 2, "fields": {"nombre": "Fase2", "descripcion": "fdasfasfas", "estado": "abierta", "items": [3, 4, 5], "tipoItem": [1], "lineasBase": []}}]	Fase object (2)	17	14	default
26	5	json	[{"model": "proyecto.relacion", "pk": 5, "fields": {"tipo": "padre", "fase_item_to": 2, "item_from": 3, "item_to": 4}}]	Relacion object (5)	25	15	default
27	6	json	[{"model": "proyecto.relacion", "pk": 6, "fields": {"tipo": "hijo", "fase_item_to": 2, "item_from": 4, "item_to": 3}}]	Relacion object (6)	25	15	default
28	7	json	[{"model": "proyecto.relacion", "pk": 7, "fields": {"tipo": "padre", "fase_item_to": 2, "item_from": 4, "item_to": 5}}]	Relacion object (7)	25	16	default
29	8	json	[{"model": "proyecto.relacion", "pk": 8, "fields": {"tipo": "hijo", "fase_item_to": 2, "item_from": 5, "item_to": 4}}]	Relacion object (8)	25	16	default
30	3	json	[{"model": "proyecto.lineabase", "pk": 3, "fields": {"nombre": "LineaBase1-Fase2", "estado": "abierta", "creador": 2, "items": [4], "roturaslineasBase": [], "roturaLineaBaseComprometida": []}}]	LineaBase object (3)	27	17	default
31	4	json	[{"model": "proyecto.item", "pk": 4, "fields": {"tipoItem": 1, "nombre": "Mitem2_2", "campo_extra_valores": "[\\"fadsf\\"]", "fecha": "2020-10-11", "estado": "en linea base", "observacion": "fasd", "costo": 13, "version": 0, "archivos": "[]", "faseid": 2}}]	Item object (4)	19	17	default
32	2	json	[{"model": "proyecto.fase", "pk": 2, "fields": {"nombre": "Fase2", "descripcion": "fdasfasfas", "estado": "abierta", "items": [3, 4, 5], "tipoItem": [1], "lineasBase": [3]}}]	Fase object (2)	17	17	default
33	4	json	[{"model": "proyecto.lineabase", "pk": 4, "fields": {"nombre": "LineaBase2-Fase2", "estado": "abierta", "creador": 2, "items": [5], "roturaslineasBase": [], "roturaLineaBaseComprometida": []}}]	LineaBase object (4)	27	18	default
34	5	json	[{"model": "proyecto.item", "pk": 5, "fields": {"tipoItem": 1, "nombre": "Mitem2_3", "campo_extra_valores": "[\\"fadsf\\"]", "fecha": "2020-10-18", "estado": "en linea base", "observacion": "fasdf", "costo": 123, "version": 0, "archivos": "[]", "faseid": 2}}]	Item object (5)	19	18	default
35	2	json	[{"model": "proyecto.fase", "pk": 2, "fields": {"nombre": "Fase2", "descripcion": "fdasfasfas", "estado": "abierta", "items": [3, 4, 5], "tipoItem": [1], "lineasBase": [3, 4]}}]	Fase object (2)	17	18	default
36	3	json	[{"model": "proyecto.fase", "pk": 3, "fields": {"nombre": "Fase3", "descripcion": "fadsfaf", "estado": "abierta", "items": [], "tipoItem": [1], "lineasBase": []}}]	Fase object (3)	17	19	default
37	6	json	[{"model": "proyecto.item", "pk": 6, "fields": {"tipoItem": 1, "nombre": "Mitem3_1", "campo_extra_valores": "[\\"fadsf\\"]", "fecha": "2020-10-18", "estado": "en desarrollo", "observacion": "gasdgas", "costo": "123", "version": 0, "archivos": "[]", "faseid": "3"}}]	Item object (6)	19	20	default
38	3	json	[{"model": "proyecto.fase", "pk": 3, "fields": {"nombre": "Fase3", "descripcion": "fadsfaf", "estado": "abierta", "items": [6], "tipoItem": [1], "lineasBase": []}}]	Fase object (3)	17	20	default
39	7	json	[{"model": "proyecto.item", "pk": 7, "fields": {"tipoItem": 1, "nombre": "Mitem3_2", "campo_extra_valores": "[\\"fadsf\\"]", "fecha": "2020-10-23", "estado": "en desarrollo", "observacion": "gasdgas", "costo": "123", "version": 0, "archivos": "[]", "faseid": "3"}}]	Item object (7)	19	21	default
40	3	json	[{"model": "proyecto.fase", "pk": 3, "fields": {"nombre": "Fase3", "descripcion": "fadsfaf", "estado": "abierta", "items": [6, 7], "tipoItem": [1], "lineasBase": []}}]	Fase object (3)	17	21	default
41	9	json	[{"model": "proyecto.relacion", "pk": 9, "fields": {"tipo": "antecesor", "fase_item_to": 3, "item_from": 4, "item_to": 6}}]	Relacion object (9)	25	22	default
42	10	json	[{"model": "proyecto.relacion", "pk": 10, "fields": {"tipo": "sucesor", "fase_item_to": 2, "item_from": 6, "item_to": 4}}]	Relacion object (10)	25	22	default
43	11	json	[{"model": "proyecto.relacion", "pk": 11, "fields": {"tipo": "antecesor", "fase_item_to": 3, "item_from": 5, "item_to": 7}}]	Relacion object (11)	25	23	default
44	12	json	[{"model": "proyecto.relacion", "pk": 12, "fields": {"tipo": "sucesor", "fase_item_to": 2, "item_from": 7, "item_to": 5}}]	Relacion object (12)	25	23	default
45	4	json	[{"model": "proyecto.fase", "pk": 4, "fields": {"nombre": "Fase4", "descripcion": "fasdfadfags", "estado": "abierta", "items": [], "tipoItem": [], "lineasBase": []}}]	Fase object (4)	17	24	default
46	4	json	[{"model": "proyecto.fase", "pk": 4, "fields": {"nombre": "Fase4", "descripcion": "fasdfadfags", "estado": "abierta", "items": [], "tipoItem": [1], "lineasBase": []}}]	Fase object (4)	17	25	default
47	8	json	[{"model": "proyecto.item", "pk": 8, "fields": {"tipoItem": 1, "nombre": "Mitem4_1", "campo_extra_valores": "[\\"fadsf\\"]", "fecha": "2020-10-18", "estado": "en desarrollo", "observacion": "fasd", "costo": "123", "version": 0, "archivos": "[]", "faseid": "4"}}]	Item object (8)	19	26	default
48	4	json	[{"model": "proyecto.fase", "pk": 4, "fields": {"nombre": "Fase4", "descripcion": "fasdfadfags", "estado": "abierta", "items": [8], "tipoItem": [1], "lineasBase": []}}]	Fase object (4)	17	26	default
49	9	json	[{"model": "proyecto.item", "pk": 9, "fields": {"tipoItem": 1, "nombre": "Mitem4_2", "campo_extra_valores": "[\\"fadsf\\"]", "fecha": "2020-10-11", "estado": "en desarrollo", "observacion": "gasdgas", "costo": "123", "version": 0, "archivos": "[]", "faseid": "4"}}]	Item object (9)	19	27	default
50	4	json	[{"model": "proyecto.fase", "pk": 4, "fields": {"nombre": "Fase4", "descripcion": "fasdfadfags", "estado": "abierta", "items": [8, 9], "tipoItem": [1], "lineasBase": []}}]	Fase object (4)	17	27	default
51	5	json	[{"model": "proyecto.lineabase", "pk": 5, "fields": {"nombre": "LineaBase1-Fase3", "estado": "abierta", "creador": 2, "items": [6], "roturaslineasBase": [], "roturaLineaBaseComprometida": []}}]	LineaBase object (5)	27	28	default
52	6	json	[{"model": "proyecto.item", "pk": 6, "fields": {"tipoItem": 1, "nombre": "Mitem3_1", "campo_extra_valores": "[\\"fadsf\\"]", "fecha": "2020-10-18", "estado": "en linea base", "observacion": "gasdgas", "costo": 123, "version": 0, "archivos": "[]", "faseid": 3}}]	Item object (6)	19	28	default
53	3	json	[{"model": "proyecto.fase", "pk": 3, "fields": {"nombre": "Fase3", "descripcion": "fadsfaf", "estado": "abierta", "items": [6, 7], "tipoItem": [1], "lineasBase": [5]}}]	Fase object (3)	17	28	default
54	13	json	[{"model": "proyecto.relacion", "pk": 13, "fields": {"tipo": "antecesor", "fase_item_to": 4, "item_from": 6, "item_to": 8}}]	Relacion object (13)	25	29	default
55	14	json	[{"model": "proyecto.relacion", "pk": 14, "fields": {"tipo": "sucesor", "fase_item_to": 3, "item_from": 8, "item_to": 6}}]	Relacion object (14)	25	29	default
56	15	json	[{"model": "proyecto.relacion", "pk": 15, "fields": {"tipo": "padre", "fase_item_to": 4, "item_from": 8, "item_to": 9}}]	Relacion object (15)	25	30	default
57	16	json	[{"model": "proyecto.relacion", "pk": 16, "fields": {"tipo": "hijo", "fase_item_to": 4, "item_from": 9, "item_to": 8}}]	Relacion object (16)	25	30	default
58	1	json	[{"model": "proyecto.lineabase", "pk": 1, "fields": {"nombre": "LineaBase1-Fase1", "estado": "cerrada", "creador": 2, "items": [1], "roturaslineasBase": [1], "roturaLineaBaseComprometida": []}}]	LineaBase object (1)	27	31	default
59	1	json	[{"model": "proyecto.item", "pk": 1, "fields": {"tipoItem": 1, "nombre": "Mitem1_1", "campo_extra_valores": "[\\"fadsf\\"]", "fecha": "2020-10-09", "estado": "en linea base", "observacion": "fasd", "costo": 123, "version": 0, "archivos": "[]", "faseid": 1}}]	Item object (1)	19	31	default
60	1	json	[{"model": "proyecto.lineabase", "pk": 1, "fields": {"nombre": "LineaBase1-Fase1", "estado": "cerrada", "creador": 2, "items": [1], "roturaslineasBase": [1], "roturaLineaBaseComprometida": []}}]	LineaBase object (1)	27	32	default
61	1	json	[{"model": "proyecto.item", "pk": 1, "fields": {"tipoItem": 1, "nombre": "Mitem1_1", "campo_extra_valores": "[\\"fadsf\\"]", "fecha": "2020-10-09", "estado": "en revision", "observacion": "fasd", "costo": 123, "version": 0, "archivos": "[]", "faseid": 1}}]	Item object (1)	19	32	default
62	1	json	[{"model": "proyecto.item", "pk": 1, "fields": {"tipoItem": 1, "nombre": "Mitem1_1", "campo_extra_valores": "[\\"fadsf\\"]", "fecha": "2020-10-09", "estado": "en linea base", "observacion": "fasd", "costo": 123, "version": 0, "archivos": "[]", "faseid": 1}}]	Item object (1)	19	33	default
63	3	json	[{"model": "proyecto.item", "pk": 3, "fields": {"tipoItem": 1, "nombre": "Mitem2_1", "campo_extra_valores": "[\\"fadsf\\"]", "fecha": "2020-10-25", "estado": "aprobado", "observacion": "gasdgas", "costo": 123, "version": 0, "archivos": "[]", "faseid": 2}}]	Item object (3)	19	34	default
64	1	json	[{"model": "proyecto.item", "pk": 1, "fields": {"tipoItem": 1, "nombre": "Mitem1_1", "campo_extra_valores": "[\\"fadsf\\"]", "fecha": "2020-10-09", "estado": "en linea base", "observacion": "fasd", "costo": 123, "version": 0, "archivos": "[]", "faseid": 1}}]	Item object (1)	19	35	default
65	3	json	[{"model": "proyecto.item", "pk": 3, "fields": {"tipoItem": 1, "nombre": "Mitem2_1", "campo_extra_valores": "[\\"fadsf\\"]", "fecha": "2020-10-25", "estado": "aprobado", "observacion": "gasdgas", "costo": 123, "version": 0, "archivos": "[]", "faseid": 2}}]	Item object (3)	19	36	default
66	4	json	[{"model": "proyecto.item", "pk": 4, "fields": {"tipoItem": 1, "nombre": "Mitem2_2", "campo_extra_valores": "[\\"fadsf\\"]", "fecha": "2020-10-11", "estado": "en linea base", "observacion": "fasd", "costo": 13, "version": 0, "archivos": "[]", "faseid": 2}}]	Item object (4)	19	37	default
67	1	json	[{"model": "proyecto.lineabase", "pk": 1, "fields": {"nombre": "LineaBase1-Fase1", "estado": "cerrada", "creador": 2, "items": [1], "roturaslineasBase": [1], "roturaLineaBaseComprometida": []}}]	LineaBase object (1)	27	38	default
68	1	json	[{"model": "proyecto.item", "pk": 1, "fields": {"tipoItem": 1, "nombre": "Mitem1_1", "campo_extra_valores": "[\\"fadsf\\"]", "fecha": "2020-10-09", "estado": "en linea base", "observacion": "fasd", "costo": 123, "version": 0, "archivos": "[]", "faseid": 1}}]	Item object (1)	19	38	default
69	3	json	[{"model": "proyecto.lineabase", "pk": 3, "fields": {"nombre": "LineaBase1-Fase2", "estado": "cerrada", "creador": 2, "items": [4], "roturaslineasBase": [], "roturaLineaBaseComprometida": []}}]	LineaBase object (3)	27	39	default
70	4	json	[{"model": "proyecto.item", "pk": 4, "fields": {"tipoItem": 1, "nombre": "Mitem2_2", "campo_extra_valores": "[\\"fadsf\\"]", "fecha": "2020-10-11", "estado": "en linea base", "observacion": "fasd", "costo": 13, "version": 0, "archivos": "[]", "faseid": 2}}]	Item object (4)	19	39	default
71	10	json	[{"model": "proyecto.item", "pk": 10, "fields": {"tipoItem": 1, "nombre": "Mitem1_3", "campo_extra_valores": "[\\"fadsf\\"]", "fecha": "2020-10-07", "estado": "en desarrollo", "observacion": "fasd", "costo": "123", "version": 0, "archivos": "[]", "faseid": "1"}}]	Item object (10)	19	40	default
72	1	json	[{"model": "proyecto.fase", "pk": 1, "fields": {"nombre": "Fase1", "descripcion": "fadsfasfa", "estado": "abierta", "items": [1, 2, 10], "tipoItem": [1], "lineasBase": [1, 2]}}]	Fase object (1)	17	40	default
73	11	json	[{"model": "proyecto.item", "pk": 11, "fields": {"tipoItem": 1, "nombre": "Mitem1_4", "campo_extra_valores": "[\\"fadsf\\"]", "fecha": "2020-10-24", "estado": "en desarrollo", "observacion": "gasdgas", "costo": "135", "version": 0, "archivos": "[]", "faseid": "1"}}]	Item object (11)	19	41	default
74	1	json	[{"model": "proyecto.fase", "pk": 1, "fields": {"nombre": "Fase1", "descripcion": "fadsfasfa", "estado": "abierta", "items": [1, 2, 10, 11], "tipoItem": [1], "lineasBase": [1, 2]}}]	Fase object (1)	17	41	default
75	1	json	[{"model": "proyecto.item", "pk": 1, "fields": {"tipoItem": 1, "nombre": "Mitem1_1", "campo_extra_valores": "[\\"fadsf\\"]", "fecha": "2020-10-09", "estado": "en linea base", "observacion": "fasd", "costo": 123, "version": 0, "archivos": "[]", "faseid": 1}}]	Item object (1)	19	42	default
76	3	json	[{"model": "proyecto.item", "pk": 3, "fields": {"tipoItem": 1, "nombre": "Mitem2_1", "campo_extra_valores": "[\\"fadsf\\"]", "fecha": "2020-10-25", "estado": "aprobado", "observacion": "gasdgas", "costo": 123, "version": 0, "archivos": "[]", "faseid": 2}}]	Item object (3)	19	43	default
77	4	json	[{"model": "proyecto.item", "pk": 4, "fields": {"tipoItem": 1, "nombre": "Mitem2_2", "campo_extra_valores": "[\\"fadsf\\"]", "fecha": "2020-10-11", "estado": "en linea base", "observacion": "fasd", "costo": 13, "version": 0, "archivos": "[]", "faseid": 2}}]	Item object (4)	19	44	default
78	1	json	[{"model": "proyecto.lineabase", "pk": 1, "fields": {"nombre": "LineaBase1-Fase1", "estado": "cerrada", "creador": 2, "items": [1], "roturaslineasBase": [1], "roturaLineaBaseComprometida": []}}]	LineaBase object (1)	27	45	default
79	1	json	[{"model": "proyecto.item", "pk": 1, "fields": {"tipoItem": 1, "nombre": "Mitem1_1", "campo_extra_valores": "[\\"fadsf\\"]", "fecha": "2020-10-09", "estado": "en linea base", "observacion": "fasd", "costo": 123, "version": 0, "archivos": "[]", "faseid": 1}}]	Item object (1)	19	45	default
80	3	json	[{"model": "proyecto.lineabase", "pk": 3, "fields": {"nombre": "LineaBase1-Fase2", "estado": "cerrada", "creador": 2, "items": [4], "roturaslineasBase": [], "roturaLineaBaseComprometida": [2]}}]	LineaBase object (3)	27	46	default
81	4	json	[{"model": "proyecto.item", "pk": 4, "fields": {"tipoItem": 1, "nombre": "Mitem2_2", "campo_extra_valores": "[\\"fadsf\\"]", "fecha": "2020-10-11", "estado": "en linea base", "observacion": "fasd", "costo": 13, "version": 0, "archivos": "[]", "faseid": 2}}]	Item object (4)	19	46	default
82	17	json	[{"model": "proyecto.relacion", "pk": 17, "fields": {"tipo": "padre", "fase_item_to": 1, "item_from": 1, "item_to": 10}}]	Relacion object (17)	25	47	default
83	18	json	[{"model": "proyecto.relacion", "pk": 18, "fields": {"tipo": "hijo", "fase_item_to": 1, "item_from": 10, "item_to": 1}}]	Relacion object (18)	25	47	default
84	19	json	[{"model": "proyecto.relacion", "pk": 19, "fields": {"tipo": "padre", "fase_item_to": 1, "item_from": 10, "item_to": 11}}]	Relacion object (19)	25	48	default
85	20	json	[{"model": "proyecto.relacion", "pk": 20, "fields": {"tipo": "hijo", "fase_item_to": 1, "item_from": 11, "item_to": 10}}]	Relacion object (20)	25	48	default
86	11	json	[{"model": "proyecto.item", "pk": 11, "fields": {"tipoItem": 1, "nombre": "Mitem1_4", "campo_extra_valores": "[\\"fadsf\\"]", "fecha": "2020-10-24", "estado": "en desarrollo", "observacion": "gasdgas", "costo": 135, "version": 0, "archivos": "[]", "faseid": 1}}]	Item object (11)	19	49	default
87	1	json	[{"model": "proyecto.item", "pk": 1, "fields": {"tipoItem": 1, "nombre": "Mitem1_1", "campo_extra_valores": "[\\"fadsf\\"]", "fecha": "2020-10-09", "estado": "en linea base", "observacion": "fasd", "costo": 123, "version": 0, "archivos": "[]", "faseid": 1}}]	Item object (1)	19	50	default
88	3	json	[{"model": "proyecto.item", "pk": 3, "fields": {"tipoItem": 1, "nombre": "Mitem2_1", "campo_extra_valores": "[\\"fadsf\\"]", "fecha": "2020-10-25", "estado": "aprobado", "observacion": "gasdgas", "costo": 123, "version": 0, "archivos": "[]", "faseid": 2}}]	Item object (3)	19	51	default
89	4	json	[{"model": "proyecto.item", "pk": 4, "fields": {"tipoItem": 1, "nombre": "Mitem2_2", "campo_extra_valores": "[\\"fadsf\\"]", "fecha": "2020-10-11", "estado": "en linea base", "observacion": "fasd", "costo": 13, "version": 0, "archivos": "[]", "faseid": 2}}]	Item object (4)	19	52	default
90	10	json	[{"model": "proyecto.item", "pk": 10, "fields": {"tipoItem": 1, "nombre": "Mitem1_3", "campo_extra_valores": "[\\"fadsf\\"]", "fecha": "2020-10-07", "estado": "aprobado", "observacion": "fasd", "costo": 123, "version": 0, "archivos": "[]", "faseid": 1}}]	Item object (10)	19	53	default
91	1	json	[{"model": "proyecto.lineabase", "pk": 1, "fields": {"nombre": "LineaBase1-Fase1", "estado": "cerrada", "creador": 2, "items": [1], "roturaslineasBase": [1], "roturaLineaBaseComprometida": []}}]	LineaBase object (1)	27	54	default
92	1	json	[{"model": "proyecto.item", "pk": 1, "fields": {"tipoItem": 1, "nombre": "Mitem1_1", "campo_extra_valores": "[\\"fadsf\\"]", "fecha": "2020-10-09", "estado": "en linea base", "observacion": "fasd", "costo": 123, "version": 0, "archivos": "[]", "faseid": 1}}]	Item object (1)	19	54	default
93	3	json	[{"model": "proyecto.lineabase", "pk": 3, "fields": {"nombre": "LineaBase1-Fase2", "estado": "cerrada", "creador": 2, "items": [4], "roturaslineasBase": [], "roturaLineaBaseComprometida": [3]}}]	LineaBase object (3)	27	55	default
94	4	json	[{"model": "proyecto.item", "pk": 4, "fields": {"tipoItem": 1, "nombre": "Mitem2_2", "campo_extra_valores": "[\\"fadsf\\"]", "fecha": "2020-10-11", "estado": "en linea base", "observacion": "fasd", "costo": 13, "version": 0, "archivos": "[]", "faseid": 2}}]	Item object (4)	19	55	default
95	2	json	[{"model": "proyecto.lineabase", "pk": 2, "fields": {"nombre": "LineaBase2-Fase1", "estado": "cerrada", "creador": 2, "items": [2], "roturaslineasBase": [2], "roturaLineaBaseComprometida": []}}]	LineaBase object (2)	27	56	default
96	2	json	[{"model": "proyecto.item", "pk": 2, "fields": {"tipoItem": 1, "nombre": "MItem1_2", "campo_extra_valores": "[\\"fadsf\\"]", "fecha": "2020-10-18", "estado": "en linea base", "observacion": "fasd", "costo": 123, "version": 0, "archivos": "[]", "faseid": 1}}]	Item object (2)	19	56	default
97	4	json	[{"model": "proyecto.lineabase", "pk": 4, "fields": {"nombre": "LineaBase2-Fase2", "estado": "cerrada", "creador": 2, "items": [5], "roturaslineasBase": [3], "roturaLineaBaseComprometida": []}}]	LineaBase object (4)	27	57	default
98	5	json	[{"model": "proyecto.item", "pk": 5, "fields": {"tipoItem": 1, "nombre": "Mitem2_3", "campo_extra_valores": "[\\"fadsf\\"]", "fecha": "2020-10-18", "estado": "en linea base", "observacion": "fasdf", "costo": 123, "version": 0, "archivos": "[]", "faseid": 2}}]	Item object (5)	19	57	default
99	12	json	[{"model": "proyecto.item", "pk": 12, "fields": {"tipoItem": 1, "nombre": "Esto es un item xd", "campo_extra_valores": "[\\"fadsf\\"]", "fecha": "2020-10-25", "estado": "en desarrollo", "observacion": "f lp3 ", "costo": "123", "version": 0, "archivos": "[]", "faseid": "1"}}]	Item object (12)	19	58	default
100	1	json	[{"model": "proyecto.fase", "pk": 1, "fields": {"nombre": "Fase1", "descripcion": "fadsfasfa", "estado": "abierta", "items": [1, 2, 10, 11, 12], "tipoItem": [1], "lineasBase": [1, 2]}}]	Fase object (1)	17	58	default
101	5	json	[{"model": "proyecto.fase", "pk": 5, "fields": {"nombre": "Fase1", "descripcion": "jjj", "estado": "abierta", "items": [], "tipoItem": [], "lineasBase": []}}]	Fase object (5)	17	59	default
102	5	json	[{"model": "proyecto.fase", "pk": 5, "fields": {"nombre": "Fase1", "descripcion": "jjj", "estado": "abierta", "items": [], "tipoItem": [6], "lineasBase": []}}]	Fase object (5)	17	60	default
103	5	json	[{"model": "proyecto.fase", "pk": 5, "fields": {"nombre": "Fase1", "descripcion": "PEDROZ", "estado": "abierta", "items": [], "tipoItem": [6], "lineasBase": []}}]	Fase object (5)	17	61	default
104	12	json	[{"model": "proyecto.item", "pk": 12, "fields": {"tipoItem": 1, "nombre": "Esto es un item xd", "campo_extra_valores": "[\\"fadsf\\"]", "fecha": "2020-10-25", "estado": "en desarrollo", "observacion": "f lp3 ", "costo": "123", "version": 1, "archivos": "[\\"proyectoview\\"]", "faseid": 1}}]	Item object (12)	19	62	default
105	12	json	[{"model": "proyecto.item", "pk": 12, "fields": {"tipoItem": 1, "nombre": "Esto es un item xd", "campo_extra_valores": "[\\"fadsf\\"]", "fecha": "2020-10-25", "estado": "en desarrollo", "observacion": "f lp3 ", "costo": "123", "version": 2, "archivos": "[\\"VirtualHostIS2.txt\\"]", "faseid": 1}}]	Item object (12)	19	63	default
106	12	json	[{"model": "proyecto.item", "pk": 12, "fields": {"tipoItem": 1, "nombre": "Esto es un item xd", "campo_extra_valores": "[\\"fadsf\\"]", "fecha": "2020-10-25", "estado": "en desarrollo", "observacion": "f lp3 ", "costo": "123", "version": 3, "archivos": "[\\"VirtualHostIS2.txt\\", \\"Forex: Investigaci\\\\u00f3n\\"]", "faseid": 1}}]	Item object (12)	19	64	default
107	12	json	[{"model": "proyecto.item", "pk": 12, "fields": {"tipoItem": 1, "nombre": "Esto es un item xd", "campo_extra_valores": "[\\"fadsf\\"]", "fecha": "2020-10-25", "estado": "en desarrollo", "observacion": "f lp3 ", "costo": "123", "version": 4, "archivos": "[\\"Forex: Investigaci\\\\u00f3n\\"]", "faseid": 1}}]	Item object (12)	19	65	default
108	12	json	[{"model": "proyecto.item", "pk": 12, "fields": {"tipoItem": 1, "nombre": "Esto es un item xd", "campo_extra_valores": "[\\"fadsf\\"]", "fecha": "2020-10-25", "estado": "en desarrollo", "observacion": "f lp3 ", "costo": "123", "version": 5, "archivos": "[\\"VirtualHostIS2.txt\\"]", "faseid": 1}}]	Item object (12)	19	66	default
109	12	json	[{"model": "proyecto.item", "pk": 12, "fields": {"tipoItem": 1, "nombre": "Esto es un item xd", "campo_extra_valores": "[\\"fadsf\\"]", "fecha": "2020-10-25", "estado": "en desarrollo", "observacion": "f lp3 ", "costo": "123", "version": 6, "archivos": "[\\"Forex: Investigaci\\\\u00f3n\\"]", "faseid": 1}}]	Item object (12)	19	67	default
110	12	json	[{"model": "proyecto.item", "pk": 12, "fields": {"tipoItem": 1, "nombre": "Esto es un item xd", "campo_extra_valores": "[\\"fadsf\\"]", "fecha": "2020-10-25", "estado": "en desarrollo", "observacion": "f lp3 ", "costo": "123", "version": 7, "archivos": "[\\"VirtualHostIS2.txt\\"]", "faseid": 1}}]	Item object (12)	19	68	default
111	12	json	[{"model": "proyecto.item", "pk": 12, "fields": {"tipoItem": 1, "nombre": "Esto es un item xd", "campo_extra_valores": "[\\"fadsf\\"]", "fecha": "2020-10-25", "estado": "en desarrollo", "observacion": "f lp3 ", "costo": "123", "version": 8, "archivos": "[\\"BrunoRuizDiaz_Acctividad5.1.pdf\\"]", "faseid": 1}}]	Item object (12)	19	69	default
112	12	json	[{"model": "proyecto.item", "pk": 12, "fields": {"tipoItem": 1, "nombre": "Esto es un item xd", "campo_extra_valores": "[\\"fadsf\\"]", "fecha": "2020-10-25", "estado": "en desarrollo", "observacion": "f lp3 ", "costo": "123", "version": 9, "archivos": "[\\"VirtualHostIS2.txt\\", \\"Forex: Investigaci\\\\u00f3n\\"]", "faseid": 1}}]	Item object (12)	19	70	default
221	14	json	[{"model": "proyecto.fase", "pk": 14, "fields": {"nombre": "Fase4", "descripcion": "Cuarta fase", "estado": "abierta", "items": [], "tipoItem": [], "lineasBase": []}}]	Fase object (14)	17	135	default
113	12	json	[{"model": "proyecto.item", "pk": 12, "fields": {"tipoItem": 1, "nombre": "Esto es un item xd", "campo_extra_valores": "[\\"fadsf\\"]", "fecha": "2020-10-25", "estado": "en desarrollo", "observacion": "f lp3 ", "costo": "123", "version": 10, "archivos": "[\\"Forex: Investigaci\\\\u00f3n\\", \\"BrunoRuizDiaz_Acctividad5.1.pdf\\"]", "faseid": 1}}]	Item object (12)	19	71	default
114	12	json	[{"model": "proyecto.item", "pk": 12, "fields": {"tipoItem": 1, "nombre": "Esto es un item xd", "campo_extra_valores": "[\\"fadsf\\"]", "fecha": "2020-10-25", "estado": "en desarrollo", "observacion": "f lp3 ", "costo": "123", "version": 11, "archivos": "[\\"BrunoRuizDiaz_Acctividad5.1.pdf\\", \\"VirtualHostIS2.txt\\", \\"d3.html\\"]", "faseid": 1}}]	Item object (12)	19	72	default
115	12	json	[{"model": "proyecto.item", "pk": 12, "fields": {"tipoItem": 1, "nombre": "Esto es un item xd", "campo_extra_valores": "[\\"fadsf\\"]", "fecha": "2020-10-25", "estado": "en desarrollo", "observacion": "f lp3 ", "costo": "123", "version": 12, "archivos": "[\\"VirtualHostIS2.txt\\", \\"Space-Shooter-Tutorial.zip\\"]", "faseid": 1}}]	Item object (12)	19	73	default
116	12	json	[{"model": "proyecto.item", "pk": 12, "fields": {"tipoItem": 1, "nombre": "Esto es un item xd", "campo_extra_valores": "[\\"fadsf\\"]", "fecha": "2020-10-25", "estado": "en desarrollo", "observacion": "f lp3 ", "costo": "123", "version": 13, "archivos": "[\\"Space-Shooter-Tutorial.zip\\", \\"ejer.c\\"]", "faseid": 1}}]	Item object (12)	19	74	default
117	12	json	[{"model": "proyecto.item", "pk": 12, "fields": {"tipoItem": 1, "nombre": "Esto es un item xd", "campo_extra_valores": "[\\"fadsf\\"]", "fecha": "2020-10-25", "estado": "en desarrollo", "observacion": "f lp3 ", "costo": "123", "version": 14, "archivos": "[\\"ejer.c\\"]", "faseid": 1}}]	Item object (12)	19	75	default
118	12	json	[{"model": "proyecto.item", "pk": 12, "fields": {"tipoItem": 1, "nombre": "Esto es un item xd", "campo_extra_valores": "[\\"fadsf\\"]", "fecha": "2020-10-25", "estado": "en desarrollo", "observacion": "f lp3 ", "costo": "123", "version": 15, "archivos": "[]", "faseid": 1}}]	Item object (12)	19	76	default
119	12	json	[{"model": "proyecto.item", "pk": 12, "fields": {"tipoItem": 1, "nombre": "Esto es un item xd", "campo_extra_valores": "[\\"fadsf\\"]", "fecha": "2020-10-25", "estado": "en desarrollo", "observacion": "f lp3 ", "costo": "123", "version": 16, "archivos": "[\\"Mis datos (1).docx\\", \\"Space-Shooter-Tutorial.zip\\", \\"ejer.c\\"]", "faseid": 1}}]	Item object (12)	19	77	default
120	12	json	[{"model": "proyecto.item", "pk": 12, "fields": {"tipoItem": 1, "nombre": "Esto es un item xd", "campo_extra_valores": "[\\"fadsf\\"]", "fecha": "2020-10-25", "estado": "en desarrollo", "observacion": "f lp3 ", "costo": "123", "version": 17, "archivos": "[\\"Mis datos (1).docx\\", \\"Space-Shooter-Tutorial.zip\\", \\"ejer.c\\", \\"hosts\\"]", "faseid": 1}}]	Item object (12)	19	78	default
121	12	json	[{"model": "proyecto.item", "pk": 12, "fields": {"tipoItem": 1, "nombre": "Esto es un item xd", "campo_extra_valores": "[\\"fadsf\\"]", "fecha": "2020-10-25", "estado": "en desarrollo", "observacion": "f lp3 ", "costo": "123", "version": 18, "archivos": "[\\"Mis datos (1).docx\\", \\"ejer.c\\", \\"hosts\\", \\"a.out\\"]", "faseid": 1}}]	Item object (12)	19	79	default
122	6	json	[{"model": "proyecto.lineabase", "pk": 6, "fields": {"nombre": "LineaBase1-Fase4", "estado": "abierta", "creador": 2, "items": [8, 9], "roturaslineasBase": [], "roturaLineaBaseComprometida": []}}]	LineaBase object (6)	27	80	default
123	9	json	[{"model": "proyecto.item", "pk": 9, "fields": {"tipoItem": 1, "nombre": "Mitem4_2", "campo_extra_valores": "[\\"fadsf\\"]", "fecha": "2020-10-11", "estado": "en linea base", "observacion": "gasdgas", "costo": 123, "version": 0, "archivos": "[]", "faseid": 4}}]	Item object (9)	19	80	default
124	8	json	[{"model": "proyecto.item", "pk": 8, "fields": {"tipoItem": 1, "nombre": "Mitem4_1", "campo_extra_valores": "[\\"fadsf\\"]", "fecha": "2020-10-18", "estado": "en linea base", "observacion": "fasd", "costo": 123, "version": 0, "archivos": "[]", "faseid": 4}}]	Item object (8)	19	80	default
125	4	json	[{"model": "proyecto.fase", "pk": 4, "fields": {"nombre": "Fase4", "descripcion": "fasdfadfags", "estado": "abierta", "items": [8, 9], "tipoItem": [1], "lineasBase": [6]}}]	Fase object (4)	17	80	default
126	7	json	[{"model": "proyecto.lineabase", "pk": 7, "fields": {"nombre": "LineaBase3-Fase1", "estado": "abierta", "creador": 2, "items": [12], "roturaslineasBase": [], "roturaLineaBaseComprometida": []}}]	LineaBase object (7)	27	81	default
127	12	json	[{"model": "proyecto.item", "pk": 12, "fields": {"tipoItem": 1, "nombre": "Esto es un item xd", "campo_extra_valores": "[\\"fadsf\\"]", "fecha": "2020-10-25", "estado": "en linea base", "observacion": "f lp3 ", "costo": 123, "version": 18, "archivos": "[\\"Mis datos (1).docx\\", \\"ejer.c\\", \\"hosts\\", \\"a.out\\"]", "faseid": 1}}]	Item object (12)	19	81	default
128	1	json	[{"model": "proyecto.fase", "pk": 1, "fields": {"nombre": "Fase1", "descripcion": "fadsfasfa", "estado": "abierta", "items": [1, 2, 10, 11, 12], "tipoItem": [1], "lineasBase": [1, 2, 7]}}]	Fase object (1)	17	81	default
129	14	json	[{"model": "proyecto.item", "pk": 14, "fields": {"tipoItem": 1, "nombre": "itemaga", "campo_extra_valores": "[\\"fadsf\\"]", "fecha": "2020-10-10", "estado": "en desarrollo", "observacion": "fasdf", "costo": "1233", "version": 0, "archivos": "[]", "faseid": "1"}}]	Item object (14)	19	82	default
130	1	json	[{"model": "proyecto.fase", "pk": 1, "fields": {"nombre": "Fase1", "descripcion": "fadsfasfa", "estado": "abierta", "items": [1, 2, 10, 11, 12, 14], "tipoItem": [1], "lineasBase": [1, 2, 7]}}]	Fase object (1)	17	82	default
131	8	json	[{"model": "proyecto.lineabase", "pk": 8, "fields": {"nombre": "LineaBase4-Fase1", "estado": "abierta", "creador": 2, "items": [14], "roturaslineasBase": [], "roturaLineaBaseComprometida": []}}]	LineaBase object (8)	27	83	default
132	14	json	[{"model": "proyecto.item", "pk": 14, "fields": {"tipoItem": 1, "nombre": "itemaga", "campo_extra_valores": "[\\"fadsf\\"]", "fecha": "2020-10-10", "estado": "en linea base", "observacion": "fasdf", "costo": 1233, "version": 0, "archivos": "[]", "faseid": 1}}]	Item object (14)	19	83	default
133	1	json	[{"model": "proyecto.fase", "pk": 1, "fields": {"nombre": "Fase1", "descripcion": "fadsfasfa", "estado": "abierta", "items": [1, 2, 10, 11, 12, 14], "tipoItem": [1], "lineasBase": [1, 2, 7, 8]}}]	Fase object (1)	17	83	default
134	8	json	[{"model": "proyecto.lineabase", "pk": 8, "fields": {"nombre": "LineaBase4-Fase1", "estado": "cerrada", "creador": 2, "items": [14], "roturaslineasBase": [4], "roturaLineaBaseComprometida": []}}]	LineaBase object (8)	27	84	default
135	14	json	[{"model": "proyecto.item", "pk": 14, "fields": {"tipoItem": 1, "nombre": "itemaga", "campo_extra_valores": "[\\"fadsf\\"]", "fecha": "2020-10-10", "estado": "en linea base", "observacion": "fasdf", "costo": 1233, "version": 0, "archivos": "[]", "faseid": 1}}]	Item object (14)	19	84	default
222	11	json	[{"model": "proyecto.fase", "pk": 11, "fields": {"nombre": "Fase1", "descripcion": "Fase1", "estado": "abierta", "items": [], "tipoItem": [22], "lineasBase": []}}]	Fase object (11)	17	136	default
136	15	json	[{"model": "proyecto.item", "pk": 15, "fields": {"tipoItem": 1, "nombre": "pruebacomprometida", "campo_extra_valores": "[\\"fadsf\\"]", "fecha": "2020-10-02", "estado": "en desarrollo", "observacion": "fasd", "costo": "1233", "version": 0, "archivos": "[]", "faseid": "2"}}]	Item object (15)	19	85	default
137	2	json	[{"model": "proyecto.fase", "pk": 2, "fields": {"nombre": "Fase2", "descripcion": "fdasfasfas", "estado": "abierta", "items": [3, 4, 5, 15], "tipoItem": [1], "lineasBase": [3, 4]}}]	Fase object (2)	17	85	default
138	21	json	[{"model": "proyecto.relacion", "pk": 21, "fields": {"tipo": "antecesor", "fase_item_to": 2, "item_from": 2, "item_to": 15}}]	Relacion object (21)	25	86	default
139	22	json	[{"model": "proyecto.relacion", "pk": 22, "fields": {"tipo": "sucesor", "fase_item_to": 1, "item_from": 15, "item_to": 2}}]	Relacion object (22)	25	86	default
140	9	json	[{"model": "proyecto.lineabase", "pk": 9, "fields": {"nombre": "LineaBase3-Fase2", "estado": "abierta", "creador": 2, "items": [15], "roturaslineasBase": [], "roturaLineaBaseComprometida": []}}]	LineaBase object (9)	27	87	default
141	15	json	[{"model": "proyecto.item", "pk": 15, "fields": {"tipoItem": 1, "nombre": "pruebacomprometida", "campo_extra_valores": "[\\"fadsf\\"]", "fecha": "2020-10-02", "estado": "en linea base", "observacion": "fasd", "costo": 1233, "version": 0, "archivos": "[]", "faseid": 2}}]	Item object (15)	19	87	default
142	2	json	[{"model": "proyecto.fase", "pk": 2, "fields": {"nombre": "Fase2", "descripcion": "fdasfasfas", "estado": "abierta", "items": [3, 4, 5, 15], "tipoItem": [1], "lineasBase": [3, 4, 9]}}]	Fase object (2)	17	87	default
143	5	json	[{"model": "proyecto.lineabase", "pk": 5, "fields": {"nombre": "LineaBase1-Fase3", "estado": "comprometida", "creador": 2, "items": [6], "roturaslineasBase": [], "roturaLineaBaseComprometida": [3, 4, 5, 6]}}]	LineaBase object (5)	27	88	default
144	6	json	[{"model": "proyecto.item", "pk": 6, "fields": {"tipoItem": 1, "nombre": "Mitem3_1", "campo_extra_valores": "[\\"fadsf\\"]", "fecha": "2020-10-18", "estado": "en revision", "observacion": "gasdgas", "costo": 123, "version": 0, "archivos": "[]", "faseid": 3}}]	Item object (6)	19	88	default
145	4	json	[{"model": "proyecto.lineabase", "pk": 4, "fields": {"nombre": "LineaBase2-Fase2", "estado": "comprometida", "creador": 2, "items": [5], "roturaslineasBase": [3], "roturaLineaBaseComprometida": [3, 4, 5, 6]}}]	LineaBase object (4)	27	89	default
146	5	json	[{"model": "proyecto.item", "pk": 5, "fields": {"tipoItem": 1, "nombre": "Mitem2_3", "campo_extra_valores": "[\\"fadsf\\"]", "fecha": "2020-10-18", "estado": "en revision", "observacion": "fasdf", "costo": 123, "version": 0, "archivos": "[]", "faseid": 2}}]	Item object (5)	19	89	default
147	9	json	[{"model": "proyecto.lineabase", "pk": 9, "fields": {"nombre": "LineaBase3-Fase2", "estado": "cerrada", "creador": 2, "items": [15], "roturaslineasBase": [5], "roturaLineaBaseComprometida": []}}]	LineaBase object (9)	27	90	default
148	15	json	[{"model": "proyecto.item", "pk": 15, "fields": {"tipoItem": 1, "nombre": "pruebacomprometida", "campo_extra_valores": "[\\"fadsf\\"]", "fecha": "2020-10-02", "estado": "en linea base", "observacion": "fasd", "costo": 1233, "version": 0, "archivos": "[]", "faseid": 2}}]	Item object (15)	19	90	default
149	9	json	[{"model": "proyecto.lineabase", "pk": 9, "fields": {"nombre": "LineaBase3-Fase2", "estado": "cerrada", "creador": 2, "items": [15], "roturaslineasBase": [5, 6], "roturaLineaBaseComprometida": []}}]	LineaBase object (9)	27	91	default
150	15	json	[{"model": "proyecto.item", "pk": 15, "fields": {"tipoItem": 1, "nombre": "pruebacomprometida", "campo_extra_valores": "[\\"fadsf\\"]", "fecha": "2020-10-02", "estado": "en linea base", "observacion": "fasd", "costo": 1233, "version": 0, "archivos": "[]", "faseid": 2}}]	Item object (15)	19	91	default
151	9	json	[{"model": "proyecto.lineabase", "pk": 9, "fields": {"nombre": "LineaBase3-Fase2", "estado": "cerrada", "creador": 2, "items": [15], "roturaslineasBase": [5, 6, 15], "roturaLineaBaseComprometida": []}}]	LineaBase object (9)	27	92	default
152	15	json	[{"model": "proyecto.item", "pk": 15, "fields": {"tipoItem": 1, "nombre": "pruebacomprometida", "campo_extra_valores": "[\\"fadsf\\"]", "fecha": "2020-10-02", "estado": "en linea base", "observacion": "fasd", "costo": 1233, "version": 0, "archivos": "[]", "faseid": 2}}]	Item object (15)	19	92	default
153	6	json	[{"model": "proyecto.fase", "pk": 6, "fields": {"nombre": "Fase1", "descripcion": "fdasfasf", "estado": "abierta", "items": [], "tipoItem": [], "lineasBase": []}}]	Fase object (6)	17	93	default
154	16	json	[{"model": "proyecto.item", "pk": 16, "fields": {"tipoItem": 1, "nombre": "enrevisionxd", "campo_extra_valores": "[\\"fadsf\\"]", "fecha": "2020-10-08", "estado": "en desarrollo", "observacion": "gasdgas", "costo": "13", "version": 0, "archivos": "[]", "faseid": "2"}}]	Item object (16)	19	94	default
155	2	json	[{"model": "proyecto.fase", "pk": 2, "fields": {"nombre": "Fase2", "descripcion": "fdasfasfas", "estado": "abierta", "items": [3, 4, 5, 15, 16], "tipoItem": [1], "lineasBase": [3, 4, 9]}}]	Fase object (2)	17	94	default
156	16	json	[{"model": "proyecto.item", "pk": 16, "fields": {"tipoItem": 1, "nombre": "enrevisionxd", "campo_extra_valores": "[\\"fadsf\\"]", "fecha": "2020-10-08", "estado": "en revision", "observacion": "gasdgas", "costo": 13, "version": 0, "archivos": "[]", "faseid": 2}}]	Item object (16)	19	95	default
157	17	json	[{"model": "proyecto.item", "pk": 17, "fields": {"tipoItem": 1, "nombre": "preuebamensaje", "campo_extra_valores": "[\\"fadsf\\"]", "fecha": "2020-10-03", "estado": "en desarrollo", "observacion": "fasd", "costo": "1233", "version": 0, "archivos": "[]", "faseid": "1"}}]	Item object (17)	19	96	default
158	1	json	[{"model": "proyecto.fase", "pk": 1, "fields": {"nombre": "Fase1", "descripcion": "fadsfasfa", "estado": "abierta", "items": [1, 2, 10, 11, 12, 14, 17], "tipoItem": [1], "lineasBase": [1, 2, 7, 8]}}]	Fase object (1)	17	96	default
159	18	json	[{"model": "proyecto.item", "pk": 18, "fields": {"tipoItem": 1, "nombre": "segundapreua", "campo_extra_valores": "[\\"d\\"]", "fecha": "2020-10-11", "estado": "en desarrollo", "observacion": "gasdgas", "costo": "13", "version": 0, "archivos": "[]", "faseid": "1"}}]	Item object (18)	19	97	default
160	1	json	[{"model": "proyecto.fase", "pk": 1, "fields": {"nombre": "Fase1", "descripcion": "fadsfasfa", "estado": "abierta", "items": [1, 2, 10, 11, 12, 14, 17, 18], "tipoItem": [1], "lineasBase": [1, 2, 7, 8]}}]	Fase object (1)	17	97	default
161	19	json	[{"model": "proyecto.item", "pk": 19, "fields": {"tipoItem": 1, "nombre": "fasd", "campo_extra_valores": "[\\"fadsf\\"]", "fecha": "2020-10-15", "estado": "en desarrollo", "observacion": "fdas", "costo": "1233", "version": 0, "archivos": "[]", "faseid": "1"}}]	Item object (19)	19	98	default
162	1	json	[{"model": "proyecto.fase", "pk": 1, "fields": {"nombre": "Fase1", "descripcion": "fadsfasfa", "estado": "abierta", "items": [1, 2, 10, 11, 12, 14, 17, 18, 19], "tipoItem": [1], "lineasBase": [1, 2, 7, 8]}}]	Fase object (1)	17	98	default
163	20	json	[{"model": "proyecto.item", "pk": 20, "fields": {"tipoItem": 1, "nombre": "mensaje", "campo_extra_valores": "[\\"fadsf\\"]", "fecha": "2020-10-23", "estado": "en desarrollo", "observacion": "gasdgas", "costo": "13", "version": 0, "archivos": "[]", "faseid": "1"}}]	Item object (20)	19	99	default
164	1	json	[{"model": "proyecto.fase", "pk": 1, "fields": {"nombre": "Fase1", "descripcion": "fadsfasfa", "estado": "abierta", "items": [1, 2, 10, 11, 12, 14, 17, 18, 19, 20], "tipoItem": [1], "lineasBase": [1, 2, 7, 8]}}]	Fase object (1)	17	99	default
165	21	json	[{"model": "proyecto.item", "pk": 21, "fields": {"tipoItem": 1, "nombre": "Fase1", "campo_extra_valores": "[\\"fadsf\\"]", "fecha": "2020-10-09", "estado": "en desarrollo", "observacion": "fasd", "costo": "1233", "version": 0, "archivos": "[]", "faseid": "1"}}]	Item object (21)	19	100	default
166	1	json	[{"model": "proyecto.fase", "pk": 1, "fields": {"nombre": "Fase1", "descripcion": "fadsfasfa", "estado": "abierta", "items": [1, 2, 10, 11, 12, 14, 17, 18, 19, 20, 21], "tipoItem": [1], "lineasBase": [1, 2, 7, 8]}}]	Fase object (1)	17	100	default
167	22	json	[{"model": "proyecto.item", "pk": 22, "fields": {"tipoItem": 1, "nombre": "Fase1dfas", "campo_extra_valores": "[\\"d\\"]", "fecha": "2020-10-08", "estado": "en desarrollo", "observacion": "gasdgas", "costo": "1233", "version": 0, "archivos": "[]", "faseid": "1"}}]	Item object (22)	19	101	default
168	1	json	[{"model": "proyecto.fase", "pk": 1, "fields": {"nombre": "Fase1", "descripcion": "fadsfasfa", "estado": "abierta", "items": [1, 2, 10, 11, 12, 14, 17, 18, 19, 20, 21, 22], "tipoItem": [1], "lineasBase": [1, 2, 7, 8]}}]	Fase object (1)	17	101	default
169	19	json	[{"model": "proyecto.item", "pk": 19, "fields": {"tipoItem": 1, "nombre": "fasdk", "campo_extra_valores": "[\\"fadsf\\"]", "fecha": "2020-10-15", "estado": "en desarrollo", "observacion": "fdas", "costo": "1233", "version": 1, "archivos": "[]", "faseid": 1}}]	Item object (19)	19	102	default
170	19	json	[{"model": "proyecto.item", "pk": 19, "fields": {"tipoItem": 1, "nombre": "fasdkkkkkkkkkkkk", "campo_extra_valores": "[\\"fadsf\\"]", "fecha": "2020-10-15", "estado": "en desarrollo", "observacion": "fdas", "costo": "1233", "version": 1, "archivos": "[]", "faseid": 1}}]	Item object (19)	19	103	default
171	19	json	[{"model": "proyecto.item", "pk": 19, "fields": {"tipoItem": 1, "nombre": "fasdkkkkkkkkkkkk", "campo_extra_valores": "[\\"fadsf\\"]", "fecha": "2020-10-15", "estado": "aprobado", "observacion": "fdas", "costo": 1233, "version": 1, "archivos": "[]", "faseid": 1}}]	Item object (19)	19	104	default
172	10	json	[{"model": "proyecto.lineabase", "pk": 10, "fields": {"nombre": "LineaBase5-Fase1", "estado": "abierta", "creador": 2, "items": [19], "roturaslineasBase": [], "roturaLineaBaseComprometida": []}}]	LineaBase object (10)	27	105	default
173	19	json	[{"model": "proyecto.item", "pk": 19, "fields": {"tipoItem": 1, "nombre": "fasdkkkkkkkkkkkk", "campo_extra_valores": "[\\"fadsf\\"]", "fecha": "2020-10-15", "estado": "en linea base", "observacion": "fdas", "costo": 1233, "version": 1, "archivos": "[]", "faseid": 1}}]	Item object (19)	19	105	default
174	1	json	[{"model": "proyecto.fase", "pk": 1, "fields": {"nombre": "Fase1", "descripcion": "fadsfasfa", "estado": "abierta", "items": [1, 2, 10, 11, 12, 14, 17, 18, 19, 20, 21, 22], "tipoItem": [1], "lineasBase": [1, 2, 7, 8, 10]}}]	Fase object (1)	17	105	default
175	1	json	[{"model": "proyecto.fase", "pk": 1, "fields": {"nombre": "Fase1", "descripcion": "fadsfasfa", "estado": "cerrada", "items": [1, 2, 10, 11, 12, 14, 17, 18, 19, 20, 21, 22], "tipoItem": [1], "lineasBase": [1, 2, 7, 8, 10]}}]	Fase object (1)	17	106	default
176	2	json	[{"model": "proyecto.fase", "pk": 2, "fields": {"nombre": "Fase2", "descripcion": "fdasfasfas", "estado": "cerrada", "items": [3, 4, 5, 15, 16], "tipoItem": [1], "lineasBase": [3, 4, 9]}}]	Fase object (2)	17	107	default
177	3	json	[{"model": "proyecto.fase", "pk": 3, "fields": {"nombre": "Fase3", "descripcion": "fadsfaf", "estado": "cerrada", "items": [6, 7], "tipoItem": [1], "lineasBase": [5]}}]	Fase object (3)	17	108	default
178	2	json	[{"model": "proyecto.fase", "pk": 2, "fields": {"nombre": "Fase2", "descripcion": "fdasfasfas", "estado": "inicializado", "items": [3, 4, 5, 15, 16], "tipoItem": [1], "lineasBase": [3, 4, 9]}}]	Fase object (2)	17	109	default
179	2	json	[{"model": "proyecto.fase", "pk": 2, "fields": {"nombre": "Fase2", "descripcion": "fdasfasfas", "estado": "abierta", "items": [3, 4, 5, 15, 16], "tipoItem": [1], "lineasBase": [3, 4, 9]}}]	Fase object (2)	17	110	default
180	23	json	[{"model": "proyecto.item", "pk": 23, "fields": {"tipoItem": 1, "nombre": "Bruno", "campo_extra_valores": "[\\"fadsf\\"]", "fecha": "2020-10-03", "estado": "en desarrollo", "observacion": "fasd", "costo": "1233", "version": 0, "archivos": "[]", "faseid": "2"}}]	Item object (23)	19	111	default
181	2	json	[{"model": "proyecto.fase", "pk": 2, "fields": {"nombre": "Fase2", "descripcion": "fdasfasfas", "estado": "abierta", "items": [3, 4, 5, 15, 16, 23], "tipoItem": [1], "lineasBase": [3, 4, 9]}}]	Fase object (2)	17	111	default
182	23	json	[{"model": "proyecto.relacion", "pk": 23, "fields": {"tipo": "padre", "fase_item_to": 2, "item_from": 15, "item_to": 23}}]	Relacion object (23)	25	112	default
183	24	json	[{"model": "proyecto.relacion", "pk": 24, "fields": {"tipo": "hijo", "fase_item_to": 2, "item_from": 23, "item_to": 15}}]	Relacion object (24)	25	112	default
184	25	json	[{"model": "proyecto.relacion", "pk": 25, "fields": {"tipo": "padre", "fase_item_to": 2, "item_from": 15, "item_to": 23}}]	Relacion object (25)	25	113	default
185	26	json	[{"model": "proyecto.relacion", "pk": 26, "fields": {"tipo": "hijo", "fase_item_to": 2, "item_from": 23, "item_to": 15}}]	Relacion object (26)	25	113	default
186	27	json	[{"model": "proyecto.relacion", "pk": 27, "fields": {"tipo": "padre", "fase_item_to": 2, "item_from": 15, "item_to": 23}}]	Relacion object (27)	25	114	default
187	28	json	[{"model": "proyecto.relacion", "pk": 28, "fields": {"tipo": "hijo", "fase_item_to": 2, "item_from": 23, "item_to": 15}}]	Relacion object (28)	25	114	default
188	23	json	[{"model": "proyecto.item", "pk": 23, "fields": {"tipoItem": 1, "nombre": "Bruno", "campo_extra_valores": "[\\"fadsf\\"]", "fecha": "2020-10-03", "estado": "aprobado", "observacion": "fasd", "costo": 1233, "version": 0, "archivos": "[]", "faseid": 2}}]	Item object (23)	19	115	default
189	11	json	[{"model": "proyecto.lineabase", "pk": 11, "fields": {"nombre": "LineaBase4-Fase2", "estado": "abierta", "creador": 2, "items": [23], "roturaslineasBase": [], "roturaLineaBaseComprometida": []}}]	LineaBase object (11)	27	116	default
190	23	json	[{"model": "proyecto.item", "pk": 23, "fields": {"tipoItem": 1, "nombre": "Bruno", "campo_extra_valores": "[\\"fadsf\\"]", "fecha": "2020-10-03", "estado": "en linea base", "observacion": "fasd", "costo": 1233, "version": 0, "archivos": "[]", "faseid": 2}}]	Item object (23)	19	116	default
191	2	json	[{"model": "proyecto.fase", "pk": 2, "fields": {"nombre": "Fase2", "descripcion": "fdasfasfas", "estado": "abierta", "items": [3, 4, 5, 15, 16, 23], "tipoItem": [1], "lineasBase": [3, 4, 9, 11]}}]	Fase object (2)	17	116	default
192	1	json	[{"model": "proyecto.fase", "pk": 1, "fields": {"nombre": "Fase1", "descripcion": "fadsfasfa", "estado": "abierta", "items": [1, 2, 10, 11, 12, 14, 17, 18, 19, 20, 21, 22], "tipoItem": [1], "lineasBase": [1, 2, 7, 8, 10]}}]	Fase object (1)	17	117	default
193	7	json	[{"model": "proyecto.fase", "pk": 7, "fields": {"nombre": "Fase1", "descripcion": "vasdvzc", "estado": "abierta", "items": [], "tipoItem": [], "lineasBase": []}}]	Fase object (7)	17	118	default
194	8	json	[{"model": "proyecto.fase", "pk": 8, "fields": {"nombre": "Fase2", "descripcion": "fasdfasfas", "estado": "abierta", "items": [], "tipoItem": [], "lineasBase": []}}]	Fase object (8)	17	119	default
195	7	json	[{"model": "proyecto.fase", "pk": 7, "fields": {"nombre": "Fase1", "descripcion": "vasdvzc", "estado": "abierta", "items": [], "tipoItem": [19], "lineasBase": []}}]	Fase object (7)	17	120	default
196	24	json	[{"model": "proyecto.item", "pk": 24, "fields": {"tipoItem": 19, "nombre": "item1_1", "campo_extra_valores": "[]", "fecha": "2020-10-07", "estado": "en desarrollo", "observacion": "fasd", "costo": "1233", "version": 0, "archivos": "[]", "faseid": "7"}}]	Item object (24)	19	121	default
197	7	json	[{"model": "proyecto.fase", "pk": 7, "fields": {"nombre": "Fase1", "descripcion": "vasdvzc", "estado": "abierta", "items": [24], "tipoItem": [19], "lineasBase": []}}]	Fase object (7)	17	121	default
198	25	json	[{"model": "proyecto.item", "pk": 25, "fields": {"tipoItem": 19, "nombre": "item1_2", "campo_extra_valores": "[]", "fecha": "2020-10-17", "estado": "en desarrollo", "observacion": "fasd", "costo": "1233", "version": 0, "archivos": "[]", "faseid": "7"}}]	Item object (25)	19	122	default
199	7	json	[{"model": "proyecto.fase", "pk": 7, "fields": {"nombre": "Fase1", "descripcion": "vasdvzc", "estado": "abierta", "items": [24, 25], "tipoItem": [19], "lineasBase": []}}]	Fase object (7)	17	122	default
200	12	json	[{"model": "proyecto.lineabase", "pk": 12, "fields": {"nombre": "LineaBase1-Fase1", "estado": "abierta", "creador": 2, "items": [24], "roturaslineasBase": [], "roturaLineaBaseComprometida": []}}]	LineaBase object (12)	27	123	default
201	24	json	[{"model": "proyecto.item", "pk": 24, "fields": {"tipoItem": 19, "nombre": "item1_1", "campo_extra_valores": "[]", "fecha": "2020-10-07", "estado": "en linea base", "observacion": "fasd", "costo": 1233, "version": 0, "archivos": "[]", "faseid": 7}}]	Item object (24)	19	123	default
202	7	json	[{"model": "proyecto.fase", "pk": 7, "fields": {"nombre": "Fase1", "descripcion": "vasdvzc", "estado": "abierta", "items": [24, 25], "tipoItem": [19], "lineasBase": [12]}}]	Fase object (7)	17	123	default
203	13	json	[{"model": "proyecto.lineabase", "pk": 13, "fields": {"nombre": "LineaBase2-Fase1", "estado": "abierta", "creador": 2, "items": [25], "roturaslineasBase": [], "roturaLineaBaseComprometida": []}}]	LineaBase object (13)	27	124	default
204	25	json	[{"model": "proyecto.item", "pk": 25, "fields": {"tipoItem": 19, "nombre": "item1_2", "campo_extra_valores": "[]", "fecha": "2020-10-17", "estado": "en linea base", "observacion": "fasd", "costo": 1233, "version": 0, "archivos": "[]", "faseid": 7}}]	Item object (25)	19	124	default
205	7	json	[{"model": "proyecto.fase", "pk": 7, "fields": {"nombre": "Fase1", "descripcion": "vasdvzc", "estado": "abierta", "items": [24, 25], "tipoItem": [19], "lineasBase": [12, 13]}}]	Fase object (7)	17	124	default
206	8	json	[{"model": "proyecto.fase", "pk": 8, "fields": {"nombre": "Fase2", "descripcion": "fasdfasfas", "estado": "abierta", "items": [], "tipoItem": [19], "lineasBase": []}}]	Fase object (8)	17	125	default
207	26	json	[{"model": "proyecto.item", "pk": 26, "fields": {"tipoItem": 19, "nombre": "item2_1", "campo_extra_valores": "[]", "fecha": "2020-10-23", "estado": "en desarrollo", "observacion": "fasd", "costo": "1233", "version": 0, "archivos": "[]", "faseid": "8"}}]	Item object (26)	19	126	default
208	8	json	[{"model": "proyecto.fase", "pk": 8, "fields": {"nombre": "Fase2", "descripcion": "fasdfasfas", "estado": "abierta", "items": [26], "tipoItem": [19], "lineasBase": []}}]	Fase object (8)	17	126	default
209	29	json	[{"model": "proyecto.relacion", "pk": 29, "fields": {"tipo": "antecesor", "fase_item_to": 8, "item_from": 24, "item_to": 26}}]	Relacion object (29)	25	127	default
210	30	json	[{"model": "proyecto.relacion", "pk": 30, "fields": {"tipo": "sucesor", "fase_item_to": 7, "item_from": 26, "item_to": 24}}]	Relacion object (30)	25	127	default
211	13	json	[{"model": "proyecto.lineabase", "pk": 13, "fields": {"nombre": "LineaBase2-Fase1", "estado": "cerrada", "creador": 2, "items": [25], "roturaslineasBase": [16], "roturaLineaBaseComprometida": []}}]	LineaBase object (13)	27	128	default
212	25	json	[{"model": "proyecto.item", "pk": 25, "fields": {"tipoItem": 19, "nombre": "item1_2", "campo_extra_valores": "[]", "fecha": "2020-10-17", "estado": "en linea base", "observacion": "fasd", "costo": 1233, "version": 0, "archivos": "[]", "faseid": 7}}]	Item object (25)	19	128	default
213	14	json	[{"model": "proyecto.lineabase", "pk": 14, "fields": {"nombre": "LineaBase3-Fase1", "estado": "abierta", "creador": 2, "items": [25], "roturaslineasBase": [], "roturaLineaBaseComprometida": []}}]	LineaBase object (14)	27	129	default
214	25	json	[{"model": "proyecto.item", "pk": 25, "fields": {"tipoItem": 19, "nombre": "item1_2", "campo_extra_valores": "[]", "fecha": "2020-10-17", "estado": "en linea base", "observacion": "fasd", "costo": 1233, "version": 0, "archivos": "[]", "faseid": 7}}]	Item object (25)	19	129	default
215	7	json	[{"model": "proyecto.fase", "pk": 7, "fields": {"nombre": "Fase1", "descripcion": "vasdvzc", "estado": "abierta", "items": [24, 25], "tipoItem": [19], "lineasBase": [12, 13, 14]}}]	Fase object (7)	17	129	default
216	9	json	[{"model": "proyecto.fase", "pk": 9, "fields": {"nombre": "Fase1", "descripcion": "Primera fase.", "estado": "abierta", "items": [], "tipoItem": [], "lineasBase": []}}]	Fase object (9)	17	130	default
217	10	json	[{"model": "proyecto.fase", "pk": 10, "fields": {"nombre": "Fase2", "descripcion": "Segunda fase", "estado": "abierta", "items": [], "tipoItem": [], "lineasBase": []}}]	Fase object (10)	17	131	default
218	11	json	[{"model": "proyecto.fase", "pk": 11, "fields": {"nombre": "Fase1", "descripcion": "Fase1", "estado": "abierta", "items": [], "tipoItem": [], "lineasBase": []}}]	Fase object (11)	17	132	default
219	12	json	[{"model": "proyecto.fase", "pk": 12, "fields": {"nombre": "Fase2", "descripcion": "segunda fase", "estado": "abierta", "items": [], "tipoItem": [], "lineasBase": []}}]	Fase object (12)	17	133	default
220	13	json	[{"model": "proyecto.fase", "pk": 13, "fields": {"nombre": "Fase3", "descripcion": "tercera", "estado": "abierta", "items": [], "tipoItem": [], "lineasBase": []}}]	Fase object (13)	17	134	default
223	11	json	[{"model": "proyecto.fase", "pk": 11, "fields": {"nombre": "Fase1", "descripcion": "Fase1", "estado": "abierta", "items": [], "tipoItem": [22, 23], "lineasBase": []}}]	Fase object (11)	17	137	default
224	12	json	[{"model": "proyecto.fase", "pk": 12, "fields": {"nombre": "Fase2", "descripcion": "segunda fase", "estado": "abierta", "items": [], "tipoItem": [22], "lineasBase": []}}]	Fase object (12)	17	138	default
225	12	json	[{"model": "proyecto.fase", "pk": 12, "fields": {"nombre": "Fase2", "descripcion": "segunda fase", "estado": "abierta", "items": [], "tipoItem": [22, 23], "lineasBase": []}}]	Fase object (12)	17	139	default
226	13	json	[{"model": "proyecto.fase", "pk": 13, "fields": {"nombre": "Fase3", "descripcion": "tercera", "estado": "abierta", "items": [], "tipoItem": [22], "lineasBase": []}}]	Fase object (13)	17	140	default
227	13	json	[{"model": "proyecto.fase", "pk": 13, "fields": {"nombre": "Fase3", "descripcion": "tercera", "estado": "abierta", "items": [], "tipoItem": [22, 23], "lineasBase": []}}]	Fase object (13)	17	141	default
228	14	json	[{"model": "proyecto.fase", "pk": 14, "fields": {"nombre": "Fase4", "descripcion": "Cuarta fase", "estado": "abierta", "items": [], "tipoItem": [22], "lineasBase": []}}]	Fase object (14)	17	142	default
229	14	json	[{"model": "proyecto.fase", "pk": 14, "fields": {"nombre": "Fase4", "descripcion": "Cuarta fase", "estado": "abierta", "items": [], "tipoItem": [22, 23], "lineasBase": []}}]	Fase object (14)	17	143	default
230	15	json	[{"model": "proyecto.fase", "pk": 15, "fields": {"nombre": "Fase1", "descripcion": "Primera", "estado": "abierta", "items": [], "tipoItem": [], "lineasBase": []}}]	Fase object (15)	17	144	default
231	16	json	[{"model": "proyecto.fase", "pk": 16, "fields": {"nombre": "Fase2", "descripcion": "fdsafas", "estado": "abierta", "items": [], "tipoItem": [], "lineasBase": []}}]	Fase object (16)	17	145	default
232	17	json	[{"model": "proyecto.fase", "pk": 17, "fields": {"nombre": "Fase3", "descripcion": "tercera", "estado": "abierta", "items": [], "tipoItem": [], "lineasBase": []}}]	Fase object (17)	17	146	default
233	15	json	[{"model": "proyecto.fase", "pk": 15, "fields": {"nombre": "Fase1", "descripcion": "Primera", "estado": "abierta", "items": [], "tipoItem": [22], "lineasBase": []}}]	Fase object (15)	17	147	default
234	15	json	[{"model": "proyecto.fase", "pk": 15, "fields": {"nombre": "Fase1", "descripcion": "Primera", "estado": "abierta", "items": [], "tipoItem": [20, 22], "lineasBase": []}}]	Fase object (15)	17	148	default
235	16	json	[{"model": "proyecto.fase", "pk": 16, "fields": {"nombre": "Fase2", "descripcion": "fdsafas", "estado": "abierta", "items": [], "tipoItem": [20], "lineasBase": []}}]	Fase object (16)	17	149	default
236	16	json	[{"model": "proyecto.fase", "pk": 16, "fields": {"nombre": "Fase2", "descripcion": "fdsafas", "estado": "abierta", "items": [], "tipoItem": [20, 22], "lineasBase": []}}]	Fase object (16)	17	150	default
237	17	json	[{"model": "proyecto.fase", "pk": 17, "fields": {"nombre": "Fase3", "descripcion": "tercera", "estado": "abierta", "items": [], "tipoItem": [20], "lineasBase": []}}]	Fase object (17)	17	151	default
238	17	json	[{"model": "proyecto.fase", "pk": 17, "fields": {"nombre": "Fase3", "descripcion": "tercera", "estado": "abierta", "items": [], "tipoItem": [20, 22], "lineasBase": []}}]	Fase object (17)	17	152	default
239	27	json	[{"model": "proyecto.item", "pk": 27, "fields": {"tipoItem": 20, "nombre": "item1", "campo_extra_valores": "[\\"Pedro\\"]", "fecha": "2020-10-18", "estado": "en desarrollo", "observacion": "Es un item", "costo": "9", "version": 0, "archivos": "[]", "faseid": "15"}}]	Item object (27)	19	153	default
240	15	json	[{"model": "proyecto.fase", "pk": 15, "fields": {"nombre": "Fase1", "descripcion": "Primera", "estado": "abierta", "items": [27], "tipoItem": [20, 22], "lineasBase": []}}]	Fase object (15)	17	153	default
241	28	json	[{"model": "proyecto.item", "pk": 28, "fields": {"tipoItem": 20, "nombre": "item2", "campo_extra_valores": "[\\"Gisselle\\"]", "fecha": "2020-10-18", "estado": "en desarrollo", "observacion": "Es un item pero 2", "costo": "14", "version": 0, "archivos": "[]", "faseid": "15"}}]	Item object (28)	19	154	default
242	15	json	[{"model": "proyecto.fase", "pk": 15, "fields": {"nombre": "Fase1", "descripcion": "Primera", "estado": "abierta", "items": [27, 28], "tipoItem": [20, 22], "lineasBase": []}}]	Fase object (15)	17	154	default
243	29	json	[{"model": "proyecto.item", "pk": 29, "fields": {"tipoItem": 22, "nombre": "item3", "campo_extra_valores": "[\\"Tigo\\"]", "fecha": "2020-10-25", "estado": "en desarrollo", "observacion": "Es un item pero 3", "costo": "12", "version": 0, "archivos": "[]", "faseid": "15"}}]	Item object (29)	19	155	default
244	15	json	[{"model": "proyecto.fase", "pk": 15, "fields": {"nombre": "Fase1", "descripcion": "Primera", "estado": "abierta", "items": [27, 28, 29], "tipoItem": [20, 22], "lineasBase": []}}]	Fase object (15)	17	155	default
245	31	json	[{"model": "proyecto.relacion", "pk": 31, "fields": {"tipo": "padre", "fase_item_to": 15, "item_from": 28, "item_to": 29}}]	Relacion object (31)	25	156	default
246	32	json	[{"model": "proyecto.relacion", "pk": 32, "fields": {"tipo": "hijo", "fase_item_to": 15, "item_from": 29, "item_to": 28}}]	Relacion object (32)	25	156	default
247	15	json	[{"model": "proyecto.lineabase", "pk": 15, "fields": {"nombre": "LineaBase1-Fase1", "estado": "abierta", "creador": 17, "items": [27], "roturaslineasBase": [], "roturaLineaBaseComprometida": []}}]	LineaBase object (15)	27	157	default
248	27	json	[{"model": "proyecto.item", "pk": 27, "fields": {"tipoItem": 20, "nombre": "item1", "campo_extra_valores": "[\\"Pedro\\"]", "fecha": "2020-10-18", "estado": "en linea base", "observacion": "Es un item", "costo": 9, "version": 0, "archivos": "[]", "faseid": 15}}]	Item object (27)	19	157	default
249	15	json	[{"model": "proyecto.fase", "pk": 15, "fields": {"nombre": "Fase1", "descripcion": "Primera", "estado": "abierta", "items": [29, 28, 27], "tipoItem": [20, 22], "lineasBase": [15]}}]	Fase object (15)	17	157	default
250	16	json	[{"model": "proyecto.lineabase", "pk": 16, "fields": {"nombre": "LineaBase2-Fase1", "estado": "abierta", "creador": 17, "items": [29, 28], "roturaslineasBase": [], "roturaLineaBaseComprometida": []}}]	LineaBase object (16)	27	158	default
251	29	json	[{"model": "proyecto.item", "pk": 29, "fields": {"tipoItem": 22, "nombre": "item3", "campo_extra_valores": "[\\"Tigo\\"]", "fecha": "2020-10-25", "estado": "en linea base", "observacion": "Es un item pero 3", "costo": 12, "version": 0, "archivos": "[]", "faseid": 15}}]	Item object (29)	19	158	default
252	28	json	[{"model": "proyecto.item", "pk": 28, "fields": {"tipoItem": 20, "nombre": "item2", "campo_extra_valores": "[\\"Gisselle\\"]", "fecha": "2020-10-18", "estado": "en linea base", "observacion": "Es un item pero 2", "costo": 14, "version": 0, "archivos": "[]", "faseid": 15}}]	Item object (28)	19	158	default
253	15	json	[{"model": "proyecto.fase", "pk": 15, "fields": {"nombre": "Fase1", "descripcion": "Primera", "estado": "abierta", "items": [27, 29, 28], "tipoItem": [20, 22], "lineasBase": [15, 16]}}]	Fase object (15)	17	158	default
254	30	json	[{"model": "proyecto.item", "pk": 30, "fields": {"tipoItem": 20, "nombre": "item4", "campo_extra_valores": "[\\"Pedro\\"]", "fecha": "2020-10-08", "estado": "en desarrollo", "observacion": "Es un item", "costo": "16", "version": 0, "archivos": "[]", "faseid": "16"}}]	Item object (30)	19	159	default
255	16	json	[{"model": "proyecto.fase", "pk": 16, "fields": {"nombre": "Fase2", "descripcion": "fdsafas", "estado": "abierta", "items": [30], "tipoItem": [20, 22], "lineasBase": []}}]	Fase object (16)	17	159	default
256	31	json	[{"model": "proyecto.item", "pk": 31, "fields": {"tipoItem": 20, "nombre": "item5", "campo_extra_valores": "[\\"Gisselle\\"]", "fecha": "2020-10-18", "estado": "en desarrollo", "observacion": "Es un item5", "costo": "7", "version": 0, "archivos": "[]", "faseid": "16"}}]	Item object (31)	19	160	default
257	16	json	[{"model": "proyecto.fase", "pk": 16, "fields": {"nombre": "Fase2", "descripcion": "fdsafas", "estado": "abierta", "items": [30, 31], "tipoItem": [20, 22], "lineasBase": []}}]	Fase object (16)	17	160	default
258	32	json	[{"model": "proyecto.item", "pk": 32, "fields": {"tipoItem": 20, "nombre": "item6", "campo_extra_valores": "[\\"Pedro\\"]", "fecha": "2020-10-30", "estado": "en desarrollo", "observacion": "Es un item6", "costo": "20", "version": 0, "archivos": "[]", "faseid": "16"}}]	Item object (32)	19	161	default
259	16	json	[{"model": "proyecto.fase", "pk": 16, "fields": {"nombre": "Fase2", "descripcion": "fdsafas", "estado": "abierta", "items": [30, 31, 32], "tipoItem": [20, 22], "lineasBase": []}}]	Fase object (16)	17	161	default
260	33	json	[{"model": "proyecto.relacion", "pk": 33, "fields": {"tipo": "antecesor", "fase_item_to": 16, "item_from": 27, "item_to": 30}}]	Relacion object (33)	25	162	default
261	34	json	[{"model": "proyecto.relacion", "pk": 34, "fields": {"tipo": "sucesor", "fase_item_to": 15, "item_from": 30, "item_to": 27}}]	Relacion object (34)	25	162	default
262	35	json	[{"model": "proyecto.relacion", "pk": 35, "fields": {"tipo": "antecesor", "fase_item_to": 16, "item_from": 27, "item_to": 31}}]	Relacion object (35)	25	163	default
263	36	json	[{"model": "proyecto.relacion", "pk": 36, "fields": {"tipo": "sucesor", "fase_item_to": 15, "item_from": 31, "item_to": 27}}]	Relacion object (36)	25	163	default
264	37	json	[{"model": "proyecto.relacion", "pk": 37, "fields": {"tipo": "antecesor", "fase_item_to": 16, "item_from": 28, "item_to": 32}}]	Relacion object (37)	25	164	default
265	38	json	[{"model": "proyecto.relacion", "pk": 38, "fields": {"tipo": "sucesor", "fase_item_to": 15, "item_from": 32, "item_to": 28}}]	Relacion object (38)	25	164	default
266	17	json	[{"model": "proyecto.lineabase", "pk": 17, "fields": {"nombre": "LineaBase1-Fase2", "estado": "abierta", "creador": 20, "items": [32, 31], "roturaslineasBase": [], "roturaLineaBaseComprometida": []}}]	LineaBase object (17)	27	165	default
267	32	json	[{"model": "proyecto.item", "pk": 32, "fields": {"tipoItem": 20, "nombre": "item6", "campo_extra_valores": "[\\"Pedro\\"]", "fecha": "2020-10-30", "estado": "en linea base", "observacion": "Es un item6", "costo": 20, "version": 0, "archivos": "[]", "faseid": 16}}]	Item object (32)	19	165	default
268	31	json	[{"model": "proyecto.item", "pk": 31, "fields": {"tipoItem": 20, "nombre": "item5", "campo_extra_valores": "[\\"Gisselle\\"]", "fecha": "2020-10-18", "estado": "en linea base", "observacion": "Es un item5", "costo": 7, "version": 0, "archivos": "[]", "faseid": 16}}]	Item object (31)	19	165	default
269	16	json	[{"model": "proyecto.fase", "pk": 16, "fields": {"nombre": "Fase2", "descripcion": "fdsafas", "estado": "abierta", "items": [30, 32, 31], "tipoItem": [20, 22], "lineasBase": [17]}}]	Fase object (16)	17	165	default
270	33	json	[{"model": "proyecto.item", "pk": 33, "fields": {"tipoItem": 22, "nombre": "item7", "campo_extra_valores": "[\\"Personal\\"]", "fecha": "2020-11-01", "estado": "en desarrollo", "observacion": "Es un item pero 7", "costo": "23", "version": 0, "archivos": "[]", "faseid": "17"}}]	Item object (33)	19	166	default
271	17	json	[{"model": "proyecto.fase", "pk": 17, "fields": {"nombre": "Fase3", "descripcion": "tercera", "estado": "abierta", "items": [33], "tipoItem": [20, 22], "lineasBase": []}}]	Fase object (17)	17	166	default
272	39	json	[{"model": "proyecto.relacion", "pk": 39, "fields": {"tipo": "antecesor", "fase_item_to": 17, "item_from": 32, "item_to": 33}}]	Relacion object (39)	25	167	default
273	40	json	[{"model": "proyecto.relacion", "pk": 40, "fields": {"tipo": "sucesor", "fase_item_to": 16, "item_from": 33, "item_to": 32}}]	Relacion object (40)	25	167	default
274	41	json	[{"model": "proyecto.relacion", "pk": 41, "fields": {"tipo": "padre", "fase_item_to": 16, "item_from": 31, "item_to": 32}}]	Relacion object (41)	25	168	default
275	42	json	[{"model": "proyecto.relacion", "pk": 42, "fields": {"tipo": "hijo", "fase_item_to": 16, "item_from": 32, "item_to": 31}}]	Relacion object (42)	25	168	default
276	43	json	[{"model": "proyecto.relacion", "pk": 43, "fields": {"tipo": "padre", "fase_item_to": 16, "item_from": 30, "item_to": 31}}]	Relacion object (43)	25	169	default
277	44	json	[{"model": "proyecto.relacion", "pk": 44, "fields": {"tipo": "hijo", "fase_item_to": 16, "item_from": 31, "item_to": 30}}]	Relacion object (44)	25	169	default
278	18	json	[{"model": "proyecto.fase", "pk": 18, "fields": {"nombre": "Fase1", "descripcion": "Fase1", "estado": "abierta", "items": [], "tipoItem": [], "lineasBase": []}}]	Fase object (18)	17	170	default
279	19	json	[{"model": "proyecto.fase", "pk": 19, "fields": {"nombre": "Fase2", "descripcion": "jfsadk", "estado": "abierta", "items": [], "tipoItem": [], "lineasBase": []}}]	Fase object (19)	17	171	default
280	18	json	[{"model": "proyecto.fase", "pk": 18, "fields": {"nombre": "Fase1", "descripcion": "Fase1", "estado": "abierta", "items": [], "tipoItem": [20], "lineasBase": []}}]	Fase object (18)	17	172	default
281	34	json	[{"model": "proyecto.item", "pk": 34, "fields": {"tipoItem": 20, "nombre": "item1", "campo_extra_valores": "[\\"Kath\\"]", "fecha": "2020-10-17", "estado": "en desarrollo", "observacion": "adfjadf", "costo": "3", "version": 0, "archivos": "[]", "faseid": "18"}}]	Item object (34)	19	173	default
282	18	json	[{"model": "proyecto.fase", "pk": 18, "fields": {"nombre": "Fase1", "descripcion": "Fase1", "estado": "abierta", "items": [34], "tipoItem": [20], "lineasBase": []}}]	Fase object (18)	17	173	default
283	35	json	[{"model": "proyecto.item", "pk": 35, "fields": {"tipoItem": 20, "nombre": "item2", "campo_extra_valores": "[\\"Pedro\\"]", "fecha": "2020-10-31", "estado": "en desarrollo", "observacion": "adfjadf", "costo": "23", "version": 0, "archivos": "[]", "faseid": "18"}}]	Item object (35)	19	174	default
284	18	json	[{"model": "proyecto.fase", "pk": 18, "fields": {"nombre": "Fase1", "descripcion": "Fase1", "estado": "abierta", "items": [34, 35], "tipoItem": [20], "lineasBase": []}}]	Fase object (18)	17	174	default
285	18	json	[{"model": "proyecto.lineabase", "pk": 18, "fields": {"nombre": "LineaBase1-Fase1", "estado": "abierta", "creador": 19, "items": [34], "roturaslineasBase": [], "roturaLineaBaseComprometida": []}}]	LineaBase object (18)	27	175	default
286	34	json	[{"model": "proyecto.item", "pk": 34, "fields": {"tipoItem": 20, "nombre": "item1", "campo_extra_valores": "[\\"Kath\\"]", "fecha": "2020-10-17", "estado": "en linea base", "observacion": "adfjadf", "costo": 3, "version": 0, "archivos": "[]", "faseid": 18}}]	Item object (34)	19	175	default
287	18	json	[{"model": "proyecto.fase", "pk": 18, "fields": {"nombre": "Fase1", "descripcion": "Fase1", "estado": "abierta", "items": [35, 34], "tipoItem": [20], "lineasBase": [18]}}]	Fase object (18)	17	175	default
288	19	json	[{"model": "proyecto.lineabase", "pk": 19, "fields": {"nombre": "LineaBase2-Fase1", "estado": "abierta", "creador": 19, "items": [35], "roturaslineasBase": [], "roturaLineaBaseComprometida": []}}]	LineaBase object (19)	27	176	default
289	35	json	[{"model": "proyecto.item", "pk": 35, "fields": {"tipoItem": 20, "nombre": "item2", "campo_extra_valores": "[\\"Pedro\\"]", "fecha": "2020-10-31", "estado": "en linea base", "observacion": "adfjadf", "costo": 23, "version": 0, "archivos": "[]", "faseid": 18}}]	Item object (35)	19	176	default
290	18	json	[{"model": "proyecto.fase", "pk": 18, "fields": {"nombre": "Fase1", "descripcion": "Fase1", "estado": "abierta", "items": [34, 35], "tipoItem": [20], "lineasBase": [18, 19]}}]	Fase object (18)	17	176	default
291	19	json	[{"model": "proyecto.fase", "pk": 19, "fields": {"nombre": "Fase2", "descripcion": "jfsadk", "estado": "abierta", "items": [], "tipoItem": [21], "lineasBase": []}}]	Fase object (19)	17	177	default
292	36	json	[{"model": "proyecto.item", "pk": 36, "fields": {"tipoItem": 21, "nombre": "item3", "campo_extra_valores": "[\\"Claro\\"]", "fecha": "2020-10-21", "estado": "en desarrollo", "observacion": "Es un item3", "costo": "32", "version": 0, "archivos": "[]", "faseid": "19"}}]	Item object (36)	19	178	default
293	19	json	[{"model": "proyecto.fase", "pk": 19, "fields": {"nombre": "Fase2", "descripcion": "jfsadk", "estado": "abierta", "items": [36], "tipoItem": [21], "lineasBase": []}}]	Fase object (19)	17	178	default
294	37	json	[{"model": "proyecto.item", "pk": 37, "fields": {"tipoItem": 21, "nombre": "item4", "campo_extra_valores": "[\\"Claro\\"]", "fecha": "2020-10-24", "estado": "en desarrollo", "observacion": "Es un item5", "costo": "10", "version": 0, "archivos": "[]", "faseid": "19"}}]	Item object (37)	19	179	default
295	19	json	[{"model": "proyecto.fase", "pk": 19, "fields": {"nombre": "Fase2", "descripcion": "jfsadk", "estado": "abierta", "items": [36, 37], "tipoItem": [21], "lineasBase": []}}]	Fase object (19)	17	179	default
296	45	json	[{"model": "proyecto.relacion", "pk": 45, "fields": {"tipo": "antecesor", "fase_item_to": 19, "item_from": 34, "item_to": 36}}]	Relacion object (45)	25	180	default
297	46	json	[{"model": "proyecto.relacion", "pk": 46, "fields": {"tipo": "sucesor", "fase_item_to": 18, "item_from": 36, "item_to": 34}}]	Relacion object (46)	25	180	default
298	47	json	[{"model": "proyecto.relacion", "pk": 47, "fields": {"tipo": "antecesor", "fase_item_to": 19, "item_from": 35, "item_to": 37}}]	Relacion object (47)	25	181	default
299	48	json	[{"model": "proyecto.relacion", "pk": 48, "fields": {"tipo": "sucesor", "fase_item_to": 18, "item_from": 37, "item_to": 35}}]	Relacion object (48)	25	181	default
300	49	json	[{"model": "proyecto.relacion", "pk": 49, "fields": {"tipo": "padre", "fase_item_to": 18, "item_from": 34, "item_to": 35}}]	Relacion object (49)	25	182	default
301	50	json	[{"model": "proyecto.relacion", "pk": 50, "fields": {"tipo": "hijo", "fase_item_to": 18, "item_from": 35, "item_to": 34}}]	Relacion object (50)	25	182	default
302	20	json	[{"model": "proyecto.lineabase", "pk": 20, "fields": {"nombre": "LineaBase1-Fase2", "estado": "abierta", "creador": 14, "items": [36, 37], "roturaslineasBase": [], "roturaLineaBaseComprometida": []}}]	LineaBase object (20)	27	183	default
303	36	json	[{"model": "proyecto.item", "pk": 36, "fields": {"tipoItem": 21, "nombre": "item3", "campo_extra_valores": "[\\"Claro\\"]", "fecha": "2020-10-21", "estado": "en linea base", "observacion": "Es un item3", "costo": 32, "version": 0, "archivos": "[]", "faseid": 19}}]	Item object (36)	19	183	default
304	37	json	[{"model": "proyecto.item", "pk": 37, "fields": {"tipoItem": 21, "nombre": "item4", "campo_extra_valores": "[\\"Claro\\"]", "fecha": "2020-10-24", "estado": "en linea base", "observacion": "Es un item5", "costo": 10, "version": 0, "archivos": "[]", "faseid": 19}}]	Item object (37)	19	183	default
305	19	json	[{"model": "proyecto.fase", "pk": 19, "fields": {"nombre": "Fase2", "descripcion": "jfsadk", "estado": "abierta", "items": [36, 37], "tipoItem": [21], "lineasBase": [20]}}]	Fase object (19)	17	183	default
306	19	json	[{"model": "proyecto.fase", "pk": 19, "fields": {"nombre": "Fase2", "descripcion": "jfsadk", "estado": "abierta", "items": [36, 37], "tipoItem": [21], "lineasBase": [20]}}]	Fase object (19)	17	184	default
\.


--
-- TOC entry 3714 (class 0 OID 72221)
-- Dependencies: 288
-- Data for Name: socialaccount_socialaccount; Type: TABLE DATA; Schema: public; Owner: admin4
--

COPY public.socialaccount_socialaccount (id, provider, uid, last_login, date_joined, extra_data, user_id) FROM stdin;
12	google	103453961197968412335	2020-10-16 09:21:06.878641-03	2020-10-16 09:04:52.547929-03	{"id": "103453961197968412335", "email": "mariajo.gimenez98@gmail.com", "verified_email": true, "name": "mariajose gimenez", "given_name": "mariajose", "family_name": "gimenez", "picture": "https://lh4.googleusercontent.com/-W504cmaBMDI/AAAAAAAAAAI/AAAAAAAAAAA/AMZuucmQVgpotIgQGmLLpBQ-61vQ2y_QgA/s96-c/photo.jpg", "locale": "es-419"}	14
15	google	115281932264536298139	2020-10-16 09:47:16.880892-03	2020-10-16 09:47:01.747707-03	{"id": "115281932264536298139", "email": "nombre.2020.10.apellido@gmail.com", "verified_email": true, "name": "Guadalupe Adorno", "given_name": "Guadalupe", "family_name": "Adorno", "picture": "https://lh4.googleusercontent.com/-aJBoK32i1co/AAAAAAAAAAI/AAAAAAAAAAA/AMZuuclMR88wULFvkiCRXCoM_BFOKJqJnw/s96-c/photo.jpg", "locale": "es"}	17
14	google	100079823234495529434	2020-10-16 09:47:50.504092-03	2020-10-16 09:18:49.167039-03	{"id": "100079823234495529434", "email": "salinasestef087@gmail.com", "verified_email": true, "name": "Estefi Salinas", "given_name": "Estefi", "family_name": "Salinas", "picture": "https://lh3.googleusercontent.com/-w1TsQaVB9OQ/AAAAAAAAAAI/AAAAAAAAAAA/AMZuucl9XhZVi4OxNRTemraO72pUlIYGsQ/s96-c/photo.jpg", "locale": "es-419"}	16
16	google	115865454887981710264	2020-10-16 09:53:23.236105-03	2020-10-16 09:53:23.236149-03	{"id": "115865454887981710264", "email": "luca20costa20@gmail.com", "verified_email": true, "name": "Lucas Acosta", "given_name": "Lucas", "family_name": "Acosta", "picture": "https://lh6.googleusercontent.com/-u6ySu50vhtM/AAAAAAAAAAI/AAAAAAAAAAA/AMZuuclMCXhLoV87q1WFY1F_74bMNq0y2Q/s96-c/photo.jpg", "locale": "es-419"}	18
17	google	112266704920220623617	2020-10-16 09:53:49.91526-03	2020-10-16 09:53:49.915309-03	{"id": "112266704920220623617", "email": "lucililopez90@gmail.com", "verified_email": true, "name": "lucia lopez", "given_name": "lucia", "family_name": "lopez", "picture": "https://lh5.googleusercontent.com/-8eq1hgNZq7Q/AAAAAAAAAAI/AAAAAAAAAAA/AMZuuckDr72fdUP6X6VL94iO6BG72POtCQ/s96-c/photo.jpg", "locale": "es"}	19
18	google	109445356266804749798	2020-10-16 10:51:15.556295-03	2020-10-16 10:51:15.556351-03	{"id": "109445356266804749798", "email": "gojara982@gmail.com", "verified_email": true, "name": "Gloria Jara", "given_name": "Gloria", "family_name": "Jara", "picture": "https://lh3.googleusercontent.com/-xqZ9irtDsuQ/AAAAAAAAAAI/AAAAAAAAAAA/AMZuucmSCwFcJaQ8vAXkOcBgSFqan-w1aw/s96-c/photo.jpg", "locale": "es"}	20
2	google	101607068073883756948	2020-10-15 14:20:37.710609-03	2020-10-10 15:12:50.378827-03	{"id": "101607068073883756948", "email": "pcdruizdiaz@fpuna.edu.py", "verified_email": true, "name": "Bruno Santiago Ruiz Diaz Sosa", "given_name": "Bruno Santiago", "family_name": "Ruiz Diaz Sosa", "picture": "https://lh5.googleusercontent.com/-yGlds5Cj9Lg/AAAAAAAAAAI/AAAAAAAAAAA/AMZuuckcPl4o7b7fyTuqI8VVYLrgO51w4Q/s96-c/photo.jpg", "locale": "es", "hd": "fpuna.edu.py"}	4
13	google	100389358072532953393	2020-10-16 09:17:06.337602-03	2020-10-16 09:05:11.423418-03	{"id": "100389358072532953393", "email": "josefinasalinas863@gmail.com", "verified_email": true, "name": "josefina salinas", "given_name": "josefina", "family_name": "salinas", "picture": "https://lh4.googleusercontent.com/-YPhEwXRHma0/AAAAAAAAAAI/AAAAAAAAAAA/AMZuucnBQGUnVoPWXO7sylKTDdrpWAe1jA/s96-c/photo.jpg", "locale": "es-419"}	15
\.


--
-- TOC entry 3716 (class 0 OID 72232)
-- Dependencies: 290
-- Data for Name: socialaccount_socialapp; Type: TABLE DATA; Schema: public; Owner: admin4
--

COPY public.socialaccount_socialapp (id, provider, name, client_id, secret, key) FROM stdin;
1	google	GL	487864700073-g956o7354n0md6k8eogk34rtvbep4agr.apps.googleusercontent.com	jQBnADYzP3QWPCcAki1KJOpQ	
\.


--
-- TOC entry 3718 (class 0 OID 72240)
-- Dependencies: 292
-- Data for Name: socialaccount_socialapp_sites; Type: TABLE DATA; Schema: public; Owner: admin4
--

COPY public.socialaccount_socialapp_sites (id, socialapp_id, site_id) FROM stdin;
1	1	1
\.


--
-- TOC entry 3720 (class 0 OID 72248)
-- Dependencies: 294
-- Data for Name: socialaccount_socialtoken; Type: TABLE DATA; Schema: public; Owner: admin4
--

COPY public.socialaccount_socialtoken (id, token, token_secret, expires_at, account_id, app_id) FROM stdin;
14	ya29.a0AfH6SMAbmqPyjdgsTLclQMgBzngIPYM_zAHXUBL04VqoERol63DzOe_pGpoD6cX9W7ipSz8ZesE40mE4SE9KelCqhK5tG1y9zk_KpPDWrYvPzSSJbDPxCrE9Bri1YSoi7Kaq2mxW3a9K_azqd0aY2A-f7dumPTreV3c		2020-10-16 10:47:49.268313-03	14	1
16	ya29.a0AfH6SMBrN6NmdHwBHzvGuaX3uw3F1b-V1Vlc5XXgY8LeHliTA7TYL1EoogqTHCbYOB7L_7sdW9Neu34FajXIyTDJGQ_FOLd-TtK3EvAAhfZTcQfO_5P9IteSeG9k9n1bPJaTOTl-19Yvv_-2L0zxCgdRWIiMMjT5gr0		2020-10-16 10:53:21.787895-03	16	1
17	ya29.a0AfH6SMD3vXXHvKnHUK_6jzxuWVCCPBnpr2VErsbZq2BdwkgNxeaJafqcGQR9K92YeJ1JeNyMHSAD-oYu02TWMVxKEQ05YW5pqKQqViyaozg-qz9HhYEBHdb34nX1bnuk3vDCBFPr3aFpneU8rxeaigTcjV0jEsEorTc		2020-10-16 10:53:48.612822-03	17	1
18	ya29.a0AfH6SMAboCOJ_x_h6rvN995YEsI3T9wpAdJufWla0GHWzDWLAfnNHzC5ehy70wd75TPVRdGzbofwNkDTBDmG-HT4tj9EBoVFr9VWqNPglaZ-4nsGaquHH6oeBKKnYBrXR9z2Z2L_0EAmmOWlsLe9vhJj_y5F3B8e49A		2020-10-16 11:51:14.228465-03	18	1
2	ya29.a0AfH6SMCVYQkCjWVTVKYAjWk93ZdRRcDwKAIjQkk9cPMjV8HRF7cN2WSrWaGctcX9Mfc5IrJhuxrl6mGkcO_xllvmBS-NmkbYf4gu1tgxROYLTY4_Y-SRK3Yb-uNq06dMRIec5hH5G0yv22w-0GV1Bp89Qpeft39nmN7B		2020-10-15 15:20:36.284758-03	2	1
13	ya29.a0AfH6SMASo67DPGWBg9-cEgJHj0Z6txchLuisGSO6-HyttdmfpTUT-Ti2AQ4bc2L3M4_1R67wr5miE29UHF6zkUQ0F0-tHsW1s_IR9mjhWVEa1jtqRPZAao1vw31sT6IGuDxcYl4TXG-y4As4R8bPxXKqv5TpQvb_2OI		2020-10-16 10:17:04.945633-03	13	1
12	ya29.a0AfH6SMBVNDocD9f7fwtFuyJtva8f403ncGXo0798K74AjgP4SAFuSoyrVjGeDftvsx9I4OXGJlQHILUOsT1qAmg9Fm-cb3pDYM-vu9peV1NP9OAzPlMd_7KWcyvH88MD6GkgU8OFfnMHNb0cY-y4mYsRGz47aswbmBE		2020-10-16 10:21:05.577788-03	12	1
15	ya29.a0AfH6SMA2V91apUEBQ5lw9t7Ftv6E-Fng8pX63jrIaXloxkFEGDz8XDmTvGbvRfy13pgbfjPE_FrsXbCo6EqAcN88y6JMXf9Mu6KluaDpseqjj4DEdiTGuf7unsH97xWYBnlJwCi3BijHg162ORMle2Rcy6jJ1Ngn4-A		2020-10-16 10:47:15.626789-03	15	1
\.


--
-- TOC entry 3775 (class 0 OID 0)
-- Dependencies: 212
-- Name: account_emailaddress_id_seq; Type: SEQUENCE SET; Schema: public; Owner: admin4
--

SELECT pg_catalog.setval('public.account_emailaddress_id_seq', 18, true);


--
-- TOC entry 3776 (class 0 OID 0)
-- Dependencies: 214
-- Name: account_emailconfirmation_id_seq; Type: SEQUENCE SET; Schema: public; Owner: admin4
--

SELECT pg_catalog.setval('public.account_emailconfirmation_id_seq', 1, false);


--
-- TOC entry 3777 (class 0 OID 0)
-- Dependencies: 202
-- Name: auth_group_id_seq; Type: SEQUENCE SET; Schema: public; Owner: admin4
--

SELECT pg_catalog.setval('public.auth_group_id_seq', 28, true);


--
-- TOC entry 3778 (class 0 OID 0)
-- Dependencies: 204
-- Name: auth_group_permissions_id_seq; Type: SEQUENCE SET; Schema: public; Owner: admin4
--

SELECT pg_catalog.setval('public.auth_group_permissions_id_seq', 192, true);


--
-- TOC entry 3779 (class 0 OID 0)
-- Dependencies: 200
-- Name: auth_permission_id_seq; Type: SEQUENCE SET; Schema: public; Owner: admin4
--

SELECT pg_catalog.setval('public.auth_permission_id_seq', 169, true);


--
-- TOC entry 3780 (class 0 OID 0)
-- Dependencies: 208
-- Name: auth_user_groups_id_seq; Type: SEQUENCE SET; Schema: public; Owner: admin4
--

SELECT pg_catalog.setval('public.auth_user_groups_id_seq', 260, true);


--
-- TOC entry 3781 (class 0 OID 0)
-- Dependencies: 206
-- Name: auth_user_id_seq; Type: SEQUENCE SET; Schema: public; Owner: admin4
--

SELECT pg_catalog.setval('public.auth_user_id_seq', 20, true);


--
-- TOC entry 3782 (class 0 OID 0)
-- Dependencies: 210
-- Name: auth_user_user_permissions_id_seq; Type: SEQUENCE SET; Schema: public; Owner: admin4
--

SELECT pg_catalog.setval('public.auth_user_user_permissions_id_seq', 194, true);


--
-- TOC entry 3783 (class 0 OID 0)
-- Dependencies: 216
-- Name: django_admin_log_id_seq; Type: SEQUENCE SET; Schema: public; Owner: admin4
--

SELECT pg_catalog.setval('public.django_admin_log_id_seq', 200, true);


--
-- TOC entry 3784 (class 0 OID 0)
-- Dependencies: 198
-- Name: django_content_type_id_seq; Type: SEQUENCE SET; Schema: public; Owner: admin4
--

SELECT pg_catalog.setval('public.django_content_type_id_seq', 31, true);


--
-- TOC entry 3785 (class 0 OID 0)
-- Dependencies: 196
-- Name: django_migrations_id_seq; Type: SEQUENCE SET; Schema: public; Owner: admin4
--

SELECT pg_catalog.setval('public.django_migrations_id_seq', 32, true);


--
-- TOC entry 3786 (class 0 OID 0)
-- Dependencies: 285
-- Name: django_site_id_seq; Type: SEQUENCE SET; Schema: public; Owner: admin4
--

SELECT pg_catalog.setval('public.django_site_id_seq', 1, true);


--
-- TOC entry 3787 (class 0 OID 0)
-- Dependencies: 218
-- Name: guardian_groupobjectpermission_id_seq; Type: SEQUENCE SET; Schema: public; Owner: admin4
--

SELECT pg_catalog.setval('public.guardian_groupobjectpermission_id_seq', 77, true);


--
-- TOC entry 3788 (class 0 OID 0)
-- Dependencies: 220
-- Name: guardian_userobjectpermission_id_seq; Type: SEQUENCE SET; Schema: public; Owner: admin4
--

SELECT pg_catalog.setval('public.guardian_userobjectpermission_id_seq', 631, true);


--
-- TOC entry 3789 (class 0 OID 0)
-- Dependencies: 222
-- Name: perms_permisos_id_seq; Type: SEQUENCE SET; Schema: public; Owner: admin4
--

SELECT pg_catalog.setval('public.perms_permisos_id_seq', 1, false);


--
-- TOC entry 3790 (class 0 OID 0)
-- Dependencies: 224
-- Name: proyecto_campoextra_id_seq; Type: SEQUENCE SET; Schema: public; Owner: admin4
--

SELECT pg_catalog.setval('public.proyecto_campoextra_id_seq', 1, false);


--
-- TOC entry 3791 (class 0 OID 0)
-- Dependencies: 278
-- Name: proyecto_campoextravalores_id_seq; Type: SEQUENCE SET; Schema: public; Owner: admin4
--

SELECT pg_catalog.setval('public.proyecto_campoextravalores_id_seq', 1, false);


--
-- TOC entry 3792 (class 0 OID 0)
-- Dependencies: 226
-- Name: proyecto_fase_id_seq; Type: SEQUENCE SET; Schema: public; Owner: admin4
--

SELECT pg_catalog.setval('public.proyecto_fase_id_seq', 19, true);


--
-- TOC entry 3793 (class 0 OID 0)
-- Dependencies: 272
-- Name: proyecto_fase_items_id_seq; Type: SEQUENCE SET; Schema: public; Owner: admin4
--

SELECT pg_catalog.setval('public.proyecto_fase_items_id_seq', 37, true);


--
-- TOC entry 3794 (class 0 OID 0)
-- Dependencies: 274
-- Name: proyecto_fase_lineasBase_id_seq; Type: SEQUENCE SET; Schema: public; Owner: admin4
--

SELECT pg_catalog.setval('public."proyecto_fase_lineasBase_id_seq"', 20, true);


--
-- TOC entry 3795 (class 0 OID 0)
-- Dependencies: 276
-- Name: proyecto_fase_tipoItem_id_seq; Type: SEQUENCE SET; Schema: public; Owner: admin4
--

SELECT pg_catalog.setval('public."proyecto_fase_tipoItem_id_seq"', 23, true);


--
-- TOC entry 3796 (class 0 OID 0)
-- Dependencies: 228
-- Name: proyecto_faseuser_id_seq; Type: SEQUENCE SET; Schema: public; Owner: admin4
--

SELECT pg_catalog.setval('public.proyecto_faseuser_id_seq', 62, true);


--
-- TOC entry 3797 (class 0 OID 0)
-- Dependencies: 270
-- Name: proyecto_files_id_seq; Type: SEQUENCE SET; Schema: public; Owner: admin4
--

SELECT pg_catalog.setval('public.proyecto_files_id_seq', 20, true);


--
-- TOC entry 3798 (class 0 OID 0)
-- Dependencies: 230
-- Name: proyecto_item_id_seq; Type: SEQUENCE SET; Schema: public; Owner: admin4
--

SELECT pg_catalog.setval('public.proyecto_item_id_seq', 37, true);


--
-- TOC entry 3799 (class 0 OID 0)
-- Dependencies: 262
-- Name: proyecto_lineabase_id_seq; Type: SEQUENCE SET; Schema: public; Owner: admin4
--

SELECT pg_catalog.setval('public.proyecto_lineabase_id_seq', 20, true);


--
-- TOC entry 3800 (class 0 OID 0)
-- Dependencies: 264
-- Name: proyecto_lineabase_items_id_seq; Type: SEQUENCE SET; Schema: public; Owner: admin4
--

SELECT pg_catalog.setval('public.proyecto_lineabase_items_id_seq', 24, true);


--
-- TOC entry 3801 (class 0 OID 0)
-- Dependencies: 266
-- Name: proyecto_lineabase_roturaLineaBaseComprometida_id_seq; Type: SEQUENCE SET; Schema: public; Owner: admin4
--

SELECT pg_catalog.setval('public."proyecto_lineabase_roturaLineaBaseComprometida_id_seq"', 12, true);


--
-- TOC entry 3802 (class 0 OID 0)
-- Dependencies: 268
-- Name: proyecto_lineabase_roturaslineasBase_id_seq; Type: SEQUENCE SET; Schema: public; Owner: admin4
--

SELECT pg_catalog.setval('public."proyecto_lineabase_roturaslineasBase_id_seq"', 16, true);


--
-- TOC entry 3803 (class 0 OID 0)
-- Dependencies: 234
-- Name: proyecto_proyecto_comite_id_seq; Type: SEQUENCE SET; Schema: public; Owner: admin4
--

SELECT pg_catalog.setval('public.proyecto_proyecto_comite_id_seq', 36, true);


--
-- TOC entry 3804 (class 0 OID 0)
-- Dependencies: 232
-- Name: proyecto_proyecto_id_seq; Type: SEQUENCE SET; Schema: public; Owner: admin4
--

SELECT pg_catalog.setval('public.proyecto_proyecto_id_seq', 12, true);


--
-- TOC entry 3805 (class 0 OID 0)
-- Dependencies: 256
-- Name: proyecto_proyecto_roles_id_seq; Type: SEQUENCE SET; Schema: public; Owner: admin4
--

SELECT pg_catalog.setval('public.proyecto_proyecto_roles_id_seq', 28, true);


--
-- TOC entry 3806 (class 0 OID 0)
-- Dependencies: 258
-- Name: proyecto_proyecto_tipoItem_id_seq; Type: SEQUENCE SET; Schema: public; Owner: admin4
--

SELECT pg_catalog.setval('public."proyecto_proyecto_tipoItem_id_seq"', 31, true);


--
-- TOC entry 3807 (class 0 OID 0)
-- Dependencies: 260
-- Name: proyecto_proyecto_usuarios_id_seq; Type: SEQUENCE SET; Schema: public; Owner: admin4
--

SELECT pg_catalog.setval('public.proyecto_proyecto_usuarios_id_seq', 51, true);


--
-- TOC entry 3808 (class 0 OID 0)
-- Dependencies: 254
-- Name: proyecto_proyectofase_id_seq; Type: SEQUENCE SET; Schema: public; Owner: admin4
--

SELECT pg_catalog.setval('public.proyecto_proyectofase_id_seq', 19, true);


--
-- TOC entry 3809 (class 0 OID 0)
-- Dependencies: 252
-- Name: proyecto_relacion_id_seq; Type: SEQUENCE SET; Schema: public; Owner: admin4
--

SELECT pg_catalog.setval('public.proyecto_relacion_id_seq', 50, true);


--
-- TOC entry 3810 (class 0 OID 0)
-- Dependencies: 250
-- Name: proyecto_rol_faseUser_id_seq; Type: SEQUENCE SET; Schema: public; Owner: admin4
--

SELECT pg_catalog.setval('public."proyecto_rol_faseUser_id_seq"', 76, true);


--
-- TOC entry 3811 (class 0 OID 0)
-- Dependencies: 248
-- Name: proyecto_rol_id_seq; Type: SEQUENCE SET; Schema: public; Owner: admin4
--

SELECT pg_catalog.setval('public.proyecto_rol_id_seq', 28, true);


--
-- TOC entry 3812 (class 0 OID 0)
-- Dependencies: 242
-- Name: proyecto_roturalineabase_id_seq; Type: SEQUENCE SET; Schema: public; Owner: admin4
--

SELECT pg_catalog.setval('public.proyecto_roturalineabase_id_seq', 16, true);


--
-- TOC entry 3813 (class 0 OID 0)
-- Dependencies: 244
-- Name: proyecto_roturalineabase_items_implicados_id_seq; Type: SEQUENCE SET; Schema: public; Owner: admin4
--

SELECT pg_catalog.setval('public.proyecto_roturalineabase_items_implicados_id_seq', 16, true);


--
-- TOC entry 3814 (class 0 OID 0)
-- Dependencies: 246
-- Name: proyecto_roturalineabase_votos_registrados_id_seq; Type: SEQUENCE SET; Schema: public; Owner: admin4
--

SELECT pg_catalog.setval('public.proyecto_roturalineabase_votos_registrados_id_seq', 16, true);


--
-- TOC entry 3815 (class 0 OID 0)
-- Dependencies: 238
-- Name: proyecto_roturalineabasecomprometida_id_seq; Type: SEQUENCE SET; Schema: public; Owner: admin4
--

SELECT pg_catalog.setval('public.proyecto_roturalineabasecomprometida_id_seq', 6, true);


--
-- TOC entry 3816 (class 0 OID 0)
-- Dependencies: 240
-- Name: proyecto_roturalineabasecomprometida_registrados_votos_c_id_seq; Type: SEQUENCE SET; Schema: public; Owner: admin4
--

SELECT pg_catalog.setval('public.proyecto_roturalineabasecomprometida_registrados_votos_c_id_seq', 4, true);


--
-- TOC entry 3817 (class 0 OID 0)
-- Dependencies: 236
-- Name: proyecto_tipodeitem_id_seq; Type: SEQUENCE SET; Schema: public; Owner: admin4
--

SELECT pg_catalog.setval('public.proyecto_tipodeitem_id_seq', 23, true);


--
-- TOC entry 3818 (class 0 OID 0)
-- Dependencies: 280
-- Name: reversion_revision_id_seq; Type: SEQUENCE SET; Schema: public; Owner: admin4
--

SELECT pg_catalog.setval('public.reversion_revision_id_seq', 184, true);


--
-- TOC entry 3819 (class 0 OID 0)
-- Dependencies: 282
-- Name: reversion_version_id_seq; Type: SEQUENCE SET; Schema: public; Owner: admin4
--

SELECT pg_catalog.setval('public.reversion_version_id_seq', 306, true);


--
-- TOC entry 3820 (class 0 OID 0)
-- Dependencies: 287
-- Name: socialaccount_socialaccount_id_seq; Type: SEQUENCE SET; Schema: public; Owner: admin4
--

SELECT pg_catalog.setval('public.socialaccount_socialaccount_id_seq', 18, true);


--
-- TOC entry 3821 (class 0 OID 0)
-- Dependencies: 289
-- Name: socialaccount_socialapp_id_seq; Type: SEQUENCE SET; Schema: public; Owner: admin4
--

SELECT pg_catalog.setval('public.socialaccount_socialapp_id_seq', 1, true);


--
-- TOC entry 3822 (class 0 OID 0)
-- Dependencies: 291
-- Name: socialaccount_socialapp_sites_id_seq; Type: SEQUENCE SET; Schema: public; Owner: admin4
--

SELECT pg_catalog.setval('public.socialaccount_socialapp_sites_id_seq', 1, true);


--
-- TOC entry 3823 (class 0 OID 0)
-- Dependencies: 293
-- Name: socialaccount_socialtoken_id_seq; Type: SEQUENCE SET; Schema: public; Owner: admin4
--

SELECT pg_catalog.setval('public.socialaccount_socialtoken_id_seq', 18, true);


--
-- TOC entry 3236 (class 2606 OID 71534)
-- Name: account_emailaddress account_emailaddress_email_key; Type: CONSTRAINT; Schema: public; Owner: admin4
--

ALTER TABLE ONLY public.account_emailaddress
    ADD CONSTRAINT account_emailaddress_email_key UNIQUE (email);


--
-- TOC entry 3238 (class 2606 OID 71506)
-- Name: account_emailaddress account_emailaddress_pkey; Type: CONSTRAINT; Schema: public; Owner: admin4
--

ALTER TABLE ONLY public.account_emailaddress
    ADD CONSTRAINT account_emailaddress_pkey PRIMARY KEY (id);


--
-- TOC entry 3243 (class 2606 OID 71518)
-- Name: account_emailconfirmation account_emailconfirmation_key_key; Type: CONSTRAINT; Schema: public; Owner: admin4
--

ALTER TABLE ONLY public.account_emailconfirmation
    ADD CONSTRAINT account_emailconfirmation_key_key UNIQUE (key);


--
-- TOC entry 3245 (class 2606 OID 71516)
-- Name: account_emailconfirmation account_emailconfirmation_pkey; Type: CONSTRAINT; Schema: public; Owner: admin4
--

ALTER TABLE ONLY public.account_emailconfirmation
    ADD CONSTRAINT account_emailconfirmation_pkey PRIMARY KEY (id);


--
-- TOC entry 3208 (class 2606 OID 71567)
-- Name: auth_group auth_group_name_key; Type: CONSTRAINT; Schema: public; Owner: admin4
--

ALTER TABLE ONLY public.auth_group
    ADD CONSTRAINT auth_group_name_key UNIQUE (name);


--
-- TOC entry 3213 (class 2606 OID 71457)
-- Name: auth_group_permissions auth_group_permissions_group_id_permission_id_0cd325b0_uniq; Type: CONSTRAINT; Schema: public; Owner: admin4
--

ALTER TABLE ONLY public.auth_group_permissions
    ADD CONSTRAINT auth_group_permissions_group_id_permission_id_0cd325b0_uniq UNIQUE (group_id, permission_id);


--
-- TOC entry 3216 (class 2606 OID 71420)
-- Name: auth_group_permissions auth_group_permissions_pkey; Type: CONSTRAINT; Schema: public; Owner: admin4
--

ALTER TABLE ONLY public.auth_group_permissions
    ADD CONSTRAINT auth_group_permissions_pkey PRIMARY KEY (id);


--
-- TOC entry 3210 (class 2606 OID 71410)
-- Name: auth_group auth_group_pkey; Type: CONSTRAINT; Schema: public; Owner: admin4
--

ALTER TABLE ONLY public.auth_group
    ADD CONSTRAINT auth_group_pkey PRIMARY KEY (id);


--
-- TOC entry 3203 (class 2606 OID 71448)
-- Name: auth_permission auth_permission_content_type_id_codename_01ab375a_uniq; Type: CONSTRAINT; Schema: public; Owner: admin4
--

ALTER TABLE ONLY public.auth_permission
    ADD CONSTRAINT auth_permission_content_type_id_codename_01ab375a_uniq UNIQUE (content_type_id, codename);


--
-- TOC entry 3205 (class 2606 OID 71402)
-- Name: auth_permission auth_permission_pkey; Type: CONSTRAINT; Schema: public; Owner: admin4
--

ALTER TABLE ONLY public.auth_permission
    ADD CONSTRAINT auth_permission_pkey PRIMARY KEY (id);


--
-- TOC entry 3224 (class 2606 OID 71438)
-- Name: auth_user_groups auth_user_groups_pkey; Type: CONSTRAINT; Schema: public; Owner: admin4
--

ALTER TABLE ONLY public.auth_user_groups
    ADD CONSTRAINT auth_user_groups_pkey PRIMARY KEY (id);


--
-- TOC entry 3227 (class 2606 OID 71472)
-- Name: auth_user_groups auth_user_groups_user_id_group_id_94350c0c_uniq; Type: CONSTRAINT; Schema: public; Owner: admin4
--

ALTER TABLE ONLY public.auth_user_groups
    ADD CONSTRAINT auth_user_groups_user_id_group_id_94350c0c_uniq UNIQUE (user_id, group_id);


--
-- TOC entry 3218 (class 2606 OID 71428)
-- Name: auth_user auth_user_pkey; Type: CONSTRAINT; Schema: public; Owner: admin4
--

ALTER TABLE ONLY public.auth_user
    ADD CONSTRAINT auth_user_pkey PRIMARY KEY (id);


--
-- TOC entry 3230 (class 2606 OID 71446)
-- Name: auth_user_user_permissions auth_user_user_permissions_pkey; Type: CONSTRAINT; Schema: public; Owner: admin4
--

ALTER TABLE ONLY public.auth_user_user_permissions
    ADD CONSTRAINT auth_user_user_permissions_pkey PRIMARY KEY (id);


--
-- TOC entry 3233 (class 2606 OID 71486)
-- Name: auth_user_user_permissions auth_user_user_permissions_user_id_permission_id_14a6b632_uniq; Type: CONSTRAINT; Schema: public; Owner: admin4
--

ALTER TABLE ONLY public.auth_user_user_permissions
    ADD CONSTRAINT auth_user_user_permissions_user_id_permission_id_14a6b632_uniq UNIQUE (user_id, permission_id);


--
-- TOC entry 3221 (class 2606 OID 71561)
-- Name: auth_user auth_user_username_key; Type: CONSTRAINT; Schema: public; Owner: admin4
--

ALTER TABLE ONLY public.auth_user
    ADD CONSTRAINT auth_user_username_key UNIQUE (username);


--
-- TOC entry 3248 (class 2606 OID 71547)
-- Name: django_admin_log django_admin_log_pkey; Type: CONSTRAINT; Schema: public; Owner: admin4
--

ALTER TABLE ONLY public.django_admin_log
    ADD CONSTRAINT django_admin_log_pkey PRIMARY KEY (id);


--
-- TOC entry 3198 (class 2606 OID 71394)
-- Name: django_content_type django_content_type_app_label_model_76bd3d3b_uniq; Type: CONSTRAINT; Schema: public; Owner: admin4
--

ALTER TABLE ONLY public.django_content_type
    ADD CONSTRAINT django_content_type_app_label_model_76bd3d3b_uniq UNIQUE (app_label, model);


--
-- TOC entry 3200 (class 2606 OID 71392)
-- Name: django_content_type django_content_type_pkey; Type: CONSTRAINT; Schema: public; Owner: admin4
--

ALTER TABLE ONLY public.django_content_type
    ADD CONSTRAINT django_content_type_pkey PRIMARY KEY (id);


--
-- TOC entry 3196 (class 2606 OID 71384)
-- Name: django_migrations django_migrations_pkey; Type: CONSTRAINT; Schema: public; Owner: admin4
--

ALTER TABLE ONLY public.django_migrations
    ADD CONSTRAINT django_migrations_pkey PRIMARY KEY (id);


--
-- TOC entry 3407 (class 2606 OID 72205)
-- Name: django_session django_session_pkey; Type: CONSTRAINT; Schema: public; Owner: admin4
--

ALTER TABLE ONLY public.django_session
    ADD CONSTRAINT django_session_pkey PRIMARY KEY (session_key);


--
-- TOC entry 3411 (class 2606 OID 72217)
-- Name: django_site django_site_domain_a2e37b91_uniq; Type: CONSTRAINT; Schema: public; Owner: admin4
--

ALTER TABLE ONLY public.django_site
    ADD CONSTRAINT django_site_domain_a2e37b91_uniq UNIQUE (domain);


--
-- TOC entry 3413 (class 2606 OID 72215)
-- Name: django_site django_site_pkey; Type: CONSTRAINT; Schema: public; Owner: admin4
--

ALTER TABLE ONLY public.django_site
    ADD CONSTRAINT django_site_pkey PRIMARY KEY (id);


--
-- TOC entry 3252 (class 2606 OID 71588)
-- Name: guardian_groupobjectpermission guardian_groupobjectperm_group_id_permission_id_o_3f189f7c_uniq; Type: CONSTRAINT; Schema: public; Owner: admin4
--

ALTER TABLE ONLY public.guardian_groupobjectpermission
    ADD CONSTRAINT guardian_groupobjectperm_group_id_permission_id_o_3f189f7c_uniq UNIQUE (group_id, permission_id, object_pk);


--
-- TOC entry 3257 (class 2606 OID 71576)
-- Name: guardian_groupobjectpermission guardian_groupobjectpermission_pkey; Type: CONSTRAINT; Schema: public; Owner: admin4
--

ALTER TABLE ONLY public.guardian_groupobjectpermission
    ADD CONSTRAINT guardian_groupobjectpermission_pkey PRIMARY KEY (id);


--
-- TOC entry 3260 (class 2606 OID 71586)
-- Name: guardian_userobjectpermission guardian_userobjectpermi_user_id_permission_id_ob_b0b3d2fc_uniq; Type: CONSTRAINT; Schema: public; Owner: admin4
--

ALTER TABLE ONLY public.guardian_userobjectpermission
    ADD CONSTRAINT guardian_userobjectpermi_user_id_permission_id_ob_b0b3d2fc_uniq UNIQUE (user_id, permission_id, object_pk);


--
-- TOC entry 3264 (class 2606 OID 71584)
-- Name: guardian_userobjectpermission guardian_userobjectpermission_pkey; Type: CONSTRAINT; Schema: public; Owner: admin4
--

ALTER TABLE ONLY public.guardian_userobjectpermission
    ADD CONSTRAINT guardian_userobjectpermission_pkey PRIMARY KEY (id);


--
-- TOC entry 3267 (class 2606 OID 71634)
-- Name: perms_permisos perms_permisos_pkey; Type: CONSTRAINT; Schema: public; Owner: admin4
--

ALTER TABLE ONLY public.perms_permisos
    ADD CONSTRAINT perms_permisos_pkey PRIMARY KEY (id);


--
-- TOC entry 3269 (class 2606 OID 71642)
-- Name: proyecto_campoextra proyecto_campoextra_pkey; Type: CONSTRAINT; Schema: public; Owner: admin4
--

ALTER TABLE ONLY public.proyecto_campoextra
    ADD CONSTRAINT proyecto_campoextra_pkey PRIMARY KEY (id);


--
-- TOC entry 3394 (class 2606 OID 71877)
-- Name: proyecto_campoextravalores proyecto_campoextravalores_pkey; Type: CONSTRAINT; Schema: public; Owner: admin4
--

ALTER TABLE ONLY public.proyecto_campoextravalores
    ADD CONSTRAINT proyecto_campoextravalores_pkey PRIMARY KEY (id);


--
-- TOC entry 3376 (class 2606 OID 72107)
-- Name: proyecto_fase_items proyecto_fase_items_fase_id_item_id_65fbbc8d_uniq; Type: CONSTRAINT; Schema: public; Owner: admin4
--

ALTER TABLE ONLY public.proyecto_fase_items
    ADD CONSTRAINT proyecto_fase_items_fase_id_item_id_65fbbc8d_uniq UNIQUE (fase_id, item_id);


--
-- TOC entry 3379 (class 2606 OID 71853)
-- Name: proyecto_fase_items proyecto_fase_items_pkey; Type: CONSTRAINT; Schema: public; Owner: admin4
--

ALTER TABLE ONLY public.proyecto_fase_items
    ADD CONSTRAINT proyecto_fase_items_pkey PRIMARY KEY (id);


--
-- TOC entry 3382 (class 2606 OID 72121)
-- Name: proyecto_fase_lineasBase proyecto_fase_lineasBase_fase_id_lineabase_id_df7247c1_uniq; Type: CONSTRAINT; Schema: public; Owner: admin4
--

ALTER TABLE ONLY public."proyecto_fase_lineasBase"
    ADD CONSTRAINT "proyecto_fase_lineasBase_fase_id_lineabase_id_df7247c1_uniq" UNIQUE (fase_id, lineabase_id);


--
-- TOC entry 3385 (class 2606 OID 71861)
-- Name: proyecto_fase_lineasBase proyecto_fase_lineasBase_pkey; Type: CONSTRAINT; Schema: public; Owner: admin4
--

ALTER TABLE ONLY public."proyecto_fase_lineasBase"
    ADD CONSTRAINT "proyecto_fase_lineasBase_pkey" PRIMARY KEY (id);


--
-- TOC entry 3271 (class 2606 OID 71650)
-- Name: proyecto_fase proyecto_fase_pkey; Type: CONSTRAINT; Schema: public; Owner: admin4
--

ALTER TABLE ONLY public.proyecto_fase
    ADD CONSTRAINT proyecto_fase_pkey PRIMARY KEY (id);


--
-- TOC entry 3388 (class 2606 OID 72135)
-- Name: proyecto_fase_tipoItem proyecto_fase_tipoItem_fase_id_tipodeitem_id_619f7066_uniq; Type: CONSTRAINT; Schema: public; Owner: admin4
--

ALTER TABLE ONLY public."proyecto_fase_tipoItem"
    ADD CONSTRAINT "proyecto_fase_tipoItem_fase_id_tipodeitem_id_619f7066_uniq" UNIQUE (fase_id, tipodeitem_id);


--
-- TOC entry 3390 (class 2606 OID 71869)
-- Name: proyecto_fase_tipoItem proyecto_fase_tipoItem_pkey; Type: CONSTRAINT; Schema: public; Owner: admin4
--

ALTER TABLE ONLY public."proyecto_fase_tipoItem"
    ADD CONSTRAINT "proyecto_fase_tipoItem_pkey" PRIMARY KEY (id);


--
-- TOC entry 3274 (class 2606 OID 71658)
-- Name: proyecto_faseuser proyecto_faseuser_pkey; Type: CONSTRAINT; Schema: public; Owner: admin4
--

ALTER TABLE ONLY public.proyecto_faseuser
    ADD CONSTRAINT proyecto_faseuser_pkey PRIMARY KEY (id);


--
-- TOC entry 3373 (class 2606 OID 71845)
-- Name: proyecto_files proyecto_files_pkey; Type: CONSTRAINT; Schema: public; Owner: admin4
--

ALTER TABLE ONLY public.proyecto_files
    ADD CONSTRAINT proyecto_files_pkey PRIMARY KEY (id);


--
-- TOC entry 3277 (class 2606 OID 71669)
-- Name: proyecto_item proyecto_item_pkey; Type: CONSTRAINT; Schema: public; Owner: admin4
--

ALTER TABLE ONLY public.proyecto_item
    ADD CONSTRAINT proyecto_item_pkey PRIMARY KEY (id);


--
-- TOC entry 3356 (class 2606 OID 72058)
-- Name: proyecto_lineabase_items proyecto_lineabase_items_lineabase_id_item_id_86811747_uniq; Type: CONSTRAINT; Schema: public; Owner: admin4
--

ALTER TABLE ONLY public.proyecto_lineabase_items
    ADD CONSTRAINT proyecto_lineabase_items_lineabase_id_item_id_86811747_uniq UNIQUE (lineabase_id, item_id);


--
-- TOC entry 3358 (class 2606 OID 71816)
-- Name: proyecto_lineabase_items proyecto_lineabase_items_pkey; Type: CONSTRAINT; Schema: public; Owner: admin4
--

ALTER TABLE ONLY public.proyecto_lineabase_items
    ADD CONSTRAINT proyecto_lineabase_items_pkey PRIMARY KEY (id);


--
-- TOC entry 3352 (class 2606 OID 71808)
-- Name: proyecto_lineabase proyecto_lineabase_pkey; Type: CONSTRAINT; Schema: public; Owner: admin4
--

ALTER TABLE ONLY public.proyecto_lineabase
    ADD CONSTRAINT proyecto_lineabase_pkey PRIMARY KEY (id);


--
-- TOC entry 3360 (class 2606 OID 72072)
-- Name: proyecto_lineabase_roturaLineaBaseComprometida proyecto_lineabase_rotur_lineabase_id_roturalinea_1e3e48f6_uniq; Type: CONSTRAINT; Schema: public; Owner: admin4
--

ALTER TABLE ONLY public."proyecto_lineabase_roturaLineaBaseComprometida"
    ADD CONSTRAINT proyecto_lineabase_rotur_lineabase_id_roturalinea_1e3e48f6_uniq UNIQUE (lineabase_id, roturalineabasecomprometida_id);


--
-- TOC entry 3366 (class 2606 OID 72086)
-- Name: proyecto_lineabase_roturaslineasBase proyecto_lineabase_rotur_lineabase_id_roturalinea_f505e92f_uniq; Type: CONSTRAINT; Schema: public; Owner: admin4
--

ALTER TABLE ONLY public."proyecto_lineabase_roturaslineasBase"
    ADD CONSTRAINT proyecto_lineabase_rotur_lineabase_id_roturalinea_f505e92f_uniq UNIQUE (lineabase_id, roturalineabase_id);


--
-- TOC entry 3364 (class 2606 OID 71824)
-- Name: proyecto_lineabase_roturaLineaBaseComprometida proyecto_lineabase_roturaLineaBaseComprometida_pkey; Type: CONSTRAINT; Schema: public; Owner: admin4
--

ALTER TABLE ONLY public."proyecto_lineabase_roturaLineaBaseComprometida"
    ADD CONSTRAINT "proyecto_lineabase_roturaLineaBaseComprometida_pkey" PRIMARY KEY (id);


--
-- TOC entry 3370 (class 2606 OID 71832)
-- Name: proyecto_lineabase_roturaslineasBase proyecto_lineabase_roturaslineasBase_pkey; Type: CONSTRAINT; Schema: public; Owner: admin4
--

ALTER TABLE ONLY public."proyecto_lineabase_roturaslineasBase"
    ADD CONSTRAINT "proyecto_lineabase_roturaslineasBase_pkey" PRIMARY KEY (id);


--
-- TOC entry 3284 (class 2606 OID 71688)
-- Name: proyecto_proyecto_comite proyecto_proyecto_comite_pkey; Type: CONSTRAINT; Schema: public; Owner: admin4
--

ALTER TABLE ONLY public.proyecto_proyecto_comite
    ADD CONSTRAINT proyecto_proyecto_comite_pkey PRIMARY KEY (id);


--
-- TOC entry 3287 (class 2606 OID 71897)
-- Name: proyecto_proyecto_comite proyecto_proyecto_comite_proyecto_id_user_id_eff5fb3f_uniq; Type: CONSTRAINT; Schema: public; Owner: admin4
--

ALTER TABLE ONLY public.proyecto_proyecto_comite
    ADD CONSTRAINT proyecto_proyecto_comite_proyecto_id_user_id_eff5fb3f_uniq UNIQUE (proyecto_id, user_id);


--
-- TOC entry 3282 (class 2606 OID 71680)
-- Name: proyecto_proyecto proyecto_proyecto_pkey; Type: CONSTRAINT; Schema: public; Owner: admin4
--

ALTER TABLE ONLY public.proyecto_proyecto
    ADD CONSTRAINT proyecto_proyecto_pkey PRIMARY KEY (id);


--
-- TOC entry 3333 (class 2606 OID 71784)
-- Name: proyecto_proyecto_roles proyecto_proyecto_roles_pkey; Type: CONSTRAINT; Schema: public; Owner: admin4
--

ALTER TABLE ONLY public.proyecto_proyecto_roles
    ADD CONSTRAINT proyecto_proyecto_roles_pkey PRIMARY KEY (id);


--
-- TOC entry 3336 (class 2606 OID 72010)
-- Name: proyecto_proyecto_roles proyecto_proyecto_roles_proyecto_id_rol_id_a917adb4_uniq; Type: CONSTRAINT; Schema: public; Owner: admin4
--

ALTER TABLE ONLY public.proyecto_proyecto_roles
    ADD CONSTRAINT proyecto_proyecto_roles_proyecto_id_rol_id_a917adb4_uniq UNIQUE (proyecto_id, rol_id);


--
-- TOC entry 3339 (class 2606 OID 72024)
-- Name: proyecto_proyecto_tipoItem proyecto_proyecto_tipoIt_proyecto_id_tipodeitem_i_5e8b78a9_uniq; Type: CONSTRAINT; Schema: public; Owner: admin4
--

ALTER TABLE ONLY public."proyecto_proyecto_tipoItem"
    ADD CONSTRAINT "proyecto_proyecto_tipoIt_proyecto_id_tipodeitem_i_5e8b78a9_uniq" UNIQUE (proyecto_id, tipodeitem_id);


--
-- TOC entry 3341 (class 2606 OID 71792)
-- Name: proyecto_proyecto_tipoItem proyecto_proyecto_tipoItem_pkey; Type: CONSTRAINT; Schema: public; Owner: admin4
--

ALTER TABLE ONLY public."proyecto_proyecto_tipoItem"
    ADD CONSTRAINT "proyecto_proyecto_tipoItem_pkey" PRIMARY KEY (id);


--
-- TOC entry 3345 (class 2606 OID 71800)
-- Name: proyecto_proyecto_usuarios proyecto_proyecto_usuarios_pkey; Type: CONSTRAINT; Schema: public; Owner: admin4
--

ALTER TABLE ONLY public.proyecto_proyecto_usuarios
    ADD CONSTRAINT proyecto_proyecto_usuarios_pkey PRIMARY KEY (id);


--
-- TOC entry 3348 (class 2606 OID 72038)
-- Name: proyecto_proyecto_usuarios proyecto_proyecto_usuarios_proyecto_id_user_id_02605d4a_uniq; Type: CONSTRAINT; Schema: public; Owner: admin4
--

ALTER TABLE ONLY public.proyecto_proyecto_usuarios
    ADD CONSTRAINT proyecto_proyecto_usuarios_proyecto_id_user_id_02605d4a_uniq UNIQUE (proyecto_id, user_id);


--
-- TOC entry 3330 (class 2606 OID 71771)
-- Name: proyecto_proyectofase proyecto_proyectofase_pkey; Type: CONSTRAINT; Schema: public; Owner: admin4
--

ALTER TABLE ONLY public.proyecto_proyectofase
    ADD CONSTRAINT proyecto_proyectofase_pkey PRIMARY KEY (id);


--
-- TOC entry 3327 (class 2606 OID 71763)
-- Name: proyecto_relacion proyecto_relacion_pkey; Type: CONSTRAINT; Schema: public; Owner: admin4
--

ALTER TABLE ONLY public.proyecto_relacion
    ADD CONSTRAINT proyecto_relacion_pkey PRIMARY KEY (id);


--
-- TOC entry 3319 (class 2606 OID 71755)
-- Name: proyecto_rol_faseUser proyecto_rol_faseUser_pkey; Type: CONSTRAINT; Schema: public; Owner: admin4
--

ALTER TABLE ONLY public."proyecto_rol_faseUser"
    ADD CONSTRAINT "proyecto_rol_faseUser_pkey" PRIMARY KEY (id);


--
-- TOC entry 3322 (class 2606 OID 71965)
-- Name: proyecto_rol_faseUser proyecto_rol_faseUser_rol_id_faseuser_id_b795d40b_uniq; Type: CONSTRAINT; Schema: public; Owner: admin4
--

ALTER TABLE ONLY public."proyecto_rol_faseUser"
    ADD CONSTRAINT "proyecto_rol_faseUser_rol_id_faseuser_id_b795d40b_uniq" UNIQUE (rol_id, faseuser_id);


--
-- TOC entry 3316 (class 2606 OID 71747)
-- Name: proyecto_rol proyecto_rol_pkey; Type: CONSTRAINT; Schema: public; Owner: admin4
--

ALTER TABLE ONLY public.proyecto_rol
    ADD CONSTRAINT proyecto_rol_pkey PRIMARY KEY (id);


--
-- TOC entry 3305 (class 2606 OID 71731)
-- Name: proyecto_roturalineabase_items_implicados proyecto_roturalineabase_items_implicados_pkey; Type: CONSTRAINT; Schema: public; Owner: admin4
--

ALTER TABLE ONLY public.proyecto_roturalineabase_items_implicados
    ADD CONSTRAINT proyecto_roturalineabase_items_implicados_pkey PRIMARY KEY (id);


--
-- TOC entry 3300 (class 2606 OID 71723)
-- Name: proyecto_roturalineabase proyecto_roturalineabase_pkey; Type: CONSTRAINT; Schema: public; Owner: admin4
--

ALTER TABLE ONLY public.proyecto_roturalineabase
    ADD CONSTRAINT proyecto_roturalineabase_pkey PRIMARY KEY (id);


--
-- TOC entry 3307 (class 2606 OID 71931)
-- Name: proyecto_roturalineabase_items_implicados proyecto_roturalineabase_roturalineabase_id_item__49480c50_uniq; Type: CONSTRAINT; Schema: public; Owner: admin4
--

ALTER TABLE ONLY public.proyecto_roturalineabase_items_implicados
    ADD CONSTRAINT proyecto_roturalineabase_roturalineabase_id_item__49480c50_uniq UNIQUE (roturalineabase_id, item_id);


--
-- TOC entry 3309 (class 2606 OID 71945)
-- Name: proyecto_roturalineabase_votos_registrados proyecto_roturalineabase_roturalineabase_id_user__0b738a2d_uniq; Type: CONSTRAINT; Schema: public; Owner: admin4
--

ALTER TABLE ONLY public.proyecto_roturalineabase_votos_registrados
    ADD CONSTRAINT proyecto_roturalineabase_roturalineabase_id_user__0b738a2d_uniq UNIQUE (roturalineabase_id, user_id);


--
-- TOC entry 3294 (class 2606 OID 71911)
-- Name: proyecto_roturalineabasecomprometida_registrados_votos_comp6f7e proyecto_roturalineabase_roturalineabasecompromet_afc7d485_uniq; Type: CONSTRAINT; Schema: public; Owner: admin4
--

ALTER TABLE ONLY public.proyecto_roturalineabasecomprometida_registrados_votos_comp6f7e
    ADD CONSTRAINT proyecto_roturalineabase_roturalineabasecompromet_afc7d485_uniq UNIQUE (roturalineabasecomprometida_id, user_id);


--
-- TOC entry 3312 (class 2606 OID 71739)
-- Name: proyecto_roturalineabase_votos_registrados proyecto_roturalineabase_votos_registrados_pkey; Type: CONSTRAINT; Schema: public; Owner: admin4
--

ALTER TABLE ONLY public.proyecto_roturalineabase_votos_registrados
    ADD CONSTRAINT proyecto_roturalineabase_votos_registrados_pkey PRIMARY KEY (id);


--
-- TOC entry 3292 (class 2606 OID 71707)
-- Name: proyecto_roturalineabasecomprometida proyecto_roturalineabasecomprometida_pkey; Type: CONSTRAINT; Schema: public; Owner: admin4
--

ALTER TABLE ONLY public.proyecto_roturalineabasecomprometida
    ADD CONSTRAINT proyecto_roturalineabasecomprometida_pkey PRIMARY KEY (id);


--
-- TOC entry 3298 (class 2606 OID 71715)
-- Name: proyecto_roturalineabasecomprometida_registrados_votos_comp6f7e proyecto_roturalineabasecomprometida_registrados_votos_com_pkey; Type: CONSTRAINT; Schema: public; Owner: admin4
--

ALTER TABLE ONLY public.proyecto_roturalineabasecomprometida_registrados_votos_comp6f7e
    ADD CONSTRAINT proyecto_roturalineabasecomprometida_registrados_votos_com_pkey PRIMARY KEY (id);


--
-- TOC entry 3290 (class 2606 OID 71699)
-- Name: proyecto_tipodeitem proyecto_tipodeitem_pkey; Type: CONSTRAINT; Schema: public; Owner: admin4
--

ALTER TABLE ONLY public.proyecto_tipodeitem
    ADD CONSTRAINT proyecto_tipodeitem_pkey PRIMARY KEY (id);


--
-- TOC entry 3397 (class 2606 OID 72165)
-- Name: reversion_revision reversion_revision_pkey; Type: CONSTRAINT; Schema: public; Owner: admin4
--

ALTER TABLE ONLY public.reversion_revision
    ADD CONSTRAINT reversion_revision_pkey PRIMARY KEY (id);


--
-- TOC entry 3401 (class 2606 OID 72178)
-- Name: reversion_version reversion_version_db_content_type_id_objec_b2c54f65_uniq; Type: CONSTRAINT; Schema: public; Owner: admin4
--

ALTER TABLE ONLY public.reversion_version
    ADD CONSTRAINT reversion_version_db_content_type_id_objec_b2c54f65_uniq UNIQUE (db, content_type_id, object_id, revision_id);


--
-- TOC entry 3403 (class 2606 OID 72176)
-- Name: reversion_version reversion_version_pkey; Type: CONSTRAINT; Schema: public; Owner: admin4
--

ALTER TABLE ONLY public.reversion_version
    ADD CONSTRAINT reversion_version_pkey PRIMARY KEY (id);


--
-- TOC entry 3415 (class 2606 OID 72229)
-- Name: socialaccount_socialaccount socialaccount_socialaccount_pkey; Type: CONSTRAINT; Schema: public; Owner: admin4
--

ALTER TABLE ONLY public.socialaccount_socialaccount
    ADD CONSTRAINT socialaccount_socialaccount_pkey PRIMARY KEY (id);


--
-- TOC entry 3417 (class 2606 OID 72260)
-- Name: socialaccount_socialaccount socialaccount_socialaccount_provider_uid_fc810c6e_uniq; Type: CONSTRAINT; Schema: public; Owner: admin4
--

ALTER TABLE ONLY public.socialaccount_socialaccount
    ADD CONSTRAINT socialaccount_socialaccount_provider_uid_fc810c6e_uniq UNIQUE (provider, uid);


--
-- TOC entry 3422 (class 2606 OID 72268)
-- Name: socialaccount_socialapp_sites socialaccount_socialapp__socialapp_id_site_id_71a9a768_uniq; Type: CONSTRAINT; Schema: public; Owner: admin4
--

ALTER TABLE ONLY public.socialaccount_socialapp_sites
    ADD CONSTRAINT socialaccount_socialapp__socialapp_id_site_id_71a9a768_uniq UNIQUE (socialapp_id, site_id);


--
-- TOC entry 3420 (class 2606 OID 72237)
-- Name: socialaccount_socialapp socialaccount_socialapp_pkey; Type: CONSTRAINT; Schema: public; Owner: admin4
--

ALTER TABLE ONLY public.socialaccount_socialapp
    ADD CONSTRAINT socialaccount_socialapp_pkey PRIMARY KEY (id);


--
-- TOC entry 3424 (class 2606 OID 72245)
-- Name: socialaccount_socialapp_sites socialaccount_socialapp_sites_pkey; Type: CONSTRAINT; Schema: public; Owner: admin4
--

ALTER TABLE ONLY public.socialaccount_socialapp_sites
    ADD CONSTRAINT socialaccount_socialapp_sites_pkey PRIMARY KEY (id);


--
-- TOC entry 3430 (class 2606 OID 72258)
-- Name: socialaccount_socialtoken socialaccount_socialtoken_app_id_account_id_fca4e0ac_uniq; Type: CONSTRAINT; Schema: public; Owner: admin4
--

ALTER TABLE ONLY public.socialaccount_socialtoken
    ADD CONSTRAINT socialaccount_socialtoken_app_id_account_id_fca4e0ac_uniq UNIQUE (app_id, account_id);


--
-- TOC entry 3432 (class 2606 OID 72256)
-- Name: socialaccount_socialtoken socialaccount_socialtoken_pkey; Type: CONSTRAINT; Schema: public; Owner: admin4
--

ALTER TABLE ONLY public.socialaccount_socialtoken
    ADD CONSTRAINT socialaccount_socialtoken_pkey PRIMARY KEY (id);


--
-- TOC entry 3234 (class 1259 OID 71535)
-- Name: account_emailaddress_email_03be32b2_like; Type: INDEX; Schema: public; Owner: admin4
--

CREATE INDEX account_emailaddress_email_03be32b2_like ON public.account_emailaddress USING btree (email varchar_pattern_ops);


--
-- TOC entry 3239 (class 1259 OID 71525)
-- Name: account_emailaddress_user_id_2c513194; Type: INDEX; Schema: public; Owner: admin4
--

CREATE INDEX account_emailaddress_user_id_2c513194 ON public.account_emailaddress USING btree (user_id);


--
-- TOC entry 3240 (class 1259 OID 71532)
-- Name: account_emailconfirmation_email_address_id_5b7f8c58; Type: INDEX; Schema: public; Owner: admin4
--

CREATE INDEX account_emailconfirmation_email_address_id_5b7f8c58 ON public.account_emailconfirmation USING btree (email_address_id);


--
-- TOC entry 3241 (class 1259 OID 71531)
-- Name: account_emailconfirmation_key_f43612bd_like; Type: INDEX; Schema: public; Owner: admin4
--

CREATE INDEX account_emailconfirmation_key_f43612bd_like ON public.account_emailconfirmation USING btree (key varchar_pattern_ops);


--
-- TOC entry 3206 (class 1259 OID 71568)
-- Name: auth_group_name_a6ea08ec_like; Type: INDEX; Schema: public; Owner: admin4
--

CREATE INDEX auth_group_name_a6ea08ec_like ON public.auth_group USING btree (name varchar_pattern_ops);


--
-- TOC entry 3211 (class 1259 OID 71468)
-- Name: auth_group_permissions_group_id_b120cbf9; Type: INDEX; Schema: public; Owner: admin4
--

CREATE INDEX auth_group_permissions_group_id_b120cbf9 ON public.auth_group_permissions USING btree (group_id);


--
-- TOC entry 3214 (class 1259 OID 71469)
-- Name: auth_group_permissions_permission_id_84c5c92e; Type: INDEX; Schema: public; Owner: admin4
--

CREATE INDEX auth_group_permissions_permission_id_84c5c92e ON public.auth_group_permissions USING btree (permission_id);


--
-- TOC entry 3201 (class 1259 OID 71454)
-- Name: auth_permission_content_type_id_2f476e4b; Type: INDEX; Schema: public; Owner: admin4
--

CREATE INDEX auth_permission_content_type_id_2f476e4b ON public.auth_permission USING btree (content_type_id);


--
-- TOC entry 3222 (class 1259 OID 71484)
-- Name: auth_user_groups_group_id_97559544; Type: INDEX; Schema: public; Owner: admin4
--

CREATE INDEX auth_user_groups_group_id_97559544 ON public.auth_user_groups USING btree (group_id);


--
-- TOC entry 3225 (class 1259 OID 71483)
-- Name: auth_user_groups_user_id_6a12ed8b; Type: INDEX; Schema: public; Owner: admin4
--

CREATE INDEX auth_user_groups_user_id_6a12ed8b ON public.auth_user_groups USING btree (user_id);


--
-- TOC entry 3228 (class 1259 OID 71498)
-- Name: auth_user_user_permissions_permission_id_1fbb5f2c; Type: INDEX; Schema: public; Owner: admin4
--

CREATE INDEX auth_user_user_permissions_permission_id_1fbb5f2c ON public.auth_user_user_permissions USING btree (permission_id);


--
-- TOC entry 3231 (class 1259 OID 71497)
-- Name: auth_user_user_permissions_user_id_a95ead1b; Type: INDEX; Schema: public; Owner: admin4
--

CREATE INDEX auth_user_user_permissions_user_id_a95ead1b ON public.auth_user_user_permissions USING btree (user_id);


--
-- TOC entry 3219 (class 1259 OID 71562)
-- Name: auth_user_username_6821ab7c_like; Type: INDEX; Schema: public; Owner: admin4
--

CREATE INDEX auth_user_username_6821ab7c_like ON public.auth_user USING btree (username varchar_pattern_ops);


--
-- TOC entry 3246 (class 1259 OID 71558)
-- Name: django_admin_log_content_type_id_c4bce8eb; Type: INDEX; Schema: public; Owner: admin4
--

CREATE INDEX django_admin_log_content_type_id_c4bce8eb ON public.django_admin_log USING btree (content_type_id);


--
-- TOC entry 3249 (class 1259 OID 71559)
-- Name: django_admin_log_user_id_c564eba6; Type: INDEX; Schema: public; Owner: admin4
--

CREATE INDEX django_admin_log_user_id_c564eba6 ON public.django_admin_log USING btree (user_id);


--
-- TOC entry 3405 (class 1259 OID 72207)
-- Name: django_session_expire_date_a5c62663; Type: INDEX; Schema: public; Owner: admin4
--

CREATE INDEX django_session_expire_date_a5c62663 ON public.django_session USING btree (expire_date);


--
-- TOC entry 3408 (class 1259 OID 72206)
-- Name: django_session_session_key_c0390e0f_like; Type: INDEX; Schema: public; Owner: admin4
--

CREATE INDEX django_session_session_key_c0390e0f_like ON public.django_session USING btree (session_key varchar_pattern_ops);


--
-- TOC entry 3409 (class 1259 OID 72218)
-- Name: django_site_domain_a2e37b91_like; Type: INDEX; Schema: public; Owner: admin4
--

CREATE INDEX django_site_domain_a2e37b91_like ON public.django_site USING btree (domain varchar_pattern_ops);


--
-- TOC entry 3250 (class 1259 OID 71625)
-- Name: guardian_gr_content_ae6aec_idx; Type: INDEX; Schema: public; Owner: admin4
--

CREATE INDEX guardian_gr_content_ae6aec_idx ON public.guardian_groupobjectpermission USING btree (content_type_id, object_pk);


--
-- TOC entry 3253 (class 1259 OID 71604)
-- Name: guardian_groupobjectpermission_content_type_id_7ade36b8; Type: INDEX; Schema: public; Owner: admin4
--

CREATE INDEX guardian_groupobjectpermission_content_type_id_7ade36b8 ON public.guardian_groupobjectpermission USING btree (content_type_id);


--
-- TOC entry 3254 (class 1259 OID 71605)
-- Name: guardian_groupobjectpermission_group_id_4bbbfb62; Type: INDEX; Schema: public; Owner: admin4
--

CREATE INDEX guardian_groupobjectpermission_group_id_4bbbfb62 ON public.guardian_groupobjectpermission USING btree (group_id);


--
-- TOC entry 3255 (class 1259 OID 71606)
-- Name: guardian_groupobjectpermission_permission_id_36572738; Type: INDEX; Schema: public; Owner: admin4
--

CREATE INDEX guardian_groupobjectpermission_permission_id_36572738 ON public.guardian_groupobjectpermission USING btree (permission_id);


--
-- TOC entry 3258 (class 1259 OID 71626)
-- Name: guardian_us_content_179ed2_idx; Type: INDEX; Schema: public; Owner: admin4
--

CREATE INDEX guardian_us_content_179ed2_idx ON public.guardian_userobjectpermission USING btree (content_type_id, object_pk);


--
-- TOC entry 3261 (class 1259 OID 71622)
-- Name: guardian_userobjectpermission_content_type_id_2e892405; Type: INDEX; Schema: public; Owner: admin4
--

CREATE INDEX guardian_userobjectpermission_content_type_id_2e892405 ON public.guardian_userobjectpermission USING btree (content_type_id);


--
-- TOC entry 3262 (class 1259 OID 71623)
-- Name: guardian_userobjectpermission_permission_id_71807bfc; Type: INDEX; Schema: public; Owner: admin4
--

CREATE INDEX guardian_userobjectpermission_permission_id_71807bfc ON public.guardian_userobjectpermission USING btree (permission_id);


--
-- TOC entry 3265 (class 1259 OID 71624)
-- Name: guardian_userobjectpermission_user_id_d5c1e964; Type: INDEX; Schema: public; Owner: admin4
--

CREATE INDEX guardian_userobjectpermission_user_id_d5c1e964 ON public.guardian_userobjectpermission USING btree (user_id);


--
-- TOC entry 3392 (class 1259 OID 72153)
-- Name: proyecto_campoextravalores_campoExtra_id_a86744d9; Type: INDEX; Schema: public; Owner: admin4
--

CREATE INDEX "proyecto_campoextravalores_campoExtra_id_a86744d9" ON public.proyecto_campoextravalores USING btree ("campoExtra_id");


--
-- TOC entry 3374 (class 1259 OID 72118)
-- Name: proyecto_fase_items_fase_id_32cb5f6a; Type: INDEX; Schema: public; Owner: admin4
--

CREATE INDEX proyecto_fase_items_fase_id_32cb5f6a ON public.proyecto_fase_items USING btree (fase_id);


--
-- TOC entry 3377 (class 1259 OID 72119)
-- Name: proyecto_fase_items_item_id_d1ac1a97; Type: INDEX; Schema: public; Owner: admin4
--

CREATE INDEX proyecto_fase_items_item_id_d1ac1a97 ON public.proyecto_fase_items USING btree (item_id);


--
-- TOC entry 3380 (class 1259 OID 72132)
-- Name: proyecto_fase_lineasBase_fase_id_b61d849c; Type: INDEX; Schema: public; Owner: admin4
--

CREATE INDEX "proyecto_fase_lineasBase_fase_id_b61d849c" ON public."proyecto_fase_lineasBase" USING btree (fase_id);


--
-- TOC entry 3383 (class 1259 OID 72133)
-- Name: proyecto_fase_lineasBase_lineabase_id_bb9a399f; Type: INDEX; Schema: public; Owner: admin4
--

CREATE INDEX "proyecto_fase_lineasBase_lineabase_id_bb9a399f" ON public."proyecto_fase_lineasBase" USING btree (lineabase_id);


--
-- TOC entry 3386 (class 1259 OID 72146)
-- Name: proyecto_fase_tipoItem_fase_id_50e7721f; Type: INDEX; Schema: public; Owner: admin4
--

CREATE INDEX "proyecto_fase_tipoItem_fase_id_50e7721f" ON public."proyecto_fase_tipoItem" USING btree (fase_id);


--
-- TOC entry 3391 (class 1259 OID 72147)
-- Name: proyecto_fase_tipoItem_tipodeitem_id_1c3c3112; Type: INDEX; Schema: public; Owner: admin4
--

CREATE INDEX "proyecto_fase_tipoItem_tipodeitem_id_1c3c3112" ON public."proyecto_fase_tipoItem" USING btree (tipodeitem_id);


--
-- TOC entry 3272 (class 1259 OID 71888)
-- Name: proyecto_faseuser_fase_id_6dc1fc77; Type: INDEX; Schema: public; Owner: admin4
--

CREATE INDEX proyecto_faseuser_fase_id_6dc1fc77 ON public.proyecto_faseuser USING btree (fase_id);


--
-- TOC entry 3275 (class 1259 OID 71889)
-- Name: proyecto_faseuser_user_id_e5c38dae; Type: INDEX; Schema: public; Owner: admin4
--

CREATE INDEX proyecto_faseuser_user_id_e5c38dae ON public.proyecto_faseuser USING btree (user_id);


--
-- TOC entry 3371 (class 1259 OID 72105)
-- Name: proyecto_files_item_id_8ae05767; Type: INDEX; Schema: public; Owner: admin4
--

CREATE INDEX proyecto_files_item_id_8ae05767 ON public.proyecto_files USING btree (item_id);


--
-- TOC entry 3278 (class 1259 OID 72099)
-- Name: proyecto_item_tipoItem_id_128f6e1f; Type: INDEX; Schema: public; Owner: admin4
--

CREATE INDEX "proyecto_item_tipoItem_id_128f6e1f" ON public.proyecto_item USING btree ("tipoItem_id");


--
-- TOC entry 3350 (class 1259 OID 72056)
-- Name: proyecto_lineabase_creador_id_d1992641; Type: INDEX; Schema: public; Owner: admin4
--

CREATE INDEX proyecto_lineabase_creador_id_d1992641 ON public.proyecto_lineabase USING btree (creador_id);


--
-- TOC entry 3353 (class 1259 OID 72070)
-- Name: proyecto_lineabase_items_item_id_712992d9; Type: INDEX; Schema: public; Owner: admin4
--

CREATE INDEX proyecto_lineabase_items_item_id_712992d9 ON public.proyecto_lineabase_items USING btree (item_id);


--
-- TOC entry 3354 (class 1259 OID 72069)
-- Name: proyecto_lineabase_items_lineabase_id_e3c4ff62; Type: INDEX; Schema: public; Owner: admin4
--

CREATE INDEX proyecto_lineabase_items_lineabase_id_e3c4ff62 ON public.proyecto_lineabase_items USING btree (lineabase_id);


--
-- TOC entry 3361 (class 1259 OID 72083)
-- Name: proyecto_lineabase_roturaL_lineabase_id_70f0363c; Type: INDEX; Schema: public; Owner: admin4
--

CREATE INDEX "proyecto_lineabase_roturaL_lineabase_id_70f0363c" ON public."proyecto_lineabase_roturaLineaBaseComprometida" USING btree (lineabase_id);


--
-- TOC entry 3362 (class 1259 OID 72084)
-- Name: proyecto_lineabase_roturaL_roturalineabasecomprometid_e47fab52; Type: INDEX; Schema: public; Owner: admin4
--

CREATE INDEX "proyecto_lineabase_roturaL_roturalineabasecomprometid_e47fab52" ON public."proyecto_lineabase_roturaLineaBaseComprometida" USING btree (roturalineabasecomprometida_id);


--
-- TOC entry 3367 (class 1259 OID 72098)
-- Name: proyecto_lineabase_roturas_roturalineabase_id_ef3b2d57; Type: INDEX; Schema: public; Owner: admin4
--

CREATE INDEX proyecto_lineabase_roturas_roturalineabase_id_ef3b2d57 ON public."proyecto_lineabase_roturaslineasBase" USING btree (roturalineabase_id);


--
-- TOC entry 3368 (class 1259 OID 72097)
-- Name: proyecto_lineabase_roturaslineasBase_lineabase_id_0d7b707d; Type: INDEX; Schema: public; Owner: admin4
--

CREATE INDEX "proyecto_lineabase_roturaslineasBase_lineabase_id_0d7b707d" ON public."proyecto_lineabase_roturaslineasBase" USING btree (lineabase_id);


--
-- TOC entry 3285 (class 1259 OID 71908)
-- Name: proyecto_proyecto_comite_proyecto_id_34277348; Type: INDEX; Schema: public; Owner: admin4
--

CREATE INDEX proyecto_proyecto_comite_proyecto_id_34277348 ON public.proyecto_proyecto_comite USING btree (proyecto_id);


--
-- TOC entry 3288 (class 1259 OID 71909)
-- Name: proyecto_proyecto_comite_user_id_b493c25a; Type: INDEX; Schema: public; Owner: admin4
--

CREATE INDEX proyecto_proyecto_comite_user_id_b493c25a ON public.proyecto_proyecto_comite USING btree (user_id);


--
-- TOC entry 3279 (class 1259 OID 71895)
-- Name: proyecto_proyecto_creador_id_779d238f; Type: INDEX; Schema: public; Owner: admin4
--

CREATE INDEX proyecto_proyecto_creador_id_779d238f ON public.proyecto_proyecto USING btree (creador_id);


--
-- TOC entry 3280 (class 1259 OID 72008)
-- Name: proyecto_proyecto_gerente_id_ee5d5cda; Type: INDEX; Schema: public; Owner: admin4
--

CREATE INDEX proyecto_proyecto_gerente_id_ee5d5cda ON public.proyecto_proyecto USING btree (gerente_id);


--
-- TOC entry 3334 (class 1259 OID 72021)
-- Name: proyecto_proyecto_roles_proyecto_id_011fd0d8; Type: INDEX; Schema: public; Owner: admin4
--

CREATE INDEX proyecto_proyecto_roles_proyecto_id_011fd0d8 ON public.proyecto_proyecto_roles USING btree (proyecto_id);


--
-- TOC entry 3337 (class 1259 OID 72022)
-- Name: proyecto_proyecto_roles_rol_id_6c488eff; Type: INDEX; Schema: public; Owner: admin4
--

CREATE INDEX proyecto_proyecto_roles_rol_id_6c488eff ON public.proyecto_proyecto_roles USING btree (rol_id);


--
-- TOC entry 3342 (class 1259 OID 72035)
-- Name: proyecto_proyecto_tipoItem_proyecto_id_ff241a30; Type: INDEX; Schema: public; Owner: admin4
--

CREATE INDEX "proyecto_proyecto_tipoItem_proyecto_id_ff241a30" ON public."proyecto_proyecto_tipoItem" USING btree (proyecto_id);


--
-- TOC entry 3343 (class 1259 OID 72036)
-- Name: proyecto_proyecto_tipoItem_tipodeitem_id_fb19887c; Type: INDEX; Schema: public; Owner: admin4
--

CREATE INDEX "proyecto_proyecto_tipoItem_tipodeitem_id_fb19887c" ON public."proyecto_proyecto_tipoItem" USING btree (tipodeitem_id);


--
-- TOC entry 3346 (class 1259 OID 72049)
-- Name: proyecto_proyecto_usuarios_proyecto_id_341e5c4f; Type: INDEX; Schema: public; Owner: admin4
--

CREATE INDEX proyecto_proyecto_usuarios_proyecto_id_341e5c4f ON public.proyecto_proyecto_usuarios USING btree (proyecto_id);


--
-- TOC entry 3349 (class 1259 OID 72050)
-- Name: proyecto_proyecto_usuarios_user_id_40413335; Type: INDEX; Schema: public; Owner: admin4
--

CREATE INDEX proyecto_proyecto_usuarios_user_id_40413335 ON public.proyecto_proyecto_usuarios USING btree (user_id);


--
-- TOC entry 3328 (class 1259 OID 72006)
-- Name: proyecto_proyectofase_fase_id_60b0ce49; Type: INDEX; Schema: public; Owner: admin4
--

CREATE INDEX proyecto_proyectofase_fase_id_60b0ce49 ON public.proyecto_proyectofase USING btree (fase_id);


--
-- TOC entry 3331 (class 1259 OID 72007)
-- Name: proyecto_proyectofase_proyecto_id_d4523139; Type: INDEX; Schema: public; Owner: admin4
--

CREATE INDEX proyecto_proyectofase_proyecto_id_d4523139 ON public.proyecto_proyectofase USING btree (proyecto_id);


--
-- TOC entry 3323 (class 1259 OID 71993)
-- Name: proyecto_relacion_fase_item_to_id_b20ec32a; Type: INDEX; Schema: public; Owner: admin4
--

CREATE INDEX proyecto_relacion_fase_item_to_id_b20ec32a ON public.proyecto_relacion USING btree (fase_item_to_id);


--
-- TOC entry 3324 (class 1259 OID 71994)
-- Name: proyecto_relacion_item_from_id_59c50c90; Type: INDEX; Schema: public; Owner: admin4
--

CREATE INDEX proyecto_relacion_item_from_id_59c50c90 ON public.proyecto_relacion USING btree (item_from_id);


--
-- TOC entry 3325 (class 1259 OID 71995)
-- Name: proyecto_relacion_item_to_id_d568e2e7; Type: INDEX; Schema: public; Owner: admin4
--

CREATE INDEX proyecto_relacion_item_to_id_d568e2e7 ON public.proyecto_relacion USING btree (item_to_id);


--
-- TOC entry 3317 (class 1259 OID 71977)
-- Name: proyecto_rol_faseUser_faseuser_id_928ffc25; Type: INDEX; Schema: public; Owner: admin4
--

CREATE INDEX "proyecto_rol_faseUser_faseuser_id_928ffc25" ON public."proyecto_rol_faseUser" USING btree (faseuser_id);


--
-- TOC entry 3320 (class 1259 OID 71976)
-- Name: proyecto_rol_faseUser_rol_id_e6678dbd; Type: INDEX; Schema: public; Owner: admin4
--

CREATE INDEX "proyecto_rol_faseUser_rol_id_e6678dbd" ON public."proyecto_rol_faseUser" USING btree (rol_id);


--
-- TOC entry 3314 (class 1259 OID 71963)
-- Name: proyecto_rol_perms_id_ce959eec; Type: INDEX; Schema: public; Owner: admin4
--

CREATE INDEX proyecto_rol_perms_id_ce959eec ON public.proyecto_rol USING btree (perms_id);


--
-- TOC entry 3302 (class 1259 OID 71942)
-- Name: proyecto_roturalineabase_i_roturalineabase_id_8a1c5101; Type: INDEX; Schema: public; Owner: admin4
--

CREATE INDEX proyecto_roturalineabase_i_roturalineabase_id_8a1c5101 ON public.proyecto_roturalineabase_items_implicados USING btree (roturalineabase_id);


--
-- TOC entry 3303 (class 1259 OID 71943)
-- Name: proyecto_roturalineabase_items_implicados_item_id_217b61f1; Type: INDEX; Schema: public; Owner: admin4
--

CREATE INDEX proyecto_roturalineabase_items_implicados_item_id_217b61f1 ON public.proyecto_roturalineabase_items_implicados USING btree (item_id);


--
-- TOC entry 3301 (class 1259 OID 71929)
-- Name: proyecto_roturalineabase_solicitante_id_74636dbb; Type: INDEX; Schema: public; Owner: admin4
--

CREATE INDEX proyecto_roturalineabase_solicitante_id_74636dbb ON public.proyecto_roturalineabase USING btree (solicitante_id);


--
-- TOC entry 3310 (class 1259 OID 71956)
-- Name: proyecto_roturalineabase_v_roturalineabase_id_70bcafa3; Type: INDEX; Schema: public; Owner: admin4
--

CREATE INDEX proyecto_roturalineabase_v_roturalineabase_id_70bcafa3 ON public.proyecto_roturalineabase_votos_registrados USING btree (roturalineabase_id);


--
-- TOC entry 3313 (class 1259 OID 71957)
-- Name: proyecto_roturalineabase_votos_registrados_user_id_3dfd2dad; Type: INDEX; Schema: public; Owner: admin4
--

CREATE INDEX proyecto_roturalineabase_votos_registrados_user_id_3dfd2dad ON public.proyecto_roturalineabase_votos_registrados USING btree (user_id);


--
-- TOC entry 3295 (class 1259 OID 71922)
-- Name: proyecto_roturalineabaseco_roturalineabasecomprometid_cd6eef26; Type: INDEX; Schema: public; Owner: admin4
--

CREATE INDEX proyecto_roturalineabaseco_roturalineabasecomprometid_cd6eef26 ON public.proyecto_roturalineabasecomprometida_registrados_votos_comp6f7e USING btree (roturalineabasecomprometida_id);


--
-- TOC entry 3296 (class 1259 OID 71923)
-- Name: proyecto_roturalineabaseco_user_id_f3c8e163; Type: INDEX; Schema: public; Owner: admin4
--

CREATE INDEX proyecto_roturalineabaseco_user_id_f3c8e163 ON public.proyecto_roturalineabasecomprometida_registrados_votos_comp6f7e USING btree (user_id);


--
-- TOC entry 3395 (class 1259 OID 72184)
-- Name: reversion_revision_date_created_96f7c20c; Type: INDEX; Schema: public; Owner: admin4
--

CREATE INDEX reversion_revision_date_created_96f7c20c ON public.reversion_revision USING btree (date_created);


--
-- TOC entry 3398 (class 1259 OID 72185)
-- Name: reversion_revision_user_id_17095f45; Type: INDEX; Schema: public; Owner: admin4
--

CREATE INDEX reversion_revision_user_id_17095f45 ON public.reversion_revision USING btree (user_id);


--
-- TOC entry 3399 (class 1259 OID 72196)
-- Name: reversion_version_content_type_id_7d0ff25c; Type: INDEX; Schema: public; Owner: admin4
--

CREATE INDEX reversion_version_content_type_id_7d0ff25c ON public.reversion_version USING btree (content_type_id);


--
-- TOC entry 3404 (class 1259 OID 72197)
-- Name: reversion_version_revision_id_af9f6a9d; Type: INDEX; Schema: public; Owner: admin4
--

CREATE INDEX reversion_version_revision_id_af9f6a9d ON public.reversion_version USING btree (revision_id);


--
-- TOC entry 3418 (class 1259 OID 72266)
-- Name: socialaccount_socialaccount_user_id_8146e70c; Type: INDEX; Schema: public; Owner: admin4
--

CREATE INDEX socialaccount_socialaccount_user_id_8146e70c ON public.socialaccount_socialaccount USING btree (user_id);


--
-- TOC entry 3425 (class 1259 OID 72280)
-- Name: socialaccount_socialapp_sites_site_id_2579dee5; Type: INDEX; Schema: public; Owner: admin4
--

CREATE INDEX socialaccount_socialapp_sites_site_id_2579dee5 ON public.socialaccount_socialapp_sites USING btree (site_id);


--
-- TOC entry 3426 (class 1259 OID 72279)
-- Name: socialaccount_socialapp_sites_socialapp_id_97fb6e7d; Type: INDEX; Schema: public; Owner: admin4
--

CREATE INDEX socialaccount_socialapp_sites_socialapp_id_97fb6e7d ON public.socialaccount_socialapp_sites USING btree (socialapp_id);


--
-- TOC entry 3427 (class 1259 OID 72291)
-- Name: socialaccount_socialtoken_account_id_951f210e; Type: INDEX; Schema: public; Owner: admin4
--

CREATE INDEX socialaccount_socialtoken_account_id_951f210e ON public.socialaccount_socialtoken USING btree (account_id);


--
-- TOC entry 3428 (class 1259 OID 72292)
-- Name: socialaccount_socialtoken_app_id_636a42d7; Type: INDEX; Schema: public; Owner: admin4
--

CREATE INDEX socialaccount_socialtoken_app_id_636a42d7 ON public.socialaccount_socialtoken USING btree (app_id);


--
-- TOC entry 3440 (class 2606 OID 71519)
-- Name: account_emailaddress account_emailaddress_user_id_2c513194_fk_auth_user_id; Type: FK CONSTRAINT; Schema: public; Owner: admin4
--

ALTER TABLE ONLY public.account_emailaddress
    ADD CONSTRAINT account_emailaddress_user_id_2c513194_fk_auth_user_id FOREIGN KEY (user_id) REFERENCES public.auth_user(id) DEFERRABLE INITIALLY DEFERRED;


--
-- TOC entry 3441 (class 2606 OID 71526)
-- Name: account_emailconfirmation account_emailconfirm_email_address_id_5b7f8c58_fk_account_e; Type: FK CONSTRAINT; Schema: public; Owner: admin4
--

ALTER TABLE ONLY public.account_emailconfirmation
    ADD CONSTRAINT account_emailconfirm_email_address_id_5b7f8c58_fk_account_e FOREIGN KEY (email_address_id) REFERENCES public.account_emailaddress(id) DEFERRABLE INITIALLY DEFERRED;


--
-- TOC entry 3435 (class 2606 OID 71463)
-- Name: auth_group_permissions auth_group_permissio_permission_id_84c5c92e_fk_auth_perm; Type: FK CONSTRAINT; Schema: public; Owner: admin4
--

ALTER TABLE ONLY public.auth_group_permissions
    ADD CONSTRAINT auth_group_permissio_permission_id_84c5c92e_fk_auth_perm FOREIGN KEY (permission_id) REFERENCES public.auth_permission(id) DEFERRABLE INITIALLY DEFERRED;


--
-- TOC entry 3434 (class 2606 OID 71458)
-- Name: auth_group_permissions auth_group_permissions_group_id_b120cbf9_fk_auth_group_id; Type: FK CONSTRAINT; Schema: public; Owner: admin4
--

ALTER TABLE ONLY public.auth_group_permissions
    ADD CONSTRAINT auth_group_permissions_group_id_b120cbf9_fk_auth_group_id FOREIGN KEY (group_id) REFERENCES public.auth_group(id) DEFERRABLE INITIALLY DEFERRED;


--
-- TOC entry 3433 (class 2606 OID 71449)
-- Name: auth_permission auth_permission_content_type_id_2f476e4b_fk_django_co; Type: FK CONSTRAINT; Schema: public; Owner: admin4
--

ALTER TABLE ONLY public.auth_permission
    ADD CONSTRAINT auth_permission_content_type_id_2f476e4b_fk_django_co FOREIGN KEY (content_type_id) REFERENCES public.django_content_type(id) DEFERRABLE INITIALLY DEFERRED;


--
-- TOC entry 3437 (class 2606 OID 71478)
-- Name: auth_user_groups auth_user_groups_group_id_97559544_fk_auth_group_id; Type: FK CONSTRAINT; Schema: public; Owner: admin4
--

ALTER TABLE ONLY public.auth_user_groups
    ADD CONSTRAINT auth_user_groups_group_id_97559544_fk_auth_group_id FOREIGN KEY (group_id) REFERENCES public.auth_group(id) DEFERRABLE INITIALLY DEFERRED;


--
-- TOC entry 3436 (class 2606 OID 71473)
-- Name: auth_user_groups auth_user_groups_user_id_6a12ed8b_fk_auth_user_id; Type: FK CONSTRAINT; Schema: public; Owner: admin4
--

ALTER TABLE ONLY public.auth_user_groups
    ADD CONSTRAINT auth_user_groups_user_id_6a12ed8b_fk_auth_user_id FOREIGN KEY (user_id) REFERENCES public.auth_user(id) DEFERRABLE INITIALLY DEFERRED;


--
-- TOC entry 3439 (class 2606 OID 71492)
-- Name: auth_user_user_permissions auth_user_user_permi_permission_id_1fbb5f2c_fk_auth_perm; Type: FK CONSTRAINT; Schema: public; Owner: admin4
--

ALTER TABLE ONLY public.auth_user_user_permissions
    ADD CONSTRAINT auth_user_user_permi_permission_id_1fbb5f2c_fk_auth_perm FOREIGN KEY (permission_id) REFERENCES public.auth_permission(id) DEFERRABLE INITIALLY DEFERRED;


--
-- TOC entry 3438 (class 2606 OID 71487)
-- Name: auth_user_user_permissions auth_user_user_permissions_user_id_a95ead1b_fk_auth_user_id; Type: FK CONSTRAINT; Schema: public; Owner: admin4
--

ALTER TABLE ONLY public.auth_user_user_permissions
    ADD CONSTRAINT auth_user_user_permissions_user_id_a95ead1b_fk_auth_user_id FOREIGN KEY (user_id) REFERENCES public.auth_user(id) DEFERRABLE INITIALLY DEFERRED;


--
-- TOC entry 3442 (class 2606 OID 71548)
-- Name: django_admin_log django_admin_log_content_type_id_c4bce8eb_fk_django_co; Type: FK CONSTRAINT; Schema: public; Owner: admin4
--

ALTER TABLE ONLY public.django_admin_log
    ADD CONSTRAINT django_admin_log_content_type_id_c4bce8eb_fk_django_co FOREIGN KEY (content_type_id) REFERENCES public.django_content_type(id) DEFERRABLE INITIALLY DEFERRED;


--
-- TOC entry 3443 (class 2606 OID 71553)
-- Name: django_admin_log django_admin_log_user_id_c564eba6_fk_auth_user_id; Type: FK CONSTRAINT; Schema: public; Owner: admin4
--

ALTER TABLE ONLY public.django_admin_log
    ADD CONSTRAINT django_admin_log_user_id_c564eba6_fk_auth_user_id FOREIGN KEY (user_id) REFERENCES public.auth_user(id) DEFERRABLE INITIALLY DEFERRED;


--
-- TOC entry 3444 (class 2606 OID 71589)
-- Name: guardian_groupobjectpermission guardian_groupobject_content_type_id_7ade36b8_fk_django_co; Type: FK CONSTRAINT; Schema: public; Owner: admin4
--

ALTER TABLE ONLY public.guardian_groupobjectpermission
    ADD CONSTRAINT guardian_groupobject_content_type_id_7ade36b8_fk_django_co FOREIGN KEY (content_type_id) REFERENCES public.django_content_type(id) DEFERRABLE INITIALLY DEFERRED;


--
-- TOC entry 3445 (class 2606 OID 71594)
-- Name: guardian_groupobjectpermission guardian_groupobject_group_id_4bbbfb62_fk_auth_grou; Type: FK CONSTRAINT; Schema: public; Owner: admin4
--

ALTER TABLE ONLY public.guardian_groupobjectpermission
    ADD CONSTRAINT guardian_groupobject_group_id_4bbbfb62_fk_auth_grou FOREIGN KEY (group_id) REFERENCES public.auth_group(id) DEFERRABLE INITIALLY DEFERRED;


--
-- TOC entry 3446 (class 2606 OID 71599)
-- Name: guardian_groupobjectpermission guardian_groupobject_permission_id_36572738_fk_auth_perm; Type: FK CONSTRAINT; Schema: public; Owner: admin4
--

ALTER TABLE ONLY public.guardian_groupobjectpermission
    ADD CONSTRAINT guardian_groupobject_permission_id_36572738_fk_auth_perm FOREIGN KEY (permission_id) REFERENCES public.auth_permission(id) DEFERRABLE INITIALLY DEFERRED;


--
-- TOC entry 3447 (class 2606 OID 71607)
-- Name: guardian_userobjectpermission guardian_userobjectp_content_type_id_2e892405_fk_django_co; Type: FK CONSTRAINT; Schema: public; Owner: admin4
--

ALTER TABLE ONLY public.guardian_userobjectpermission
    ADD CONSTRAINT guardian_userobjectp_content_type_id_2e892405_fk_django_co FOREIGN KEY (content_type_id) REFERENCES public.django_content_type(id) DEFERRABLE INITIALLY DEFERRED;


--
-- TOC entry 3448 (class 2606 OID 71612)
-- Name: guardian_userobjectpermission guardian_userobjectp_permission_id_71807bfc_fk_auth_perm; Type: FK CONSTRAINT; Schema: public; Owner: admin4
--

ALTER TABLE ONLY public.guardian_userobjectpermission
    ADD CONSTRAINT guardian_userobjectp_permission_id_71807bfc_fk_auth_perm FOREIGN KEY (permission_id) REFERENCES public.auth_permission(id) DEFERRABLE INITIALLY DEFERRED;


--
-- TOC entry 3449 (class 2606 OID 71617)
-- Name: guardian_userobjectpermission guardian_userobjectpermission_user_id_d5c1e964_fk_auth_user_id; Type: FK CONSTRAINT; Schema: public; Owner: admin4
--

ALTER TABLE ONLY public.guardian_userobjectpermission
    ADD CONSTRAINT guardian_userobjectpermission_user_id_d5c1e964_fk_auth_user_id FOREIGN KEY (user_id) REFERENCES public.auth_user(id) DEFERRABLE INITIALLY DEFERRED;


--
-- TOC entry 3492 (class 2606 OID 72148)
-- Name: proyecto_campoextravalores proyecto_campoextrav_campoExtra_id_a86744d9_fk_proyecto_; Type: FK CONSTRAINT; Schema: public; Owner: admin4
--

ALTER TABLE ONLY public.proyecto_campoextravalores
    ADD CONSTRAINT "proyecto_campoextrav_campoExtra_id_a86744d9_fk_proyecto_" FOREIGN KEY ("campoExtra_id") REFERENCES public.proyecto_campoextra(id) DEFERRABLE INITIALLY DEFERRED;


--
-- TOC entry 3486 (class 2606 OID 72108)
-- Name: proyecto_fase_items proyecto_fase_items_fase_id_32cb5f6a_fk_proyecto_fase_id; Type: FK CONSTRAINT; Schema: public; Owner: admin4
--

ALTER TABLE ONLY public.proyecto_fase_items
    ADD CONSTRAINT proyecto_fase_items_fase_id_32cb5f6a_fk_proyecto_fase_id FOREIGN KEY (fase_id) REFERENCES public.proyecto_fase(id) DEFERRABLE INITIALLY DEFERRED;


--
-- TOC entry 3487 (class 2606 OID 72113)
-- Name: proyecto_fase_items proyecto_fase_items_item_id_d1ac1a97_fk_proyecto_item_id; Type: FK CONSTRAINT; Schema: public; Owner: admin4
--

ALTER TABLE ONLY public.proyecto_fase_items
    ADD CONSTRAINT proyecto_fase_items_item_id_d1ac1a97_fk_proyecto_item_id FOREIGN KEY (item_id) REFERENCES public.proyecto_item(id) DEFERRABLE INITIALLY DEFERRED;


--
-- TOC entry 3488 (class 2606 OID 72122)
-- Name: proyecto_fase_lineasBase proyecto_fase_lineasBase_fase_id_b61d849c_fk_proyecto_fase_id; Type: FK CONSTRAINT; Schema: public; Owner: admin4
--

ALTER TABLE ONLY public."proyecto_fase_lineasBase"
    ADD CONSTRAINT "proyecto_fase_lineasBase_fase_id_b61d849c_fk_proyecto_fase_id" FOREIGN KEY (fase_id) REFERENCES public.proyecto_fase(id) DEFERRABLE INITIALLY DEFERRED;


--
-- TOC entry 3489 (class 2606 OID 72127)
-- Name: proyecto_fase_lineasBase proyecto_fase_lineas_lineabase_id_bb9a399f_fk_proyecto_; Type: FK CONSTRAINT; Schema: public; Owner: admin4
--

ALTER TABLE ONLY public."proyecto_fase_lineasBase"
    ADD CONSTRAINT proyecto_fase_lineas_lineabase_id_bb9a399f_fk_proyecto_ FOREIGN KEY (lineabase_id) REFERENCES public.proyecto_lineabase(id) DEFERRABLE INITIALLY DEFERRED;


--
-- TOC entry 3491 (class 2606 OID 72141)
-- Name: proyecto_fase_tipoItem proyecto_fase_tipoIt_tipodeitem_id_1c3c3112_fk_proyecto_; Type: FK CONSTRAINT; Schema: public; Owner: admin4
--

ALTER TABLE ONLY public."proyecto_fase_tipoItem"
    ADD CONSTRAINT "proyecto_fase_tipoIt_tipodeitem_id_1c3c3112_fk_proyecto_" FOREIGN KEY (tipodeitem_id) REFERENCES public.proyecto_tipodeitem(id) DEFERRABLE INITIALLY DEFERRED;


--
-- TOC entry 3490 (class 2606 OID 72136)
-- Name: proyecto_fase_tipoItem proyecto_fase_tipoItem_fase_id_50e7721f_fk_proyecto_fase_id; Type: FK CONSTRAINT; Schema: public; Owner: admin4
--

ALTER TABLE ONLY public."proyecto_fase_tipoItem"
    ADD CONSTRAINT "proyecto_fase_tipoItem_fase_id_50e7721f_fk_proyecto_fase_id" FOREIGN KEY (fase_id) REFERENCES public.proyecto_fase(id) DEFERRABLE INITIALLY DEFERRED;


--
-- TOC entry 3450 (class 2606 OID 71878)
-- Name: proyecto_faseuser proyecto_faseuser_fase_id_6dc1fc77_fk_proyecto_fase_id; Type: FK CONSTRAINT; Schema: public; Owner: admin4
--

ALTER TABLE ONLY public.proyecto_faseuser
    ADD CONSTRAINT proyecto_faseuser_fase_id_6dc1fc77_fk_proyecto_fase_id FOREIGN KEY (fase_id) REFERENCES public.proyecto_fase(id) DEFERRABLE INITIALLY DEFERRED;


--
-- TOC entry 3451 (class 2606 OID 71883)
-- Name: proyecto_faseuser proyecto_faseuser_user_id_e5c38dae_fk_auth_user_id; Type: FK CONSTRAINT; Schema: public; Owner: admin4
--

ALTER TABLE ONLY public.proyecto_faseuser
    ADD CONSTRAINT proyecto_faseuser_user_id_e5c38dae_fk_auth_user_id FOREIGN KEY (user_id) REFERENCES public.auth_user(id) DEFERRABLE INITIALLY DEFERRED;


--
-- TOC entry 3485 (class 2606 OID 72100)
-- Name: proyecto_files proyecto_files_item_id_8ae05767_fk_proyecto_item_id; Type: FK CONSTRAINT; Schema: public; Owner: admin4
--

ALTER TABLE ONLY public.proyecto_files
    ADD CONSTRAINT proyecto_files_item_id_8ae05767_fk_proyecto_item_id FOREIGN KEY (item_id) REFERENCES public.proyecto_item(id) DEFERRABLE INITIALLY DEFERRED;


--
-- TOC entry 3452 (class 2606 OID 71833)
-- Name: proyecto_item proyecto_item_tipoItem_id_128f6e1f_fk_proyecto_tipodeitem_id; Type: FK CONSTRAINT; Schema: public; Owner: admin4
--

ALTER TABLE ONLY public.proyecto_item
    ADD CONSTRAINT "proyecto_item_tipoItem_id_128f6e1f_fk_proyecto_tipodeitem_id" FOREIGN KEY ("tipoItem_id") REFERENCES public.proyecto_tipodeitem(id) DEFERRABLE INITIALLY DEFERRED;


--
-- TOC entry 3478 (class 2606 OID 72051)
-- Name: proyecto_lineabase proyecto_lineabase_creador_id_d1992641_fk_auth_user_id; Type: FK CONSTRAINT; Schema: public; Owner: admin4
--

ALTER TABLE ONLY public.proyecto_lineabase
    ADD CONSTRAINT proyecto_lineabase_creador_id_d1992641_fk_auth_user_id FOREIGN KEY (creador_id) REFERENCES public.auth_user(id) DEFERRABLE INITIALLY DEFERRED;


--
-- TOC entry 3479 (class 2606 OID 72059)
-- Name: proyecto_lineabase_items proyecto_lineabase_i_lineabase_id_e3c4ff62_fk_proyecto_; Type: FK CONSTRAINT; Schema: public; Owner: admin4
--

ALTER TABLE ONLY public.proyecto_lineabase_items
    ADD CONSTRAINT proyecto_lineabase_i_lineabase_id_e3c4ff62_fk_proyecto_ FOREIGN KEY (lineabase_id) REFERENCES public.proyecto_lineabase(id) DEFERRABLE INITIALLY DEFERRED;


--
-- TOC entry 3480 (class 2606 OID 72064)
-- Name: proyecto_lineabase_items proyecto_lineabase_items_item_id_712992d9_fk_proyecto_item_id; Type: FK CONSTRAINT; Schema: public; Owner: admin4
--

ALTER TABLE ONLY public.proyecto_lineabase_items
    ADD CONSTRAINT proyecto_lineabase_items_item_id_712992d9_fk_proyecto_item_id FOREIGN KEY (item_id) REFERENCES public.proyecto_item(id) DEFERRABLE INITIALLY DEFERRED;


--
-- TOC entry 3483 (class 2606 OID 72087)
-- Name: proyecto_lineabase_roturaslineasBase proyecto_lineabase_r_lineabase_id_0d7b707d_fk_proyecto_; Type: FK CONSTRAINT; Schema: public; Owner: admin4
--

ALTER TABLE ONLY public."proyecto_lineabase_roturaslineasBase"
    ADD CONSTRAINT proyecto_lineabase_r_lineabase_id_0d7b707d_fk_proyecto_ FOREIGN KEY (lineabase_id) REFERENCES public.proyecto_lineabase(id) DEFERRABLE INITIALLY DEFERRED;


--
-- TOC entry 3481 (class 2606 OID 72073)
-- Name: proyecto_lineabase_roturaLineaBaseComprometida proyecto_lineabase_r_lineabase_id_70f0363c_fk_proyecto_; Type: FK CONSTRAINT; Schema: public; Owner: admin4
--

ALTER TABLE ONLY public."proyecto_lineabase_roturaLineaBaseComprometida"
    ADD CONSTRAINT proyecto_lineabase_r_lineabase_id_70f0363c_fk_proyecto_ FOREIGN KEY (lineabase_id) REFERENCES public.proyecto_lineabase(id) DEFERRABLE INITIALLY DEFERRED;


--
-- TOC entry 3484 (class 2606 OID 72092)
-- Name: proyecto_lineabase_roturaslineasBase proyecto_lineabase_r_roturalineabase_id_ef3b2d57_fk_proyecto_; Type: FK CONSTRAINT; Schema: public; Owner: admin4
--

ALTER TABLE ONLY public."proyecto_lineabase_roturaslineasBase"
    ADD CONSTRAINT proyecto_lineabase_r_roturalineabase_id_ef3b2d57_fk_proyecto_ FOREIGN KEY (roturalineabase_id) REFERENCES public.proyecto_roturalineabase(id) DEFERRABLE INITIALLY DEFERRED;


--
-- TOC entry 3482 (class 2606 OID 72078)
-- Name: proyecto_lineabase_roturaLineaBaseComprometida proyecto_lineabase_r_roturalineabasecompr_e47fab52_fk_proyecto_; Type: FK CONSTRAINT; Schema: public; Owner: admin4
--

ALTER TABLE ONLY public."proyecto_lineabase_roturaLineaBaseComprometida"
    ADD CONSTRAINT proyecto_lineabase_r_roturalineabasecompr_e47fab52_fk_proyecto_ FOREIGN KEY (roturalineabasecomprometida_id) REFERENCES public.proyecto_roturalineabasecomprometida(id) DEFERRABLE INITIALLY DEFERRED;


--
-- TOC entry 3455 (class 2606 OID 71898)
-- Name: proyecto_proyecto_comite proyecto_proyecto_co_proyecto_id_34277348_fk_proyecto_; Type: FK CONSTRAINT; Schema: public; Owner: admin4
--

ALTER TABLE ONLY public.proyecto_proyecto_comite
    ADD CONSTRAINT proyecto_proyecto_co_proyecto_id_34277348_fk_proyecto_ FOREIGN KEY (proyecto_id) REFERENCES public.proyecto_proyecto(id) DEFERRABLE INITIALLY DEFERRED;


--
-- TOC entry 3456 (class 2606 OID 71903)
-- Name: proyecto_proyecto_comite proyecto_proyecto_comite_user_id_b493c25a_fk_auth_user_id; Type: FK CONSTRAINT; Schema: public; Owner: admin4
--

ALTER TABLE ONLY public.proyecto_proyecto_comite
    ADD CONSTRAINT proyecto_proyecto_comite_user_id_b493c25a_fk_auth_user_id FOREIGN KEY (user_id) REFERENCES public.auth_user(id) DEFERRABLE INITIALLY DEFERRED;


--
-- TOC entry 3454 (class 2606 OID 71890)
-- Name: proyecto_proyecto proyecto_proyecto_creador_id_779d238f_fk_auth_user_id; Type: FK CONSTRAINT; Schema: public; Owner: admin4
--

ALTER TABLE ONLY public.proyecto_proyecto
    ADD CONSTRAINT proyecto_proyecto_creador_id_779d238f_fk_auth_user_id FOREIGN KEY (creador_id) REFERENCES public.auth_user(id) DEFERRABLE INITIALLY DEFERRED;


--
-- TOC entry 3453 (class 2606 OID 71772)
-- Name: proyecto_proyecto proyecto_proyecto_gerente_id_ee5d5cda_fk_auth_user_id; Type: FK CONSTRAINT; Schema: public; Owner: admin4
--

ALTER TABLE ONLY public.proyecto_proyecto
    ADD CONSTRAINT proyecto_proyecto_gerente_id_ee5d5cda_fk_auth_user_id FOREIGN KEY (gerente_id) REFERENCES public.auth_user(id) DEFERRABLE INITIALLY DEFERRED;


--
-- TOC entry 3472 (class 2606 OID 72011)
-- Name: proyecto_proyecto_roles proyecto_proyecto_ro_proyecto_id_011fd0d8_fk_proyecto_; Type: FK CONSTRAINT; Schema: public; Owner: admin4
--

ALTER TABLE ONLY public.proyecto_proyecto_roles
    ADD CONSTRAINT proyecto_proyecto_ro_proyecto_id_011fd0d8_fk_proyecto_ FOREIGN KEY (proyecto_id) REFERENCES public.proyecto_proyecto(id) DEFERRABLE INITIALLY DEFERRED;


--
-- TOC entry 3473 (class 2606 OID 72016)
-- Name: proyecto_proyecto_roles proyecto_proyecto_roles_rol_id_6c488eff_fk_proyecto_rol_id; Type: FK CONSTRAINT; Schema: public; Owner: admin4
--

ALTER TABLE ONLY public.proyecto_proyecto_roles
    ADD CONSTRAINT proyecto_proyecto_roles_rol_id_6c488eff_fk_proyecto_rol_id FOREIGN KEY (rol_id) REFERENCES public.proyecto_rol(id) DEFERRABLE INITIALLY DEFERRED;


--
-- TOC entry 3474 (class 2606 OID 72025)
-- Name: proyecto_proyecto_tipoItem proyecto_proyecto_ti_proyecto_id_ff241a30_fk_proyecto_; Type: FK CONSTRAINT; Schema: public; Owner: admin4
--

ALTER TABLE ONLY public."proyecto_proyecto_tipoItem"
    ADD CONSTRAINT proyecto_proyecto_ti_proyecto_id_ff241a30_fk_proyecto_ FOREIGN KEY (proyecto_id) REFERENCES public.proyecto_proyecto(id) DEFERRABLE INITIALLY DEFERRED;


--
-- TOC entry 3475 (class 2606 OID 72030)
-- Name: proyecto_proyecto_tipoItem proyecto_proyecto_ti_tipodeitem_id_fb19887c_fk_proyecto_; Type: FK CONSTRAINT; Schema: public; Owner: admin4
--

ALTER TABLE ONLY public."proyecto_proyecto_tipoItem"
    ADD CONSTRAINT proyecto_proyecto_ti_tipodeitem_id_fb19887c_fk_proyecto_ FOREIGN KEY (tipodeitem_id) REFERENCES public.proyecto_tipodeitem(id) DEFERRABLE INITIALLY DEFERRED;


--
-- TOC entry 3476 (class 2606 OID 72039)
-- Name: proyecto_proyecto_usuarios proyecto_proyecto_us_proyecto_id_341e5c4f_fk_proyecto_; Type: FK CONSTRAINT; Schema: public; Owner: admin4
--

ALTER TABLE ONLY public.proyecto_proyecto_usuarios
    ADD CONSTRAINT proyecto_proyecto_us_proyecto_id_341e5c4f_fk_proyecto_ FOREIGN KEY (proyecto_id) REFERENCES public.proyecto_proyecto(id) DEFERRABLE INITIALLY DEFERRED;


--
-- TOC entry 3477 (class 2606 OID 72044)
-- Name: proyecto_proyecto_usuarios proyecto_proyecto_usuarios_user_id_40413335_fk_auth_user_id; Type: FK CONSTRAINT; Schema: public; Owner: admin4
--

ALTER TABLE ONLY public.proyecto_proyecto_usuarios
    ADD CONSTRAINT proyecto_proyecto_usuarios_user_id_40413335_fk_auth_user_id FOREIGN KEY (user_id) REFERENCES public.auth_user(id) DEFERRABLE INITIALLY DEFERRED;


--
-- TOC entry 3471 (class 2606 OID 72001)
-- Name: proyecto_proyectofase proyecto_proyectofas_proyecto_id_d4523139_fk_proyecto_; Type: FK CONSTRAINT; Schema: public; Owner: admin4
--

ALTER TABLE ONLY public.proyecto_proyectofase
    ADD CONSTRAINT proyecto_proyectofas_proyecto_id_d4523139_fk_proyecto_ FOREIGN KEY (proyecto_id) REFERENCES public.proyecto_proyecto(id) DEFERRABLE INITIALLY DEFERRED;


--
-- TOC entry 3470 (class 2606 OID 71996)
-- Name: proyecto_proyectofase proyecto_proyectofase_fase_id_60b0ce49_fk_proyecto_fase_id; Type: FK CONSTRAINT; Schema: public; Owner: admin4
--

ALTER TABLE ONLY public.proyecto_proyectofase
    ADD CONSTRAINT proyecto_proyectofase_fase_id_60b0ce49_fk_proyecto_fase_id FOREIGN KEY (fase_id) REFERENCES public.proyecto_fase(id) DEFERRABLE INITIALLY DEFERRED;


--
-- TOC entry 3467 (class 2606 OID 71978)
-- Name: proyecto_relacion proyecto_relacion_fase_item_to_id_b20ec32a_fk_proyecto_fase_id; Type: FK CONSTRAINT; Schema: public; Owner: admin4
--

ALTER TABLE ONLY public.proyecto_relacion
    ADD CONSTRAINT proyecto_relacion_fase_item_to_id_b20ec32a_fk_proyecto_fase_id FOREIGN KEY (fase_item_to_id) REFERENCES public.proyecto_fase(id) DEFERRABLE INITIALLY DEFERRED;


--
-- TOC entry 3468 (class 2606 OID 71983)
-- Name: proyecto_relacion proyecto_relacion_item_from_id_59c50c90_fk_proyecto_item_id; Type: FK CONSTRAINT; Schema: public; Owner: admin4
--

ALTER TABLE ONLY public.proyecto_relacion
    ADD CONSTRAINT proyecto_relacion_item_from_id_59c50c90_fk_proyecto_item_id FOREIGN KEY (item_from_id) REFERENCES public.proyecto_item(id) DEFERRABLE INITIALLY DEFERRED;


--
-- TOC entry 3469 (class 2606 OID 71988)
-- Name: proyecto_relacion proyecto_relacion_item_to_id_d568e2e7_fk_proyecto_item_id; Type: FK CONSTRAINT; Schema: public; Owner: admin4
--

ALTER TABLE ONLY public.proyecto_relacion
    ADD CONSTRAINT proyecto_relacion_item_to_id_d568e2e7_fk_proyecto_item_id FOREIGN KEY (item_to_id) REFERENCES public.proyecto_item(id) DEFERRABLE INITIALLY DEFERRED;


--
-- TOC entry 3466 (class 2606 OID 71971)
-- Name: proyecto_rol_faseUser proyecto_rol_faseUse_faseuser_id_928ffc25_fk_proyecto_; Type: FK CONSTRAINT; Schema: public; Owner: admin4
--

ALTER TABLE ONLY public."proyecto_rol_faseUser"
    ADD CONSTRAINT "proyecto_rol_faseUse_faseuser_id_928ffc25_fk_proyecto_" FOREIGN KEY (faseuser_id) REFERENCES public.proyecto_faseuser(id) DEFERRABLE INITIALLY DEFERRED;


--
-- TOC entry 3465 (class 2606 OID 71966)
-- Name: proyecto_rol_faseUser proyecto_rol_faseUser_rol_id_e6678dbd_fk_proyecto_rol_id; Type: FK CONSTRAINT; Schema: public; Owner: admin4
--

ALTER TABLE ONLY public."proyecto_rol_faseUser"
    ADD CONSTRAINT "proyecto_rol_faseUser_rol_id_e6678dbd_fk_proyecto_rol_id" FOREIGN KEY (rol_id) REFERENCES public.proyecto_rol(id) DEFERRABLE INITIALLY DEFERRED;


--
-- TOC entry 3464 (class 2606 OID 71958)
-- Name: proyecto_rol proyecto_rol_perms_id_ce959eec_fk_auth_group_id; Type: FK CONSTRAINT; Schema: public; Owner: admin4
--

ALTER TABLE ONLY public.proyecto_rol
    ADD CONSTRAINT proyecto_rol_perms_id_ce959eec_fk_auth_group_id FOREIGN KEY (perms_id) REFERENCES public.auth_group(id) DEFERRABLE INITIALLY DEFERRED;


--
-- TOC entry 3461 (class 2606 OID 71937)
-- Name: proyecto_roturalineabase_items_implicados proyecto_roturalinea_item_id_217b61f1_fk_proyecto_; Type: FK CONSTRAINT; Schema: public; Owner: admin4
--

ALTER TABLE ONLY public.proyecto_roturalineabase_items_implicados
    ADD CONSTRAINT proyecto_roturalinea_item_id_217b61f1_fk_proyecto_ FOREIGN KEY (item_id) REFERENCES public.proyecto_item(id) DEFERRABLE INITIALLY DEFERRED;


--
-- TOC entry 3462 (class 2606 OID 71946)
-- Name: proyecto_roturalineabase_votos_registrados proyecto_roturalinea_roturalineabase_id_70bcafa3_fk_proyecto_; Type: FK CONSTRAINT; Schema: public; Owner: admin4
--

ALTER TABLE ONLY public.proyecto_roturalineabase_votos_registrados
    ADD CONSTRAINT proyecto_roturalinea_roturalineabase_id_70bcafa3_fk_proyecto_ FOREIGN KEY (roturalineabase_id) REFERENCES public.proyecto_roturalineabase(id) DEFERRABLE INITIALLY DEFERRED;


--
-- TOC entry 3460 (class 2606 OID 71932)
-- Name: proyecto_roturalineabase_items_implicados proyecto_roturalinea_roturalineabase_id_8a1c5101_fk_proyecto_; Type: FK CONSTRAINT; Schema: public; Owner: admin4
--

ALTER TABLE ONLY public.proyecto_roturalineabase_items_implicados
    ADD CONSTRAINT proyecto_roturalinea_roturalineabase_id_8a1c5101_fk_proyecto_ FOREIGN KEY (roturalineabase_id) REFERENCES public.proyecto_roturalineabase(id) DEFERRABLE INITIALLY DEFERRED;


--
-- TOC entry 3457 (class 2606 OID 71912)
-- Name: proyecto_roturalineabasecomprometida_registrados_votos_comp6f7e proyecto_roturalinea_roturalineabasecompr_cd6eef26_fk_proyecto_; Type: FK CONSTRAINT; Schema: public; Owner: admin4
--

ALTER TABLE ONLY public.proyecto_roturalineabasecomprometida_registrados_votos_comp6f7e
    ADD CONSTRAINT proyecto_roturalinea_roturalineabasecompr_cd6eef26_fk_proyecto_ FOREIGN KEY (roturalineabasecomprometida_id) REFERENCES public.proyecto_roturalineabasecomprometida(id) DEFERRABLE INITIALLY DEFERRED;


--
-- TOC entry 3459 (class 2606 OID 71924)
-- Name: proyecto_roturalineabase proyecto_roturalinea_solicitante_id_74636dbb_fk_auth_user; Type: FK CONSTRAINT; Schema: public; Owner: admin4
--

ALTER TABLE ONLY public.proyecto_roturalineabase
    ADD CONSTRAINT proyecto_roturalinea_solicitante_id_74636dbb_fk_auth_user FOREIGN KEY (solicitante_id) REFERENCES public.auth_user(id) DEFERRABLE INITIALLY DEFERRED;


--
-- TOC entry 3463 (class 2606 OID 71951)
-- Name: proyecto_roturalineabase_votos_registrados proyecto_roturalinea_user_id_3dfd2dad_fk_auth_user; Type: FK CONSTRAINT; Schema: public; Owner: admin4
--

ALTER TABLE ONLY public.proyecto_roturalineabase_votos_registrados
    ADD CONSTRAINT proyecto_roturalinea_user_id_3dfd2dad_fk_auth_user FOREIGN KEY (user_id) REFERENCES public.auth_user(id) DEFERRABLE INITIALLY DEFERRED;


--
-- TOC entry 3458 (class 2606 OID 71917)
-- Name: proyecto_roturalineabasecomprometida_registrados_votos_comp6f7e proyecto_roturalinea_user_id_f3c8e163_fk_auth_user; Type: FK CONSTRAINT; Schema: public; Owner: admin4
--

ALTER TABLE ONLY public.proyecto_roturalineabasecomprometida_registrados_votos_comp6f7e
    ADD CONSTRAINT proyecto_roturalinea_user_id_f3c8e163_fk_auth_user FOREIGN KEY (user_id) REFERENCES public.auth_user(id) DEFERRABLE INITIALLY DEFERRED;


--
-- TOC entry 3493 (class 2606 OID 72179)
-- Name: reversion_revision reversion_revision_user_id_17095f45_fk_auth_user_id; Type: FK CONSTRAINT; Schema: public; Owner: admin4
--

ALTER TABLE ONLY public.reversion_revision
    ADD CONSTRAINT reversion_revision_user_id_17095f45_fk_auth_user_id FOREIGN KEY (user_id) REFERENCES public.auth_user(id) DEFERRABLE INITIALLY DEFERRED;


--
-- TOC entry 3494 (class 2606 OID 72186)
-- Name: reversion_version reversion_version_content_type_id_7d0ff25c_fk_django_co; Type: FK CONSTRAINT; Schema: public; Owner: admin4
--

ALTER TABLE ONLY public.reversion_version
    ADD CONSTRAINT reversion_version_content_type_id_7d0ff25c_fk_django_co FOREIGN KEY (content_type_id) REFERENCES public.django_content_type(id) DEFERRABLE INITIALLY DEFERRED;


--
-- TOC entry 3495 (class 2606 OID 72191)
-- Name: reversion_version reversion_version_revision_id_af9f6a9d_fk_reversion_revision_id; Type: FK CONSTRAINT; Schema: public; Owner: admin4
--

ALTER TABLE ONLY public.reversion_version
    ADD CONSTRAINT reversion_version_revision_id_af9f6a9d_fk_reversion_revision_id FOREIGN KEY (revision_id) REFERENCES public.reversion_revision(id) DEFERRABLE INITIALLY DEFERRED;


--
-- TOC entry 3499 (class 2606 OID 72281)
-- Name: socialaccount_socialtoken socialaccount_social_account_id_951f210e_fk_socialacc; Type: FK CONSTRAINT; Schema: public; Owner: admin4
--

ALTER TABLE ONLY public.socialaccount_socialtoken
    ADD CONSTRAINT socialaccount_social_account_id_951f210e_fk_socialacc FOREIGN KEY (account_id) REFERENCES public.socialaccount_socialaccount(id) DEFERRABLE INITIALLY DEFERRED;


--
-- TOC entry 3500 (class 2606 OID 72286)
-- Name: socialaccount_socialtoken socialaccount_social_app_id_636a42d7_fk_socialacc; Type: FK CONSTRAINT; Schema: public; Owner: admin4
--

ALTER TABLE ONLY public.socialaccount_socialtoken
    ADD CONSTRAINT socialaccount_social_app_id_636a42d7_fk_socialacc FOREIGN KEY (app_id) REFERENCES public.socialaccount_socialapp(id) DEFERRABLE INITIALLY DEFERRED;


--
-- TOC entry 3498 (class 2606 OID 72274)
-- Name: socialaccount_socialapp_sites socialaccount_social_site_id_2579dee5_fk_django_si; Type: FK CONSTRAINT; Schema: public; Owner: admin4
--

ALTER TABLE ONLY public.socialaccount_socialapp_sites
    ADD CONSTRAINT socialaccount_social_site_id_2579dee5_fk_django_si FOREIGN KEY (site_id) REFERENCES public.django_site(id) DEFERRABLE INITIALLY DEFERRED;


--
-- TOC entry 3497 (class 2606 OID 72269)
-- Name: socialaccount_socialapp_sites socialaccount_social_socialapp_id_97fb6e7d_fk_socialacc; Type: FK CONSTRAINT; Schema: public; Owner: admin4
--

ALTER TABLE ONLY public.socialaccount_socialapp_sites
    ADD CONSTRAINT socialaccount_social_socialapp_id_97fb6e7d_fk_socialacc FOREIGN KEY (socialapp_id) REFERENCES public.socialaccount_socialapp(id) DEFERRABLE INITIALLY DEFERRED;


--
-- TOC entry 3496 (class 2606 OID 72261)
-- Name: socialaccount_socialaccount socialaccount_socialaccount_user_id_8146e70c_fk_auth_user_id; Type: FK CONSTRAINT; Schema: public; Owner: admin4
--

ALTER TABLE ONLY public.socialaccount_socialaccount
    ADD CONSTRAINT socialaccount_socialaccount_user_id_8146e70c_fk_auth_user_id FOREIGN KEY (user_id) REFERENCES public.auth_user(id) DEFERRABLE INITIALLY DEFERRED;


-- Completed on 2020-10-16 12:16:49 -03

--
-- PostgreSQL database dump complete
--

